[2025-11-27 14:14:19] ERROR: Ошибка WebSocket соединения | Context: {"connection_id":386,"user_id":2,"remote_address":"127.0.0.1","error":"Unable to write to stream: fwrite(): SSL operation failed with code 1. OpenSSL Error messages:\nerror:1420C0CF:SSL routines:ssl_write_internal:protocol is shutdown","file":"F:\\OpenServer\\domains\\ogas\\vendor\\react\\stream\\src\\WritableResourceStream.php","line":150,"trace":"#0 F:\\OpenServer\\domains\\ogas\\vendor\\react\\event-loop\\src\\StreamSelectLoop.php(254): React\\Stream\\WritableResourceStream->handleWrite()\n#1 F:\\OpenServer\\domains\\ogas\\vendor\\react\\event-loop\\src\\StreamSelectLoop.php(213): React\\EventLoop\\StreamSelectLoop->waitForStreamActivity()\n#2 F:\\OpenServer\\domains\\ogas\\vendor\\cboden\\ratchet\\src\\Ratchet\\Server\\IoServer.php(74): React\\EventLoop\\StreamSelectLoop->run()\n#3 F:\\OpenServer\\domains\\ogas\\websocket\\chat-server.php(1341): Ratchet\\Server\\IoServer->run()\n#4 {main}"}
[2025-11-27 14:15:55] ERROR: Ошибка WebSocket соединения | Context: {"connection_id":129,"user_id":2,"remote_address":"127.0.0.1","error":"Unable to write to stream: fwrite(): SSL operation failed with code 1. OpenSSL Error messages:\nerror:1420C0CF:SSL routines:ssl_write_internal:protocol is shutdown","file":"F:\\OpenServer\\domains\\ogas\\vendor\\react\\stream\\src\\WritableResourceStream.php","line":150,"trace":"#0 F:\\OpenServer\\domains\\ogas\\vendor\\react\\event-loop\\src\\StreamSelectLoop.php(254): React\\Stream\\WritableResourceStream->handleWrite()\n#1 F:\\OpenServer\\domains\\ogas\\vendor\\react\\event-loop\\src\\StreamSelectLoop.php(213): React\\EventLoop\\StreamSelectLoop->waitForStreamActivity()\n#2 F:\\OpenServer\\domains\\ogas\\vendor\\cboden\\ratchet\\src\\Ratchet\\Server\\IoServer.php(74): React\\EventLoop\\StreamSelectLoop->run()\n#3 F:\\OpenServer\\domains\\ogas\\websocket\\chat-server.php(1426): Ratchet\\Server\\IoServer->run()\n#4 {main}"}
[2025-11-27 14:17:01] ERROR: Ошибка WebSocket соединения | Context: {"connection_id":186,"user_id":2,"remote_address":"127.0.0.1","error":"Unable to write to stream: fwrite(): SSL operation failed with code 1. OpenSSL Error messages:\nerror:1420C0CF:SSL routines:ssl_write_internal:protocol is shutdown","file":"F:\\OpenServer\\domains\\ogas\\vendor\\react\\stream\\src\\WritableResourceStream.php","line":150,"trace":"#0 F:\\OpenServer\\domains\\ogas\\vendor\\react\\event-loop\\src\\StreamSelectLoop.php(254): React\\Stream\\WritableResourceStream->handleWrite()\n#1 F:\\OpenServer\\domains\\ogas\\vendor\\react\\event-loop\\src\\StreamSelectLoop.php(213): React\\EventLoop\\StreamSelectLoop->waitForStreamActivity()\n#2 F:\\OpenServer\\domains\\ogas\\vendor\\cboden\\ratchet\\src\\Ratchet\\Server\\IoServer.php(74): React\\EventLoop\\StreamSelectLoop->run()\n#3 F:\\OpenServer\\domains\\ogas\\websocket\\chat-server.php(1426): Ratchet\\Server\\IoServer->run()\n#4 {main}"}
[2025-11-27 14:24:01] ERROR: Ошибка WebSocket соединения | Context: {"connection_id":193,"user_id":2,"remote_address":"127.0.0.1","error":"Unable to write to stream: fwrite(): SSL operation failed with code 1. OpenSSL Error messages:\nerror:1420C0CF:SSL routines:ssl_write_internal:protocol is shutdown","file":"F:\\OpenServer\\domains\\ogas\\vendor\\react\\stream\\src\\WritableResourceStream.php","line":150,"trace":"#0 F:\\OpenServer\\domains\\ogas\\vendor\\react\\event-loop\\src\\StreamSelectLoop.php(254): React\\Stream\\WritableResourceStream->handleWrite()\n#1 F:\\OpenServer\\domains\\ogas\\vendor\\react\\event-loop\\src\\StreamSelectLoop.php(213): React\\EventLoop\\StreamSelectLoop->waitForStreamActivity()\n#2 F:\\OpenServer\\domains\\ogas\\vendor\\cboden\\ratchet\\src\\Ratchet\\Server\\IoServer.php(74): React\\EventLoop\\StreamSelectLoop->run()\n#3 F:\\OpenServer\\domains\\ogas\\websocket\\chat-server.php(1426): Ratchet\\Server\\IoServer->run()\n#4 {main}"}
[2025-11-27 14:27:26] ERROR: Ошибка WebSocket соединения | Context: {"connection_id":514,"user_id":3,"remote_address":"127.0.0.1","error":"Unable to write to stream: fwrite(): SSL operation failed with code 1. OpenSSL Error messages:\nerror:1420C0CF:SSL routines:ssl_write_internal:protocol is shutdown","file":"F:\\OpenServer\\domains\\ogas\\vendor\\react\\stream\\src\\WritableResourceStream.php","line":150,"trace":"#0 F:\\OpenServer\\domains\\ogas\\vendor\\react\\event-loop\\src\\StreamSelectLoop.php(254): React\\Stream\\WritableResourceStream->handleWrite()\n#1 F:\\OpenServer\\domains\\ogas\\vendor\\react\\event-loop\\src\\StreamSelectLoop.php(213): React\\EventLoop\\StreamSelectLoop->waitForStreamActivity()\n#2 F:\\OpenServer\\domains\\ogas\\vendor\\cboden\\ratchet\\src\\Ratchet\\Server\\IoServer.php(74): React\\EventLoop\\StreamSelectLoop->run()\n#3 F:\\OpenServer\\domains\\ogas\\websocket\\chat-server.php(1426): Ratchet\\Server\\IoServer->run()\n#4 {main}"}
[2025-11-27 14:30:47] ERROR: Ошибка WebSocket соединения | Context: {"connection_id":946,"user_id":3,"remote_address":"127.0.0.1","error":"Unable to write to stream: fwrite(): SSL operation failed with code 1. OpenSSL Error messages:\nerror:1420C0CF:SSL routines:ssl_write_internal:protocol is shutdown","file":"F:\\OpenServer\\domains\\ogas\\vendor\\react\\stream\\src\\WritableResourceStream.php","line":150,"trace":"#0 F:\\OpenServer\\domains\\ogas\\vendor\\react\\event-loop\\src\\StreamSelectLoop.php(254): React\\Stream\\WritableResourceStream->handleWrite()\n#1 F:\\OpenServer\\domains\\ogas\\vendor\\react\\event-loop\\src\\StreamSelectLoop.php(213): React\\EventLoop\\StreamSelectLoop->waitForStreamActivity()\n#2 F:\\OpenServer\\domains\\ogas\\vendor\\cboden\\ratchet\\src\\Ratchet\\Server\\IoServer.php(74): React\\EventLoop\\StreamSelectLoop->run()\n#3 F:\\OpenServer\\domains\\ogas\\websocket\\chat-server.php(1426): Ratchet\\Server\\IoServer->run()\n#4 {main}"}
[2025-11-27 14:31:49] ERROR: Ошибка WebSocket соединения | Context: {"connection_id":62,"user_id":2,"remote_address":"127.0.0.1","error":"Unable to write to stream: fwrite(): SSL operation failed with code 1. OpenSSL Error messages:\nerror:1420C0CF:SSL routines:ssl_write_internal:protocol is shutdown","file":"F:\\OpenServer\\domains\\ogas\\vendor\\react\\stream\\src\\WritableResourceStream.php","line":150,"trace":"#0 F:\\OpenServer\\domains\\ogas\\vendor\\react\\event-loop\\src\\StreamSelectLoop.php(254): React\\Stream\\WritableResourceStream->handleWrite()\n#1 F:\\OpenServer\\domains\\ogas\\vendor\\react\\event-loop\\src\\StreamSelectLoop.php(213): React\\EventLoop\\StreamSelectLoop->waitForStreamActivity()\n#2 F:\\OpenServer\\domains\\ogas\\vendor\\cboden\\ratchet\\src\\Ratchet\\Server\\IoServer.php(74): React\\EventLoop\\StreamSelectLoop->run()\n#3 F:\\OpenServer\\domains\\ogas\\websocket\\chat-server.php(1469): Ratchet\\Server\\IoServer->run()\n#4 {main}"}
[2025-11-27 14:31:51] ERROR: Ошибка WebSocket соединения | Context: {"connection_id":74,"user_id":3,"remote_address":"127.0.0.1","error":"Unable to write to stream: fwrite(): SSL operation failed with code 1. OpenSSL Error messages:\nerror:1420C0CF:SSL routines:ssl_write_internal:protocol is shutdown","file":"F:\\OpenServer\\domains\\ogas\\vendor\\react\\stream\\src\\WritableResourceStream.php","line":150,"trace":"#0 F:\\OpenServer\\domains\\ogas\\vendor\\react\\event-loop\\src\\StreamSelectLoop.php(254): React\\Stream\\WritableResourceStream->handleWrite()\n#1 F:\\OpenServer\\domains\\ogas\\vendor\\react\\event-loop\\src\\StreamSelectLoop.php(213): React\\EventLoop\\StreamSelectLoop->waitForStreamActivity()\n#2 F:\\OpenServer\\domains\\ogas\\vendor\\cboden\\ratchet\\src\\Ratchet\\Server\\IoServer.php(74): React\\EventLoop\\StreamSelectLoop->run()\n#3 F:\\OpenServer\\domains\\ogas\\websocket\\chat-server.php(1469): Ratchet\\Server\\IoServer->run()\n#4 {main}"}
[2025-11-27 14:37:29] ERROR: Ошибка WebSocket соединения | Context: {"connection_id":607,"user_id":2,"remote_address":"127.0.0.1","error":"Unable to write to stream: fwrite(): SSL operation failed with code 1. OpenSSL Error messages:\nerror:1420C0CF:SSL routines:ssl_write_internal:protocol is shutdown","file":"F:\\OpenServer\\domains\\ogas\\vendor\\react\\stream\\src\\WritableResourceStream.php","line":150,"trace":"#0 F:\\OpenServer\\domains\\ogas\\vendor\\react\\event-loop\\src\\StreamSelectLoop.php(254): React\\Stream\\WritableResourceStream->handleWrite()\n#1 F:\\OpenServer\\domains\\ogas\\vendor\\react\\event-loop\\src\\StreamSelectLoop.php(213): React\\EventLoop\\StreamSelectLoop->waitForStreamActivity()\n#2 F:\\OpenServer\\domains\\ogas\\vendor\\cboden\\ratchet\\src\\Ratchet\\Server\\IoServer.php(74): React\\EventLoop\\StreamSelectLoop->run()\n#3 F:\\OpenServer\\domains\\ogas\\websocket\\chat-server.php(1469): Ratchet\\Server\\IoServer->run()\n#4 {main}"}
[2025-11-28 11:21:08] ERROR: Ошибка WebSocket соединения | Context: {"connection_id":145,"user_id":2,"remote_address":"127.0.0.1","error":"Unable to write to stream: fwrite(): SSL operation failed with code 1. OpenSSL Error messages:\nerror:1420C0CF:SSL routines:ssl_write_internal:protocol is shutdown","file":"F:\\OpenServer\\domains\\ogas\\vendor\\react\\stream\\src\\WritableResourceStream.php","line":150,"trace":"#0 F:\\OpenServer\\domains\\ogas\\vendor\\react\\event-loop\\src\\StreamSelectLoop.php(254): React\\Stream\\WritableResourceStream->handleWrite()\n#1 F:\\OpenServer\\domains\\ogas\\vendor\\react\\event-loop\\src\\StreamSelectLoop.php(213): React\\EventLoop\\StreamSelectLoop->waitForStreamActivity()\n#2 F:\\OpenServer\\domains\\ogas\\vendor\\cboden\\ratchet\\src\\Ratchet\\Server\\IoServer.php(74): React\\EventLoop\\StreamSelectLoop->run()\n#3 F:\\OpenServer\\domains\\ogas\\websocket\\chat-server.php(1469): Ratchet\\Server\\IoServer->run()\n#4 {main}"}
[2025-11-28 11:27:32] ERROR: Ошибка WebSocket соединения | Context: {"connection_id":512,"user_id":3,"remote_address":"127.0.0.1","error":"Unable to write to stream: fwrite(): SSL operation failed with code 1. OpenSSL Error messages:\nerror:1420C0CF:SSL routines:ssl_write_internal:protocol is shutdown","file":"F:\\OpenServer\\domains\\ogas\\vendor\\react\\stream\\src\\WritableResourceStream.php","line":150,"trace":"#0 F:\\OpenServer\\domains\\ogas\\vendor\\react\\event-loop\\src\\StreamSelectLoop.php(254): React\\Stream\\WritableResourceStream->handleWrite()\n#1 F:\\OpenServer\\domains\\ogas\\vendor\\react\\event-loop\\src\\StreamSelectLoop.php(213): React\\EventLoop\\StreamSelectLoop->waitForStreamActivity()\n#2 F:\\OpenServer\\domains\\ogas\\vendor\\cboden\\ratchet\\src\\Ratchet\\Server\\IoServer.php(74): React\\EventLoop\\StreamSelectLoop->run()\n#3 F:\\OpenServer\\domains\\ogas\\websocket\\chat-server.php(1469): Ratchet\\Server\\IoServer->run()\n#4 {main}"}
[2025-12-01 00:36:04] INFO: Новое подключение | Context: {"connection_id":156,"remote_address":"127.0.0.1"}
[2025-12-01 00:40:51] INFO: WebSocket сервер инициализирован | Context: {"logging_enabled":true}
[2025-12-01 00:40:51] INFO: WebSocket сервер запущен | Context: {"ssl_enabled":true,"port":8082,"host":"mysuite.mercusysddns.com","url":"wss:\/\/mysuite.mercusysddns.com:8082"}
[2025-12-01 00:40:58] INFO: Новое подключение | Context: {"connection_id":68,"remote_address":"127.0.0.1"}
[2025-12-01 00:40:58] DEBUG: Получено сообщение | Context: {"connection_id":68,"user_id":null,"type":"auth"}
[2025-12-01 00:40:58] INFO: Пользователь аутентифицирован | Context: {"connection_id":68,"user_id":2,"user_email":"admin@ogas","total_connections":1}
[2025-12-01 00:40:58] DEBUG: Получено сообщение | Context: {"connection_id":68,"user_id":2,"type":"get_unread_counts"}
[2025-12-01 00:40:58] DEBUG: Запрос счетчиков непрочитанных | Context: {"connection_id":68,"user_id":2}
[2025-12-01 00:40:58] DEBUG: Получено сообщение | Context: {"connection_id":68,"user_id":2,"type":"subscribe_chat"}
[2025-12-01 00:40:58] INFO: Подписка на чат | Context: {"connection_id":68,"user_id":2,"chat_type":"transaction","chat_id":12,"chat_key":"transaction_12","total_subscribers":1}
[2025-12-01 00:40:58] DEBUG: Получено сообщение | Context: {"connection_id":68,"user_id":2,"type":"get_unread_counts"}
[2025-12-01 00:40:58] DEBUG: Запрос счетчиков непрочитанных | Context: {"connection_id":68,"user_id":2}
[2025-12-01 00:40:58] DEBUG: Получено сообщение | Context: {"connection_id":68,"user_id":2,"type":"mark_read"}
[2025-12-01 00:40:58] INFO: Сообщения отмечены как прочитанные | Context: {"connection_id":68,"user_id":2,"chat_type":"transaction","chat_id":12}
[2025-12-01 00:40:58] DEBUG: Обновление счетчиков непрочитанных | Context: {"user_id":2}
[2025-12-01 00:40:58] DEBUG: Получено сообщение | Context: {"connection_id":68,"user_id":2,"type":"get_unread_counts"}
[2025-12-01 00:40:58] DEBUG: Запрос счетчиков непрочитанных | Context: {"connection_id":68,"user_id":2}
[2025-12-01 00:40:58] DEBUG: Получено сообщение | Context: {"connection_id":68,"user_id":2,"type":"get_unread_counts"}
[2025-12-01 00:40:58] DEBUG: Запрос счетчиков непрочитанных | Context: {"connection_id":68,"user_id":2}
[2025-12-01 00:41:00] DEBUG: Периодическое обновление счетчиков | Context: {"users_count":1}
[2025-12-01 00:41:00] DEBUG: Обновление счетчиков непрочитанных | Context: {"user_id":2}
[2025-12-01 00:41:03] DEBUG: Получено сообщение | Context: {"connection_id":68,"user_id":2,"type":"send_message"}
[2025-12-01 00:41:03] INFO: Отправка сообщения через WebSocket | Context: {"connection_id":68,"user_id":2,"chat_type":"transaction","chat_id":12,"message_id":494,"message_length":6,"chat_key":"transaction_12"}
[2025-12-01 00:41:03] DEBUG: Начало рассылки сообщения | Context: {"chat_key":"transaction_12","subscribers_count":1,"exclude_user_id":2}
[2025-12-01 00:41:03] DEBUG: Пропуск отправителя | Context: {"chat_key":"transaction_12","user_id":2}
[2025-12-01 00:41:03] INFO: Рассылка сообщения в чат завершена | Context: {"chat_key":"transaction_12","sent":0,"errors":0,"exclude_user_id":2}
[2025-12-01 00:41:03] DEBUG: Обновление счетчиков непрочитанных | Context: {"user_id":6}
[2025-12-01 00:41:03] DEBUG: Обновление счетчиков непрочитанных | Context: {"user_id":2}
[2025-12-01 00:41:03] DEBUG: Получено сообщение | Context: {"connection_id":68,"user_id":2,"type":"get_unread_counts"}
[2025-12-01 00:41:03] DEBUG: Запрос счетчиков непрочитанных | Context: {"connection_id":68,"user_id":2}
[2025-12-01 00:41:03] DEBUG: Периодическое обновление счетчиков | Context: {"users_count":1}
[2025-12-01 00:41:03] DEBUG: Обновление счетчиков непрочитанных | Context: {"user_id":2}
[2025-12-01 00:41:06] DEBUG: Периодическое обновление счетчиков | Context: {"users_count":1}
[2025-12-01 00:41:06] DEBUG: Обновление счетчиков непрочитанных | Context: {"user_id":2}
[2025-12-01 00:41:08] DEBUG: Получено сообщение | Context: {"connection_id":68,"user_id":2,"type":"confirm_transaction"}
[2025-12-01 00:41:08] INFO: Транзакция подтверждена через WebSocket | Context: {"connection_id":68,"user_id":2,"transaction_id":12,"seller_confirmed":false,"buyer_confirmed":true,"both_confirmed":false}
[2025-12-01 00:41:08] DEBUG: Обновление счетчиков непрочитанных | Context: {"user_id":6}
[2025-12-01 00:41:08] DEBUG: Обновление счетчиков непрочитанных | Context: {"user_id":2}
[2025-12-01 00:41:08] DEBUG: Получено сообщение | Context: {"connection_id":68,"user_id":2,"type":"get_unread_counts"}
[2025-12-01 00:41:08] DEBUG: Запрос счетчиков непрочитанных | Context: {"connection_id":68,"user_id":2}
[2025-12-01 00:41:08] DEBUG: Получено сообщение | Context: {"connection_id":68,"user_id":2,"type":"get_unread_counts"}
[2025-12-01 00:41:08] DEBUG: Запрос счетчиков непрочитанных | Context: {"connection_id":68,"user_id":2}
[2025-12-01 00:41:09] DEBUG: Периодическое обновление счетчиков | Context: {"users_count":1}
[2025-12-01 00:41:09] DEBUG: Обновление счетчиков непрочитанных | Context: {"user_id":2}
[2025-12-01 00:41:12] DEBUG: Периодическое обновление счетчиков | Context: {"users_count":1}
[2025-12-01 00:41:12] DEBUG: Обновление счетчиков непрочитанных | Context: {"user_id":2}
[2025-12-01 00:41:15] DEBUG: Периодическое обновление счетчиков | Context: {"users_count":1}
[2025-12-01 00:41:15] DEBUG: Обновление счетчиков непрочитанных | Context: {"user_id":2}
[2025-12-01 00:41:18] DEBUG: Периодическое обновление счетчиков | Context: {"users_count":1}
[2025-12-01 00:41:18] DEBUG: Обновление счетчиков непрочитанных | Context: {"user_id":2}
[2025-12-01 00:41:21] DEBUG: Периодическое обновление счетчиков | Context: {"users_count":1}
[2025-12-01 00:41:21] DEBUG: Обновление счетчиков непрочитанных | Context: {"user_id":2}
[2025-12-01 00:41:24] DEBUG: Периодическое обновление счетчиков | Context: {"users_count":1}
[2025-12-01 00:41:24] DEBUG: Обновление счетчиков непрочитанных | Context: {"user_id":2}
[2025-12-01 00:41:27] DEBUG: Периодическое обновление счетчиков | Context: {"users_count":1}
[2025-12-01 00:41:27] DEBUG: Обновление счетчиков непрочитанных | Context: {"user_id":2}
[2025-12-01 00:41:27] DEBUG: Получено сообщение | Context: {"connection_id":68,"user_id":2,"type":"unsubscribe_chat"}
[2025-12-01 00:41:27] INFO: Отписка от чата | Context: {"connection_id":68,"user_id":2,"chat_type":"transaction","chat_id":12,"chat_key":"transaction_12"}
[2025-12-01 00:41:27] INFO: Клиент отключился | Context: {"connection_id":68,"user_id":2,"remote_address":"127.0.0.1"}
[2025-12-01 00:41:29] INFO: Новое подключение | Context: {"connection_id":225,"remote_address":"127.0.0.1"}
[2025-12-01 00:41:29] DEBUG: Получено сообщение | Context: {"connection_id":225,"user_id":null,"type":"auth"}
[2025-12-01 00:41:29] INFO: Пользователь аутентифицирован | Context: {"connection_id":225,"user_id":2,"user_email":"admin@ogas","total_connections":1}
[2025-12-01 00:41:29] DEBUG: Получено сообщение | Context: {"connection_id":225,"user_id":2,"type":"get_unread_counts"}
[2025-12-01 00:41:29] DEBUG: Запрос счетчиков непрочитанных | Context: {"connection_id":225,"user_id":2}
[2025-12-01 00:41:29] DEBUG: Получено сообщение | Context: {"connection_id":225,"user_id":2,"type":"mark_read"}
[2025-12-01 00:41:29] INFO: Сообщения отмечены как прочитанные | Context: {"connection_id":225,"user_id":2,"chat_type":"community","chat_id":1}
[2025-12-01 00:41:29] DEBUG: Обновление счетчиков непрочитанных | Context: {"user_id":2}
[2025-12-01 00:41:29] DEBUG: Получено сообщение | Context: {"connection_id":225,"user_id":2,"type":"get_unread_counts"}
[2025-12-01 00:41:29] DEBUG: Запрос счетчиков непрочитанных | Context: {"connection_id":225,"user_id":2}
[2025-12-01 00:41:29] DEBUG: Получено сообщение | Context: {"connection_id":225,"user_id":2,"type":"get_unread_counts"}
[2025-12-01 00:41:29] DEBUG: Запрос счетчиков непрочитанных | Context: {"connection_id":225,"user_id":2}
[2025-12-01 00:41:29] DEBUG: Получено сообщение | Context: {"connection_id":225,"user_id":2,"type":"subscribe_chat"}
[2025-12-01 00:41:29] INFO: Подписка на чат | Context: {"connection_id":225,"user_id":2,"chat_type":"transaction","chat_id":12,"chat_key":"transaction_12","total_subscribers":1}
[2025-12-01 00:41:29] DEBUG: Получено сообщение | Context: {"connection_id":225,"user_id":2,"type":"mark_read"}
[2025-12-01 00:41:29] INFO: Сообщения отмечены как прочитанные | Context: {"connection_id":225,"user_id":2,"chat_type":"transaction","chat_id":12}
[2025-12-01 00:41:29] DEBUG: Обновление счетчиков непрочитанных | Context: {"user_id":2}
[2025-12-01 00:41:29] DEBUG: Получено сообщение | Context: {"connection_id":225,"user_id":2,"type":"get_unread_counts"}
[2025-12-01 00:41:29] DEBUG: Запрос счетчиков непрочитанных | Context: {"connection_id":225,"user_id":2}
[2025-12-01 00:41:30] DEBUG: Получено сообщение | Context: {"connection_id":225,"user_id":2,"type":"get_unread_counts"}
[2025-12-01 00:41:30] DEBUG: Запрос счетчиков непрочитанных | Context: {"connection_id":225,"user_id":2}
[2025-12-01 00:41:30] DEBUG: Получено сообщение | Context: {"connection_id":225,"user_id":2,"type":"unsubscribe_chat"}
[2025-12-01 00:41:30] INFO: Отписка от чата | Context: {"connection_id":225,"user_id":2,"chat_type":"transaction","chat_id":12,"chat_key":"transaction_12"}
[2025-12-01 00:41:30] DEBUG: Получено сообщение | Context: {"connection_id":225,"user_id":2,"type":"subscribe_chat"}
[2025-12-01 00:41:30] INFO: Подписка на чат | Context: {"connection_id":225,"user_id":2,"chat_type":"transaction","chat_id":12,"chat_key":"transaction_12","total_subscribers":1}
[2025-12-01 00:41:30] DEBUG: Получено сообщение | Context: {"connection_id":225,"user_id":2,"type":"mark_read"}
[2025-12-01 00:41:30] INFO: Сообщения отмечены как прочитанные | Context: {"connection_id":225,"user_id":2,"chat_type":"transaction","chat_id":12}
[2025-12-01 00:41:30] DEBUG: Обновление счетчиков непрочитанных | Context: {"user_id":2}
[2025-12-01 00:41:30] DEBUG: Получено сообщение | Context: {"connection_id":225,"user_id":2,"type":"get_unread_counts"}
[2025-12-01 00:41:30] DEBUG: Запрос счетчиков непрочитанных | Context: {"connection_id":225,"user_id":2}
[2025-12-01 00:41:30] DEBUG: Получено сообщение | Context: {"connection_id":225,"user_id":2,"type":"get_unread_counts"}
[2025-12-01 00:41:30] DEBUG: Запрос счетчиков непрочитанных | Context: {"connection_id":225,"user_id":2}
[2025-12-01 00:41:30] DEBUG: Периодическое обновление счетчиков | Context: {"users_count":1}
[2025-12-01 00:41:30] DEBUG: Обновление счетчиков непрочитанных | Context: {"user_id":2}
[2025-12-01 00:41:31] DEBUG: Получено сообщение | Context: {"connection_id":225,"user_id":2,"type":"subscribe_chat"}
[2025-12-01 00:41:31] INFO: Подписка на чат | Context: {"connection_id":225,"user_id":2,"chat_type":"community","chat_id":1,"chat_key":"community_1","total_subscribers":1}
[2025-12-01 00:41:31] DEBUG: Получено сообщение | Context: {"connection_id":225,"user_id":2,"type":"mark_read"}
[2025-12-01 00:41:31] INFO: Сообщения отмечены как прочитанные | Context: {"connection_id":225,"user_id":2,"chat_type":"community","chat_id":1}
[2025-12-01 00:41:31] DEBUG: Обновление счетчиков непрочитанных | Context: {"user_id":2}
[2025-12-01 00:41:31] DEBUG: Получено сообщение | Context: {"connection_id":225,"user_id":2,"type":"get_unread_counts"}
[2025-12-01 00:41:31] DEBUG: Запрос счетчиков непрочитанных | Context: {"connection_id":225,"user_id":2}
[2025-12-01 00:41:31] DEBUG: Получено сообщение | Context: {"connection_id":225,"user_id":2,"type":"unsubscribe_chat"}
[2025-12-01 00:41:31] INFO: Отписка от чата | Context: {"connection_id":225,"user_id":2,"chat_type":"transaction","chat_id":12,"chat_key":"transaction_12"}
[2025-12-01 00:41:31] DEBUG: Получено сообщение | Context: {"connection_id":225,"user_id":2,"type":"subscribe_chat"}
[2025-12-01 00:41:31] INFO: Подписка на чат | Context: {"connection_id":225,"user_id":2,"chat_type":"transaction","chat_id":12,"chat_key":"transaction_12","total_subscribers":1}
[2025-12-01 00:41:31] DEBUG: Получено сообщение | Context: {"connection_id":225,"user_id":2,"type":"get_unread_counts"}
[2025-12-01 00:41:31] DEBUG: Запрос счетчиков непрочитанных | Context: {"connection_id":225,"user_id":2}
[2025-12-01 00:41:31] DEBUG: Получено сообщение | Context: {"connection_id":225,"user_id":2,"type":"mark_read"}
[2025-12-01 00:41:31] INFO: Сообщения отмечены как прочитанные | Context: {"connection_id":225,"user_id":2,"chat_type":"transaction","chat_id":12}
[2025-12-01 00:41:31] DEBUG: Обновление счетчиков непрочитанных | Context: {"user_id":2}
[2025-12-01 00:41:31] DEBUG: Получено сообщение | Context: {"connection_id":225,"user_id":2,"type":"get_unread_counts"}
[2025-12-01 00:41:31] DEBUG: Запрос счетчиков непрочитанных | Context: {"connection_id":225,"user_id":2}
[2025-12-01 00:41:32] DEBUG: Получено сообщение | Context: {"connection_id":225,"user_id":2,"type":"get_unread_counts"}
[2025-12-01 00:41:32] DEBUG: Запрос счетчиков непрочитанных | Context: {"connection_id":225,"user_id":2}
[2025-12-01 00:41:32] DEBUG: Получено сообщение | Context: {"connection_id":225,"user_id":2,"type":"unsubscribe_chat"}
[2025-12-01 00:41:32] INFO: Отписка от чата | Context: {"connection_id":225,"user_id":2,"chat_type":"community","chat_id":1,"chat_key":"community_1"}
[2025-12-01 00:41:32] DEBUG: Получено сообщение | Context: {"connection_id":225,"user_id":2,"type":"subscribe_chat"}
[2025-12-01 00:41:32] INFO: Подписка на чат | Context: {"connection_id":225,"user_id":2,"chat_type":"community","chat_id":1,"chat_key":"community_1","total_subscribers":1}
[2025-12-01 00:41:32] DEBUG: Получено сообщение | Context: {"connection_id":225,"user_id":2,"type":"mark_read"}
[2025-12-01 00:41:32] INFO: Сообщения отмечены как прочитанные | Context: {"connection_id":225,"user_id":2,"chat_type":"community","chat_id":1}
[2025-12-01 00:41:32] DEBUG: Обновление счетчиков непрочитанных | Context: {"user_id":2}
[2025-12-01 00:41:32] DEBUG: Получено сообщение | Context: {"connection_id":225,"user_id":2,"type":"get_unread_counts"}
[2025-12-01 00:41:32] DEBUG: Запрос счетчиков непрочитанных | Context: {"connection_id":225,"user_id":2}
[2025-12-01 00:41:32] DEBUG: Получено сообщение | Context: {"connection_id":225,"user_id":2,"type":"get_unread_counts"}
[2025-12-01 00:41:32] DEBUG: Запрос счетчиков непрочитанных | Context: {"connection_id":225,"user_id":2}
[2025-12-01 00:41:33] DEBUG: Получено сообщение | Context: {"connection_id":225,"user_id":2,"type":"unsubscribe_chat"}
[2025-12-01 00:41:33] INFO: Отписка от чата | Context: {"connection_id":225,"user_id":2,"chat_type":"community","chat_id":1,"chat_key":"community_1"}
[2025-12-01 00:41:33] DEBUG: Периодическое обновление счетчиков | Context: {"users_count":1}
[2025-12-01 00:41:33] DEBUG: Обновление счетчиков непрочитанных | Context: {"user_id":2}
[2025-12-01 00:41:33] DEBUG: Получено сообщение | Context: {"connection_id":225,"user_id":2,"type":"subscribe_chat"}
[2025-12-01 00:41:33] INFO: Подписка на чат | Context: {"connection_id":225,"user_id":2,"chat_type":"community","chat_id":1,"chat_key":"community_1","total_subscribers":1}
[2025-12-01 00:41:34] DEBUG: Получено сообщение | Context: {"connection_id":225,"user_id":2,"type":"mark_read"}
[2025-12-01 00:41:34] INFO: Сообщения отмечены как прочитанные | Context: {"connection_id":225,"user_id":2,"chat_type":"community","chat_id":1}
[2025-12-01 00:41:34] DEBUG: Обновление счетчиков непрочитанных | Context: {"user_id":2}
[2025-12-01 00:41:34] DEBUG: Получено сообщение | Context: {"connection_id":225,"user_id":2,"type":"get_unread_counts"}
[2025-12-01 00:41:34] DEBUG: Запрос счетчиков непрочитанных | Context: {"connection_id":225,"user_id":2}
[2025-12-01 00:41:34] DEBUG: Получено сообщение | Context: {"connection_id":225,"user_id":2,"type":"get_unread_counts"}
[2025-12-01 00:41:34] DEBUG: Запрос счетчиков непрочитанных | Context: {"connection_id":225,"user_id":2}
[2025-12-01 00:41:36] DEBUG: Периодическое обновление счетчиков | Context: {"users_count":1}
[2025-12-01 00:41:36] DEBUG: Обновление счетчиков непрочитанных | Context: {"user_id":2}
[2025-12-01 00:41:37] DEBUG: Получено сообщение | Context: {"connection_id":225,"user_id":2,"type":"unsubscribe_chat"}
[2025-12-01 00:41:37] INFO: Отписка от чата | Context: {"connection_id":225,"user_id":2,"chat_type":"transaction","chat_id":12,"chat_key":"transaction_12"}
[2025-12-01 00:41:37] DEBUG: Получено сообщение | Context: {"connection_id":225,"user_id":2,"type":"subscribe_chat"}
[2025-12-01 00:41:37] INFO: Подписка на чат | Context: {"connection_id":225,"user_id":2,"chat_type":"transaction","chat_id":12,"chat_key":"transaction_12","total_subscribers":1}
[2025-12-01 00:41:38] DEBUG: Получено сообщение | Context: {"connection_id":225,"user_id":2,"type":"mark_read"}
[2025-12-01 00:41:38] INFO: Сообщения отмечены как прочитанные | Context: {"connection_id":225,"user_id":2,"chat_type":"transaction","chat_id":12}
[2025-12-01 00:41:38] DEBUG: Обновление счетчиков непрочитанных | Context: {"user_id":2}
[2025-12-01 00:41:38] DEBUG: Получено сообщение | Context: {"connection_id":225,"user_id":2,"type":"get_unread_counts"}
[2025-12-01 00:41:38] DEBUG: Запрос счетчиков непрочитанных | Context: {"connection_id":225,"user_id":2}
[2025-12-01 00:41:38] DEBUG: Получено сообщение | Context: {"connection_id":225,"user_id":2,"type":"get_unread_counts"}
[2025-12-01 00:41:38] DEBUG: Запрос счетчиков непрочитанных | Context: {"connection_id":225,"user_id":2}
[2025-12-01 00:41:39] DEBUG: Периодическое обновление счетчиков | Context: {"users_count":1}
[2025-12-01 00:41:39] DEBUG: Обновление счетчиков непрочитанных | Context: {"user_id":2}
[2025-12-01 00:41:42] DEBUG: Периодическое обновление счетчиков | Context: {"users_count":1}
[2025-12-01 00:41:42] DEBUG: Обновление счетчиков непрочитанных | Context: {"user_id":2}
[2025-12-01 00:41:45] DEBUG: Периодическое обновление счетчиков | Context: {"users_count":1}
[2025-12-01 00:41:45] DEBUG: Обновление счетчиков непрочитанных | Context: {"user_id":2}
[2025-12-01 00:41:48] DEBUG: Периодическое обновление счетчиков | Context: {"users_count":1}
[2025-12-01 00:41:48] DEBUG: Обновление счетчиков непрочитанных | Context: {"user_id":2}
[2025-12-01 00:41:51] DEBUG: Периодическое обновление счетчиков | Context: {"users_count":1}
[2025-12-01 00:41:51] DEBUG: Обновление счетчиков непрочитанных | Context: {"user_id":2}
[2025-12-01 00:41:54] DEBUG: Периодическое обновление счетчиков | Context: {"users_count":1}
[2025-12-01 00:41:54] DEBUG: Обновление счетчиков непрочитанных | Context: {"user_id":2}
[2025-12-01 00:41:57] DEBUG: Периодическое обновление счетчиков | Context: {"users_count":1}
[2025-12-01 00:41:57] DEBUG: Обновление счетчиков непрочитанных | Context: {"user_id":2}
[2025-12-01 00:42:00] DEBUG: Периодическое обновление счетчиков | Context: {"users_count":1}
[2025-12-01 00:42:00] DEBUG: Обновление счетчиков непрочитанных | Context: {"user_id":2}
[2025-12-01 00:42:03] DEBUG: Периодическое обновление счетчиков | Context: {"users_count":1}
[2025-12-01 00:42:03] DEBUG: Обновление счетчиков непрочитанных | Context: {"user_id":2}
[2025-12-01 00:42:06] DEBUG: Периодическое обновление счетчиков | Context: {"users_count":1}
[2025-12-01 00:42:06] DEBUG: Обновление счетчиков непрочитанных | Context: {"user_id":2}
[2025-12-01 00:42:09] DEBUG: Периодическое обновление счетчиков | Context: {"users_count":1}
[2025-12-01 00:42:09] DEBUG: Обновление счетчиков непрочитанных | Context: {"user_id":2}
[2025-12-01 00:42:12] DEBUG: Периодическое обновление счетчиков | Context: {"users_count":1}
[2025-12-01 00:42:12] DEBUG: Обновление счетчиков непрочитанных | Context: {"user_id":2}
[2025-12-01 00:42:15] DEBUG: Периодическое обновление счетчиков | Context: {"users_count":1}
[2025-12-01 00:42:15] DEBUG: Обновление счетчиков непрочитанных | Context: {"user_id":2}
[2025-12-01 00:42:18] DEBUG: Периодическое обновление счетчиков | Context: {"users_count":1}
[2025-12-01 00:42:18] DEBUG: Обновление счетчиков непрочитанных | Context: {"user_id":2}
[2025-12-01 00:42:20] DEBUG: Получено сообщение | Context: {"connection_id":225,"user_id":2,"type":"unsubscribe_chat"}
[2025-12-01 00:42:20] INFO: Отписка от чата | Context: {"connection_id":225,"user_id":2,"chat_type":"community","chat_id":1,"chat_key":"community_1"}
[2025-12-01 00:42:20] DEBUG: Получено сообщение | Context: {"connection_id":225,"user_id":2,"type":"unsubscribe_chat"}
[2025-12-01 00:42:20] INFO: Отписка от чата | Context: {"connection_id":225,"user_id":2,"chat_type":"transaction","chat_id":12,"chat_key":"transaction_12"}
[2025-12-01 00:42:20] INFO: Клиент отключился | Context: {"connection_id":225,"user_id":2,"remote_address":"127.0.0.1"}
[2025-12-01 00:42:21] INFO: Новое подключение | Context: {"connection_id":476,"remote_address":"127.0.0.1"}
[2025-12-01 00:42:21] DEBUG: Получено сообщение | Context: {"connection_id":476,"user_id":null,"type":"auth"}
[2025-12-01 00:42:21] INFO: Пользователь аутентифицирован | Context: {"connection_id":476,"user_id":2,"user_email":"admin@ogas","total_connections":1}
[2025-12-01 00:42:21] DEBUG: Получено сообщение | Context: {"connection_id":476,"user_id":2,"type":"get_unread_counts"}
[2025-12-01 00:42:21] DEBUG: Запрос счетчиков непрочитанных | Context: {"connection_id":476,"user_id":2}
[2025-12-01 00:42:21] DEBUG: Периодическое обновление счетчиков | Context: {"users_count":1}
[2025-12-01 00:42:21] DEBUG: Обновление счетчиков непрочитанных | Context: {"user_id":2}
[2025-12-01 00:42:22] DEBUG: Получено сообщение | Context: {"connection_id":476,"user_id":2,"type":"mark_read"}
[2025-12-01 00:42:22] INFO: Сообщения отмечены как прочитанные | Context: {"connection_id":476,"user_id":2,"chat_type":"community","chat_id":1}
[2025-12-01 00:42:22] DEBUG: Обновление счетчиков непрочитанных | Context: {"user_id":2}
[2025-12-01 00:42:22] DEBUG: Получено сообщение | Context: {"connection_id":476,"user_id":2,"type":"get_unread_counts"}
[2025-12-01 00:42:22] DEBUG: Запрос счетчиков непрочитанных | Context: {"connection_id":476,"user_id":2}
[2025-12-01 00:42:22] DEBUG: Получено сообщение | Context: {"connection_id":476,"user_id":2,"type":"subscribe_chat"}
[2025-12-01 00:42:22] INFO: Подписка на чат | Context: {"connection_id":476,"user_id":2,"chat_type":"transaction","chat_id":12,"chat_key":"transaction_12","total_subscribers":1}
[2025-12-01 00:42:22] DEBUG: Получено сообщение | Context: {"connection_id":476,"user_id":2,"type":"get_unread_counts"}
[2025-12-01 00:42:22] DEBUG: Запрос счетчиков непрочитанных | Context: {"connection_id":476,"user_id":2}
[2025-12-01 00:42:22] DEBUG: Получено сообщение | Context: {"connection_id":476,"user_id":2,"type":"mark_read"}
[2025-12-01 00:42:22] INFO: Сообщения отмечены как прочитанные | Context: {"connection_id":476,"user_id":2,"chat_type":"transaction","chat_id":12}
[2025-12-01 00:42:22] DEBUG: Обновление счетчиков непрочитанных | Context: {"user_id":2}
[2025-12-01 00:42:22] DEBUG: Получено сообщение | Context: {"connection_id":476,"user_id":2,"type":"get_unread_counts"}
[2025-12-01 00:42:22] DEBUG: Запрос счетчиков непрочитанных | Context: {"connection_id":476,"user_id":2}
[2025-12-01 00:42:22] DEBUG: Получено сообщение | Context: {"connection_id":476,"user_id":2,"type":"get_unread_counts"}
[2025-12-01 00:42:22] DEBUG: Запрос счетчиков непрочитанных | Context: {"connection_id":476,"user_id":2}
[2025-12-01 00:42:24] DEBUG: Периодическое обновление счетчиков | Context: {"users_count":1}
[2025-12-01 00:42:24] DEBUG: Обновление счетчиков непрочитанных | Context: {"user_id":2}
[2025-12-01 00:42:24] DEBUG: Получено сообщение | Context: {"connection_id":476,"user_id":2,"type":"unsubscribe_chat"}
[2025-12-01 00:42:24] INFO: Отписка от чата | Context: {"connection_id":476,"user_id":2,"chat_type":"transaction","chat_id":12,"chat_key":"transaction_12"}
[2025-12-01 00:42:25] DEBUG: Получено сообщение | Context: {"connection_id":476,"user_id":2,"type":"subscribe_chat"}
[2025-12-01 00:42:25] INFO: Подписка на чат | Context: {"connection_id":476,"user_id":2,"chat_type":"transaction","chat_id":12,"chat_key":"transaction_12","total_subscribers":1}
[2025-12-01 00:42:25] DEBUG: Получено сообщение | Context: {"connection_id":476,"user_id":2,"type":"mark_read"}
[2025-12-01 00:42:25] INFO: Сообщения отмечены как прочитанные | Context: {"connection_id":476,"user_id":2,"chat_type":"transaction","chat_id":12}
[2025-12-01 00:42:25] DEBUG: Обновление счетчиков непрочитанных | Context: {"user_id":2}
[2025-12-01 00:42:25] DEBUG: Получено сообщение | Context: {"connection_id":476,"user_id":2,"type":"get_unread_counts"}
[2025-12-01 00:42:25] DEBUG: Запрос счетчиков непрочитанных | Context: {"connection_id":476,"user_id":2}
[2025-12-01 00:42:25] DEBUG: Получено сообщение | Context: {"connection_id":476,"user_id":2,"type":"get_unread_counts"}
[2025-12-01 00:42:25] DEBUG: Запрос счетчиков непрочитанных | Context: {"connection_id":476,"user_id":2}
[2025-12-01 00:42:27] DEBUG: Периодическое обновление счетчиков | Context: {"users_count":1}
[2025-12-01 00:42:27] DEBUG: Обновление счетчиков непрочитанных | Context: {"user_id":2}
[2025-12-01 00:42:30] DEBUG: Периодическое обновление счетчиков | Context: {"users_count":1}
[2025-12-01 00:42:30] DEBUG: Обновление счетчиков непрочитанных | Context: {"user_id":2}
[2025-12-01 00:42:33] DEBUG: Периодическое обновление счетчиков | Context: {"users_count":1}
[2025-12-01 00:42:33] DEBUG: Обновление счетчиков непрочитанных | Context: {"user_id":2}
[2025-12-01 00:42:36] DEBUG: Периодическое обновление счетчиков | Context: {"users_count":1}
[2025-12-01 00:42:36] DEBUG: Обновление счетчиков непрочитанных | Context: {"user_id":2}
[2025-12-01 00:42:39] DEBUG: Периодическое обновление счетчиков | Context: {"users_count":1}
[2025-12-01 00:42:39] DEBUG: Обновление счетчиков непрочитанных | Context: {"user_id":2}
[2025-12-01 00:42:42] DEBUG: Периодическое обновление счетчиков | Context: {"users_count":1}
[2025-12-01 00:42:42] DEBUG: Обновление счетчиков непрочитанных | Context: {"user_id":2}
[2025-12-01 00:42:46] DEBUG: Периодическое обновление счетчиков | Context: {"users_count":1}
[2025-12-01 00:42:46] DEBUG: Обновление счетчиков непрочитанных | Context: {"user_id":2}
[2025-12-01 00:42:49] DEBUG: Периодическое обновление счетчиков | Context: {"users_count":1}
[2025-12-01 00:42:49] DEBUG: Обновление счетчиков непрочитанных | Context: {"user_id":2}
[2025-12-01 00:42:52] DEBUG: Периодическое обновление счетчиков | Context: {"users_count":1}
[2025-12-01 00:42:52] DEBUG: Обновление счетчиков непрочитанных | Context: {"user_id":2}
[2025-12-01 00:42:55] DEBUG: Периодическое обновление счетчиков | Context: {"users_count":1}
[2025-12-01 00:42:55] DEBUG: Обновление счетчиков непрочитанных | Context: {"user_id":2}
[2025-12-01 00:42:58] DEBUG: Периодическое обновление счетчиков | Context: {"users_count":1}
[2025-12-01 00:42:58] DEBUG: Обновление счетчиков непрочитанных | Context: {"user_id":2}
[2025-12-01 00:43:01] DEBUG: Периодическое обновление счетчиков | Context: {"users_count":1}
[2025-12-01 00:43:01] DEBUG: Обновление счетчиков непрочитанных | Context: {"user_id":2}
[2025-12-01 00:43:04] DEBUG: Периодическое обновление счетчиков | Context: {"users_count":1}
[2025-12-01 00:43:04] DEBUG: Обновление счетчиков непрочитанных | Context: {"user_id":2}
[2025-12-01 00:43:07] DEBUG: Периодическое обновление счетчиков | Context: {"users_count":1}
[2025-12-01 00:43:07] DEBUG: Обновление счетчиков непрочитанных | Context: {"user_id":2}
[2025-12-01 00:43:10] DEBUG: Периодическое обновление счетчиков | Context: {"users_count":1}
[2025-12-01 00:43:10] DEBUG: Обновление счетчиков непрочитанных | Context: {"user_id":2}
[2025-12-01 00:43:13] DEBUG: Периодическое обновление счетчиков | Context: {"users_count":1}
[2025-12-01 00:43:13] DEBUG: Обновление счетчиков непрочитанных | Context: {"user_id":2}
[2025-12-01 00:43:16] DEBUG: Периодическое обновление счетчиков | Context: {"users_count":1}
[2025-12-01 00:43:16] DEBUG: Обновление счетчиков непрочитанных | Context: {"user_id":2}
[2025-12-01 00:43:19] DEBUG: Периодическое обновление счетчиков | Context: {"users_count":1}
[2025-12-01 00:43:19] DEBUG: Обновление счетчиков непрочитанных | Context: {"user_id":2}
[2025-12-01 00:43:22] DEBUG: Периодическое обновление счетчиков | Context: {"users_count":1}
[2025-12-01 00:43:22] DEBUG: Обновление счетчиков непрочитанных | Context: {"user_id":2}
[2025-12-01 00:43:25] DEBUG: Периодическое обновление счетчиков | Context: {"users_count":1}
[2025-12-01 00:43:25] DEBUG: Обновление счетчиков непрочитанных | Context: {"user_id":2}
[2025-12-01 00:43:28] DEBUG: Периодическое обновление счетчиков | Context: {"users_count":1}
[2025-12-01 00:43:28] DEBUG: Обновление счетчиков непрочитанных | Context: {"user_id":2}
[2025-12-01 00:43:31] DEBUG: Периодическое обновление счетчиков | Context: {"users_count":1}
[2025-12-01 00:43:31] DEBUG: Обновление счетчиков непрочитанных | Context: {"user_id":2}
[2025-12-01 00:43:34] DEBUG: Периодическое обновление счетчиков | Context: {"users_count":1}
[2025-12-01 00:43:34] DEBUG: Обновление счетчиков непрочитанных | Context: {"user_id":2}
[2025-12-01 00:43:37] DEBUG: Периодическое обновление счетчиков | Context: {"users_count":1}
[2025-12-01 00:43:37] DEBUG: Обновление счетчиков непрочитанных | Context: {"user_id":2}
[2025-12-01 00:43:40] DEBUG: Периодическое обновление счетчиков | Context: {"users_count":1}
[2025-12-01 00:43:40] DEBUG: Обновление счетчиков непрочитанных | Context: {"user_id":2}
[2025-12-01 00:43:43] DEBUG: Периодическое обновление счетчиков | Context: {"users_count":1}
[2025-12-01 00:43:43] DEBUG: Обновление счетчиков непрочитанных | Context: {"user_id":2}
[2025-12-01 00:43:46] DEBUG: Периодическое обновление счетчиков | Context: {"users_count":1}
[2025-12-01 00:43:46] DEBUG: Обновление счетчиков непрочитанных | Context: {"user_id":2}
[2025-12-01 00:43:49] DEBUG: Периодическое обновление счетчиков | Context: {"users_count":1}
[2025-12-01 00:43:49] DEBUG: Обновление счетчиков непрочитанных | Context: {"user_id":2}
[2025-12-01 00:43:52] DEBUG: Периодическое обновление счетчиков | Context: {"users_count":1}
[2025-12-01 00:43:52] DEBUG: Обновление счетчиков непрочитанных | Context: {"user_id":2}
[2025-12-01 00:43:55] DEBUG: Периодическое обновление счетчиков | Context: {"users_count":1}
[2025-12-01 00:43:55] DEBUG: Обновление счетчиков непрочитанных | Context: {"user_id":2}
[2025-12-01 00:43:58] DEBUG: Периодическое обновление счетчиков | Context: {"users_count":1}
[2025-12-01 00:43:58] DEBUG: Обновление счетчиков непрочитанных | Context: {"user_id":2}
[2025-12-01 00:44:01] DEBUG: Периодическое обновление счетчиков | Context: {"users_count":1}
[2025-12-01 00:44:01] DEBUG: Обновление счетчиков непрочитанных | Context: {"user_id":2}
[2025-12-01 00:44:04] DEBUG: Периодическое обновление счетчиков | Context: {"users_count":1}
[2025-12-01 00:44:04] DEBUG: Обновление счетчиков непрочитанных | Context: {"user_id":2}
[2025-12-01 00:44:07] DEBUG: Периодическое обновление счетчиков | Context: {"users_count":1}
[2025-12-01 00:44:07] DEBUG: Обновление счетчиков непрочитанных | Context: {"user_id":2}
[2025-12-01 00:44:10] DEBUG: Периодическое обновление счетчиков | Context: {"users_count":1}
[2025-12-01 00:44:10] DEBUG: Обновление счетчиков непрочитанных | Context: {"user_id":2}
[2025-12-01 00:44:13] DEBUG: Периодическое обновление счетчиков | Context: {"users_count":1}
[2025-12-01 00:44:13] DEBUG: Обновление счетчиков непрочитанных | Context: {"user_id":2}
[2025-12-01 00:44:16] DEBUG: Периодическое обновление счетчиков | Context: {"users_count":1}
[2025-12-01 00:44:16] DEBUG: Обновление счетчиков непрочитанных | Context: {"user_id":2}
[2025-12-01 00:44:19] DEBUG: Периодическое обновление счетчиков | Context: {"users_count":1}
[2025-12-01 00:44:19] DEBUG: Обновление счетчиков непрочитанных | Context: {"user_id":2}
[2025-12-01 00:44:22] DEBUG: Периодическое обновление счетчиков | Context: {"users_count":1}
[2025-12-01 00:44:22] DEBUG: Обновление счетчиков непрочитанных | Context: {"user_id":2}
[2025-12-01 00:44:25] DEBUG: Периодическое обновление счетчиков | Context: {"users_count":1}
[2025-12-01 00:44:25] DEBUG: Обновление счетчиков непрочитанных | Context: {"user_id":2}
[2025-12-01 00:44:28] DEBUG: Периодическое обновление счетчиков | Context: {"users_count":1}
[2025-12-01 00:44:28] DEBUG: Обновление счетчиков непрочитанных | Context: {"user_id":2}
[2025-12-01 00:44:31] DEBUG: Периодическое обновление счетчиков | Context: {"users_count":1}
[2025-12-01 00:44:31] DEBUG: Обновление счетчиков непрочитанных | Context: {"user_id":2}
[2025-12-01 00:44:34] DEBUG: Периодическое обновление счетчиков | Context: {"users_count":1}
[2025-12-01 00:44:34] DEBUG: Обновление счетчиков непрочитанных | Context: {"user_id":2}
[2025-12-01 00:44:37] DEBUG: Периодическое обновление счетчиков | Context: {"users_count":1}
[2025-12-01 00:44:37] DEBUG: Обновление счетчиков непрочитанных | Context: {"user_id":2}
[2025-12-01 00:44:40] DEBUG: Периодическое обновление счетчиков | Context: {"users_count":1}
[2025-12-01 00:44:40] DEBUG: Обновление счетчиков непрочитанных | Context: {"user_id":2}
[2025-12-01 00:44:43] DEBUG: Периодическое обновление счетчиков | Context: {"users_count":1}
[2025-12-01 00:44:43] DEBUG: Обновление счетчиков непрочитанных | Context: {"user_id":2}
[2025-12-01 00:44:46] DEBUG: Периодическое обновление счетчиков | Context: {"users_count":1}
[2025-12-01 00:44:46] DEBUG: Обновление счетчиков непрочитанных | Context: {"user_id":2}
[2025-12-01 00:44:49] DEBUG: Периодическое обновление счетчиков | Context: {"users_count":1}
[2025-12-01 00:44:49] DEBUG: Обновление счетчиков непрочитанных | Context: {"user_id":2}
[2025-12-01 00:44:52] DEBUG: Периодическое обновление счетчиков | Context: {"users_count":1}
[2025-12-01 00:44:52] DEBUG: Обновление счетчиков непрочитанных | Context: {"user_id":2}
[2025-12-01 00:44:55] DEBUG: Периодическое обновление счетчиков | Context: {"users_count":1}
[2025-12-01 00:44:55] DEBUG: Обновление счетчиков непрочитанных | Context: {"user_id":2}
[2025-12-01 00:44:56] DEBUG: Получено сообщение | Context: {"connection_id":476,"user_id":2,"type":"unsubscribe_chat"}
[2025-12-01 00:44:56] INFO: Отписка от чата | Context: {"connection_id":476,"user_id":2,"chat_type":"transaction","chat_id":12,"chat_key":"transaction_12"}
[2025-12-01 00:44:56] INFO: Клиент отключился | Context: {"connection_id":476,"user_id":2,"remote_address":"127.0.0.1"}
[2025-12-01 00:45:05] INFO: Новое подключение | Context: {"connection_id":757,"remote_address":"127.0.0.1"}
[2025-12-01 00:45:05] DEBUG: Получено сообщение | Context: {"connection_id":757,"user_id":null,"type":"auth"}
[2025-12-01 00:45:05] INFO: Пользователь аутентифицирован | Context: {"connection_id":757,"user_id":2,"user_email":"admin@ogas","total_connections":1}
[2025-12-01 00:45:05] DEBUG: Получено сообщение | Context: {"connection_id":757,"user_id":2,"type":"get_unread_counts"}
[2025-12-01 00:45:05] DEBUG: Запрос счетчиков непрочитанных | Context: {"connection_id":757,"user_id":2}
[2025-12-01 00:45:05] DEBUG: Получено сообщение | Context: {"connection_id":757,"user_id":2,"type":"mark_read"}
[2025-12-01 00:45:05] INFO: Сообщения отмечены как прочитанные | Context: {"connection_id":757,"user_id":2,"chat_type":"transaction","chat_id":12}
[2025-12-01 00:45:05] DEBUG: Обновление счетчиков непрочитанных | Context: {"user_id":2}
[2025-12-01 00:45:05] DEBUG: Получено сообщение | Context: {"connection_id":757,"user_id":2,"type":"get_unread_counts"}
[2025-12-01 00:45:05] DEBUG: Запрос счетчиков непрочитанных | Context: {"connection_id":757,"user_id":2}
[2025-12-01 00:45:05] DEBUG: Получено сообщение | Context: {"connection_id":757,"user_id":2,"type":"get_unread_counts"}
[2025-12-01 00:45:05] DEBUG: Запрос счетчиков непрочитанных | Context: {"connection_id":757,"user_id":2}
[2025-12-01 00:45:07] DEBUG: Периодическое обновление счетчиков | Context: {"users_count":1}
[2025-12-01 00:45:07] DEBUG: Обновление счетчиков непрочитанных | Context: {"user_id":2}
[2025-12-01 00:45:10] DEBUG: Периодическое обновление счетчиков | Context: {"users_count":1}
[2025-12-01 00:45:10] DEBUG: Обновление счетчиков непрочитанных | Context: {"user_id":2}
[2025-12-01 00:45:13] DEBUG: Периодическое обновление счетчиков | Context: {"users_count":1}
[2025-12-01 00:45:13] DEBUG: Обновление счетчиков непрочитанных | Context: {"user_id":2}
[2025-12-01 00:45:16] DEBUG: Периодическое обновление счетчиков | Context: {"users_count":1}
[2025-12-01 00:45:16] DEBUG: Обновление счетчиков непрочитанных | Context: {"user_id":2}
[2025-12-01 00:45:19] DEBUG: Периодическое обновление счетчиков | Context: {"users_count":1}
[2025-12-01 00:45:19] DEBUG: Обновление счетчиков непрочитанных | Context: {"user_id":2}
[2025-12-01 00:45:22] DEBUG: Периодическое обновление счетчиков | Context: {"users_count":1}
[2025-12-01 00:45:22] DEBUG: Обновление счетчиков непрочитанных | Context: {"user_id":2}
[2025-12-01 00:45:25] DEBUG: Периодическое обновление счетчиков | Context: {"users_count":1}
[2025-12-01 00:45:25] DEBUG: Обновление счетчиков непрочитанных | Context: {"user_id":2}
[2025-12-01 00:45:28] DEBUG: Периодическое обновление счетчиков | Context: {"users_count":1}
[2025-12-01 00:45:28] DEBUG: Обновление счетчиков непрочитанных | Context: {"user_id":2}
[2025-12-01 00:45:31] DEBUG: Периодическое обновление счетчиков | Context: {"users_count":1}
[2025-12-01 00:45:31] DEBUG: Обновление счетчиков непрочитанных | Context: {"user_id":2}
[2025-12-01 00:45:34] DEBUG: Периодическое обновление счетчиков | Context: {"users_count":1}
[2025-12-01 00:45:34] DEBUG: Обновление счетчиков непрочитанных | Context: {"user_id":2}
[2025-12-01 00:45:37] DEBUG: Периодическое обновление счетчиков | Context: {"users_count":1}
[2025-12-01 00:45:37] DEBUG: Обновление счетчиков непрочитанных | Context: {"user_id":2}
[2025-12-01 00:45:40] DEBUG: Периодическое обновление счетчиков | Context: {"users_count":1}
[2025-12-01 00:45:40] DEBUG: Обновление счетчиков непрочитанных | Context: {"user_id":2}
[2025-12-01 00:45:43] DEBUG: Периодическое обновление счетчиков | Context: {"users_count":1}
[2025-12-01 00:45:43] DEBUG: Обновление счетчиков непрочитанных | Context: {"user_id":2}
[2025-12-01 00:45:46] DEBUG: Периодическое обновление счетчиков | Context: {"users_count":1}
[2025-12-01 00:45:46] DEBUG: Обновление счетчиков непрочитанных | Context: {"user_id":2}
[2025-12-01 00:45:49] DEBUG: Периодическое обновление счетчиков | Context: {"users_count":1}
[2025-12-01 00:45:49] DEBUG: Обновление счетчиков непрочитанных | Context: {"user_id":2}
[2025-12-01 00:45:52] DEBUG: Периодическое обновление счетчиков | Context: {"users_count":1}
[2025-12-01 00:45:52] DEBUG: Обновление счетчиков непрочитанных | Context: {"user_id":2}
[2025-12-01 00:45:55] DEBUG: Периодическое обновление счетчиков | Context: {"users_count":1}
[2025-12-01 00:45:55] DEBUG: Обновление счетчиков непрочитанных | Context: {"user_id":2}
[2025-12-01 00:45:58] DEBUG: Периодическое обновление счетчиков | Context: {"users_count":1}
[2025-12-01 00:45:58] DEBUG: Обновление счетчиков непрочитанных | Context: {"user_id":2}
[2025-12-01 00:46:01] DEBUG: Периодическое обновление счетчиков | Context: {"users_count":1}
[2025-12-01 00:46:01] DEBUG: Обновление счетчиков непрочитанных | Context: {"user_id":2}
[2025-12-01 00:46:04] DEBUG: Периодическое обновление счетчиков | Context: {"users_count":1}
[2025-12-01 00:46:04] DEBUG: Обновление счетчиков непрочитанных | Context: {"user_id":2}
[2025-12-01 00:46:07] DEBUG: Периодическое обновление счетчиков | Context: {"users_count":1}
[2025-12-01 00:46:07] DEBUG: Обновление счетчиков непрочитанных | Context: {"user_id":2}
[2025-12-01 00:46:10] DEBUG: Периодическое обновление счетчиков | Context: {"users_count":1}
[2025-12-01 00:46:10] DEBUG: Обновление счетчиков непрочитанных | Context: {"user_id":2}
[2025-12-01 00:46:13] DEBUG: Периодическое обновление счетчиков | Context: {"users_count":1}
[2025-12-01 00:46:13] DEBUG: Обновление счетчиков непрочитанных | Context: {"user_id":2}
[2025-12-01 00:46:16] DEBUG: Периодическое обновление счетчиков | Context: {"users_count":1}
[2025-12-01 00:46:16] DEBUG: Обновление счетчиков непрочитанных | Context: {"user_id":2}
[2025-12-01 00:46:19] DEBUG: Периодическое обновление счетчиков | Context: {"users_count":1}
[2025-12-01 00:46:19] DEBUG: Обновление счетчиков непрочитанных | Context: {"user_id":2}
[2025-12-01 00:46:22] DEBUG: Периодическое обновление счетчиков | Context: {"users_count":1}
[2025-12-01 00:46:22] DEBUG: Обновление счетчиков непрочитанных | Context: {"user_id":2}
[2025-12-01 00:46:23] INFO: Новое подключение | Context: {"connection_id":888,"remote_address":"127.0.0.1"}
[2025-12-01 00:46:23] DEBUG: Получено сообщение | Context: {"connection_id":888,"user_id":null,"type":"auth"}
[2025-12-01 00:46:23] INFO: Пользователь аутентифицирован | Context: {"connection_id":888,"user_id":3,"user_email":"test@example.com","total_connections":1}
[2025-12-01 00:46:23] DEBUG: Получено сообщение | Context: {"connection_id":888,"user_id":3,"type":"get_unread_counts"}
[2025-12-01 00:46:23] DEBUG: Запрос счетчиков непрочитанных | Context: {"connection_id":888,"user_id":3}
[2025-12-01 00:46:24] DEBUG: Получено сообщение | Context: {"connection_id":888,"user_id":3,"type":"mark_read"}
[2025-12-01 00:46:24] INFO: Сообщения отмечены как прочитанные | Context: {"connection_id":888,"user_id":3,"chat_type":"transaction","chat_id":6}
[2025-12-01 00:46:24] DEBUG: Обновление счетчиков непрочитанных | Context: {"user_id":3}
[2025-12-01 00:46:24] DEBUG: Получено сообщение | Context: {"connection_id":888,"user_id":3,"type":"get_unread_counts"}
[2025-12-01 00:46:24] DEBUG: Запрос счетчиков непрочитанных | Context: {"connection_id":888,"user_id":3}
[2025-12-01 00:46:24] DEBUG: Получено сообщение | Context: {"connection_id":888,"user_id":3,"type":"get_unread_counts"}
[2025-12-01 00:46:24] DEBUG: Запрос счетчиков непрочитанных | Context: {"connection_id":888,"user_id":3}
[2025-12-01 00:46:25] DEBUG: Периодическое обновление счетчиков | Context: {"users_count":2}
[2025-12-01 00:46:25] DEBUG: Обновление счетчиков непрочитанных | Context: {"user_id":2}
[2025-12-01 00:46:25] DEBUG: Обновление счетчиков непрочитанных | Context: {"user_id":3}
[2025-12-01 00:46:25] DEBUG: Получено сообщение | Context: {"connection_id":888,"user_id":3,"type":"subscribe_chat"}
[2025-12-01 00:46:25] INFO: Подписка на чат | Context: {"connection_id":888,"user_id":3,"chat_type":"transaction","chat_id":5,"chat_key":"transaction_5","total_subscribers":1}
[2025-12-01 00:46:26] DEBUG: Получено сообщение | Context: {"connection_id":888,"user_id":3,"type":"mark_read"}
[2025-12-01 00:46:26] INFO: Сообщения отмечены как прочитанные | Context: {"connection_id":888,"user_id":3,"chat_type":"transaction","chat_id":5}
[2025-12-01 00:46:26] DEBUG: Обновление счетчиков непрочитанных | Context: {"user_id":3}
[2025-12-01 00:46:26] DEBUG: Получено сообщение | Context: {"connection_id":888,"user_id":3,"type":"get_unread_counts"}
[2025-12-01 00:46:26] DEBUG: Запрос счетчиков непрочитанных | Context: {"connection_id":888,"user_id":3}
[2025-12-01 00:46:26] DEBUG: Получено сообщение | Context: {"connection_id":888,"user_id":3,"type":"get_unread_counts"}
[2025-12-01 00:46:26] DEBUG: Запрос счетчиков непрочитанных | Context: {"connection_id":888,"user_id":3}
[2025-12-01 00:46:28] DEBUG: Периодическое обновление счетчиков | Context: {"users_count":2}
[2025-12-01 00:46:28] DEBUG: Обновление счетчиков непрочитанных | Context: {"user_id":2}
[2025-12-01 00:46:28] DEBUG: Обновление счетчиков непрочитанных | Context: {"user_id":3}
[2025-12-01 00:46:28] DEBUG: Получено сообщение | Context: {"connection_id":888,"user_id":3,"type":"send_message"}
[2025-12-01 00:46:28] INFO: Отправка сообщения через WebSocket | Context: {"connection_id":888,"user_id":3,"chat_type":"transaction","chat_id":5,"message_id":496,"message_length":6,"chat_key":"transaction_5"}
[2025-12-01 00:46:28] DEBUG: Начало рассылки сообщения | Context: {"chat_key":"transaction_5","subscribers_count":1,"exclude_user_id":3}
[2025-12-01 00:46:28] DEBUG: Пропуск отправителя | Context: {"chat_key":"transaction_5","user_id":3}
[2025-12-01 00:46:28] INFO: Рассылка сообщения в чат завершена | Context: {"chat_key":"transaction_5","sent":0,"errors":0,"exclude_user_id":3}
[2025-12-01 00:46:28] DEBUG: Обновление счетчиков непрочитанных | Context: {"user_id":2}
[2025-12-01 00:46:28] DEBUG: Обновление счетчиков непрочитанных | Context: {"user_id":3}
[2025-12-01 00:46:28] DEBUG: Получено сообщение | Context: {"connection_id":757,"user_id":2,"type":"get_unread_counts"}
[2025-12-01 00:46:28] DEBUG: Запрос счетчиков непрочитанных | Context: {"connection_id":757,"user_id":2}
[2025-12-01 00:46:28] DEBUG: Получено сообщение | Context: {"connection_id":888,"user_id":3,"type":"get_unread_counts"}
[2025-12-01 00:46:28] DEBUG: Запрос счетчиков непрочитанных | Context: {"connection_id":888,"user_id":3}
[2025-12-01 00:46:31] DEBUG: Периодическое обновление счетчиков | Context: {"users_count":2}
[2025-12-01 00:46:31] DEBUG: Обновление счетчиков непрочитанных | Context: {"user_id":2}
[2025-12-01 00:46:31] DEBUG: Обновление счетчиков непрочитанных | Context: {"user_id":3}
[2025-12-01 00:46:33] DEBUG: Получено сообщение | Context: {"connection_id":757,"user_id":2,"type":"get_unread_counts"}
[2025-12-01 00:46:33] DEBUG: Запрос счетчиков непрочитанных | Context: {"connection_id":757,"user_id":2}
[2025-12-01 00:46:34] DEBUG: Периодическое обновление счетчиков | Context: {"users_count":2}
[2025-12-01 00:46:34] DEBUG: Обновление счетчиков непрочитанных | Context: {"user_id":2}
[2025-12-01 00:46:34] DEBUG: Обновление счетчиков непрочитанных | Context: {"user_id":3}
[2025-12-01 00:46:37] DEBUG: Периодическое обновление счетчиков | Context: {"users_count":2}
[2025-12-01 00:46:37] DEBUG: Обновление счетчиков непрочитанных | Context: {"user_id":2}
[2025-12-01 00:46:37] DEBUG: Обновление счетчиков непрочитанных | Context: {"user_id":3}
[2025-12-01 00:46:40] DEBUG: Периодическое обновление счетчиков | Context: {"users_count":2}
[2025-12-01 00:46:40] DEBUG: Обновление счетчиков непрочитанных | Context: {"user_id":2}
[2025-12-01 00:46:40] DEBUG: Обновление счетчиков непрочитанных | Context: {"user_id":3}
[2025-12-01 00:46:43] DEBUG: Периодическое обновление счетчиков | Context: {"users_count":2}
[2025-12-01 00:46:43] DEBUG: Обновление счетчиков непрочитанных | Context: {"user_id":2}
[2025-12-01 00:46:43] DEBUG: Обновление счетчиков непрочитанных | Context: {"user_id":3}
[2025-12-01 00:46:46] DEBUG: Периодическое обновление счетчиков | Context: {"users_count":2}
[2025-12-01 00:46:46] DEBUG: Обновление счетчиков непрочитанных | Context: {"user_id":2}
[2025-12-01 00:46:46] DEBUG: Обновление счетчиков непрочитанных | Context: {"user_id":3}
[2025-12-01 00:46:49] DEBUG: Периодическое обновление счетчиков | Context: {"users_count":2}
[2025-12-01 00:46:49] DEBUG: Обновление счетчиков непрочитанных | Context: {"user_id":2}
[2025-12-01 00:46:49] DEBUG: Обновление счетчиков непрочитанных | Context: {"user_id":3}
[2025-12-01 00:46:52] DEBUG: Периодическое обновление счетчиков | Context: {"users_count":2}
[2025-12-01 00:46:52] DEBUG: Обновление счетчиков непрочитанных | Context: {"user_id":2}
[2025-12-01 00:46:52] DEBUG: Обновление счетчиков непрочитанных | Context: {"user_id":3}
[2025-12-01 00:46:53] DEBUG: Получено сообщение | Context: {"connection_id":888,"user_id":3,"type":"unsubscribe_chat"}
[2025-12-01 00:46:53] INFO: Отписка от чата | Context: {"connection_id":888,"user_id":3,"chat_type":"transaction","chat_id":5,"chat_key":"transaction_5"}
[2025-12-01 00:46:54] INFO: Клиент отключился | Context: {"connection_id":888,"user_id":3,"remote_address":"127.0.0.1"}
[2025-12-01 00:46:55] DEBUG: Периодическое обновление счетчиков | Context: {"users_count":1}
[2025-12-01 00:46:55] DEBUG: Обновление счетчиков непрочитанных | Context: {"user_id":2}
[2025-12-01 00:46:58] DEBUG: Периодическое обновление счетчиков | Context: {"users_count":1}
[2025-12-01 00:46:58] DEBUG: Обновление счетчиков непрочитанных | Context: {"user_id":2}
[2025-12-01 00:47:01] DEBUG: Периодическое обновление счетчиков | Context: {"users_count":1}
[2025-12-01 00:47:01] DEBUG: Обновление счетчиков непрочитанных | Context: {"user_id":2}
[2025-12-01 00:47:04] DEBUG: Периодическое обновление счетчиков | Context: {"users_count":1}
[2025-12-01 00:47:04] DEBUG: Обновление счетчиков непрочитанных | Context: {"user_id":2}
[2025-12-01 00:47:05] DEBUG: Получено сообщение | Context: {"connection_id":757,"user_id":2,"type":"get_unread_counts"}
[2025-12-01 00:47:05] DEBUG: Запрос счетчиков непрочитанных | Context: {"connection_id":757,"user_id":2}
[2025-12-01 00:47:07] DEBUG: Периодическое обновление счетчиков | Context: {"users_count":1}
[2025-12-01 00:47:07] DEBUG: Обновление счетчиков непрочитанных | Context: {"user_id":2}
[2025-12-01 00:47:10] DEBUG: Периодическое обновление счетчиков | Context: {"users_count":1}
[2025-12-01 00:47:10] DEBUG: Обновление счетчиков непрочитанных | Context: {"user_id":2}
[2025-12-01 00:47:13] DEBUG: Периодическое обновление счетчиков | Context: {"users_count":1}
[2025-12-01 00:47:13] DEBUG: Обновление счетчиков непрочитанных | Context: {"user_id":2}
[2025-12-01 00:47:16] DEBUG: Периодическое обновление счетчиков | Context: {"users_count":1}
[2025-12-01 00:47:16] DEBUG: Обновление счетчиков непрочитанных | Context: {"user_id":2}
[2025-12-01 00:47:19] DEBUG: Периодическое обновление счетчиков | Context: {"users_count":1}
[2025-12-01 00:47:19] DEBUG: Обновление счетчиков непрочитанных | Context: {"user_id":2}
[2025-12-01 00:47:22] DEBUG: Периодическое обновление счетчиков | Context: {"users_count":1}
[2025-12-01 00:47:22] DEBUG: Обновление счетчиков непрочитанных | Context: {"user_id":2}
[2025-12-01 00:47:25] DEBUG: Периодическое обновление счетчиков | Context: {"users_count":1}
[2025-12-01 00:47:25] DEBUG: Обновление счетчиков непрочитанных | Context: {"user_id":2}
[2025-12-01 00:47:28] DEBUG: Периодическое обновление счетчиков | Context: {"users_count":1}
[2025-12-01 00:47:28] DEBUG: Обновление счетчиков непрочитанных | Context: {"user_id":2}
[2025-12-01 00:47:31] DEBUG: Периодическое обновление счетчиков | Context: {"users_count":1}
[2025-12-01 00:47:31] DEBUG: Обновление счетчиков непрочитанных | Context: {"user_id":2}
[2025-12-01 00:47:34] DEBUG: Периодическое обновление счетчиков | Context: {"users_count":1}
[2025-12-01 00:47:34] DEBUG: Обновление счетчиков непрочитанных | Context: {"user_id":2}
[2025-12-01 00:47:37] DEBUG: Периодическое обновление счетчиков | Context: {"users_count":1}
[2025-12-01 00:47:37] DEBUG: Обновление счетчиков непрочитанных | Context: {"user_id":2}
[2025-12-01 00:47:40] DEBUG: Периодическое обновление счетчиков | Context: {"users_count":1}
[2025-12-01 00:47:40] DEBUG: Обновление счетчиков непрочитанных | Context: {"user_id":2}
[2025-12-01 00:47:43] DEBUG: Периодическое обновление счетчиков | Context: {"users_count":1}
[2025-12-01 00:47:43] DEBUG: Обновление счетчиков непрочитанных | Context: {"user_id":2}
[2025-12-01 00:47:46] DEBUG: Периодическое обновление счетчиков | Context: {"users_count":1}
[2025-12-01 00:47:46] DEBUG: Обновление счетчиков непрочитанных | Context: {"user_id":2}
[2025-12-01 00:47:49] DEBUG: Периодическое обновление счетчиков | Context: {"users_count":1}
[2025-12-01 00:47:49] DEBUG: Обновление счетчиков непрочитанных | Context: {"user_id":2}
[2025-12-01 00:47:52] DEBUG: Периодическое обновление счетчиков | Context: {"users_count":1}
[2025-12-01 00:47:52] DEBUG: Обновление счетчиков непрочитанных | Context: {"user_id":2}
[2025-12-01 00:47:55] DEBUG: Периодическое обновление счетчиков | Context: {"users_count":1}
[2025-12-01 00:47:55] DEBUG: Обновление счетчиков непрочитанных | Context: {"user_id":2}
[2025-12-01 00:47:58] INFO: Новое подключение | Context: {"connection_id":1113,"remote_address":"127.0.0.1"}
[2025-12-01 00:47:58] DEBUG: Получено сообщение | Context: {"connection_id":1113,"user_id":null,"type":"auth"}
[2025-12-01 00:47:58] INFO: Пользователь аутентифицирован | Context: {"connection_id":1113,"user_id":3,"user_email":"test@example.com","total_connections":1}
[2025-12-01 00:47:58] DEBUG: Получено сообщение | Context: {"connection_id":1113,"user_id":3,"type":"get_unread_counts"}
[2025-12-01 00:47:58] DEBUG: Запрос счетчиков непрочитанных | Context: {"connection_id":1113,"user_id":3}
[2025-12-01 00:47:58] DEBUG: Получено сообщение | Context: {"connection_id":1113,"user_id":3,"type":"mark_read"}
[2025-12-01 00:47:58] INFO: Сообщения отмечены как прочитанные | Context: {"connection_id":1113,"user_id":3,"chat_type":"transaction","chat_id":6}
[2025-12-01 00:47:58] DEBUG: Обновление счетчиков непрочитанных | Context: {"user_id":3}
[2025-12-01 00:47:58] DEBUG: Получено сообщение | Context: {"connection_id":1113,"user_id":3,"type":"get_unread_counts"}
[2025-12-01 00:47:58] DEBUG: Запрос счетчиков непрочитанных | Context: {"connection_id":1113,"user_id":3}
[2025-12-01 00:47:58] DEBUG: Периодическое обновление счетчиков | Context: {"users_count":2}
[2025-12-01 00:47:58] DEBUG: Обновление счетчиков непрочитанных | Context: {"user_id":2}
[2025-12-01 00:47:58] DEBUG: Обновление счетчиков непрочитанных | Context: {"user_id":3}
[2025-12-01 00:47:58] DEBUG: Получено сообщение | Context: {"connection_id":1113,"user_id":3,"type":"get_unread_counts"}
[2025-12-01 00:47:58] DEBUG: Запрос счетчиков непрочитанных | Context: {"connection_id":1113,"user_id":3}
[2025-12-01 00:48:01] DEBUG: Получено сообщение | Context: {"connection_id":1113,"user_id":3,"type":"send_message"}
[2025-12-01 00:48:01] INFO: Отправка сообщения через WebSocket | Context: {"connection_id":1113,"user_id":3,"chat_type":"transaction","chat_id":6,"message_id":497,"message_length":6,"chat_key":"transaction_6"}
[2025-12-01 00:48:01] WARNING: Нет подписок на чат | Context: {"chat_key":"transaction_6","total_subscriptions":0}
[2025-12-01 00:48:01] DEBUG: Обновление счетчиков непрочитанных | Context: {"user_id":3}
[2025-12-01 00:48:01] DEBUG: Обновление счетчиков непрочитанных | Context: {"user_id":2}
[2025-12-01 00:48:01] DEBUG: Получено сообщение | Context: {"connection_id":1113,"user_id":3,"type":"get_unread_counts"}
[2025-12-01 00:48:01] DEBUG: Запрос счетчиков непрочитанных | Context: {"connection_id":1113,"user_id":3}
[2025-12-01 00:48:01] DEBUG: Получено сообщение | Context: {"connection_id":757,"user_id":2,"type":"get_unread_counts"}
[2025-12-01 00:48:01] DEBUG: Запрос счетчиков непрочитанных | Context: {"connection_id":757,"user_id":2}
[2025-12-01 00:48:01] DEBUG: Периодическое обновление счетчиков | Context: {"users_count":2}
[2025-12-01 00:48:01] DEBUG: Обновление счетчиков непрочитанных | Context: {"user_id":2}
[2025-12-01 00:48:01] DEBUG: Обновление счетчиков непрочитанных | Context: {"user_id":3}
[2025-12-01 00:48:04] DEBUG: Получено сообщение | Context: {"connection_id":757,"user_id":2,"type":"get_unread_counts"}
[2025-12-01 00:48:04] DEBUG: Запрос счетчиков непрочитанных | Context: {"connection_id":757,"user_id":2}
[2025-12-01 00:48:04] DEBUG: Периодическое обновление счетчиков | Context: {"users_count":2}
[2025-12-01 00:48:04] DEBUG: Обновление счетчиков непрочитанных | Context: {"user_id":2}
[2025-12-01 00:48:04] DEBUG: Обновление счетчиков непрочитанных | Context: {"user_id":3}
[2025-12-01 00:48:05] DEBUG: Получено сообщение | Context: {"connection_id":757,"user_id":2,"type":"get_unread_counts"}
[2025-12-01 00:48:05] DEBUG: Запрос счетчиков непрочитанных | Context: {"connection_id":757,"user_id":2}
[2025-12-01 00:48:07] DEBUG: Периодическое обновление счетчиков | Context: {"users_count":2}
[2025-12-01 00:48:07] DEBUG: Обновление счетчиков непрочитанных | Context: {"user_id":2}
[2025-12-01 00:48:07] DEBUG: Обновление счетчиков непрочитанных | Context: {"user_id":3}
[2025-12-01 00:48:10] DEBUG: Периодическое обновление счетчиков | Context: {"users_count":2}
[2025-12-01 00:48:10] DEBUG: Обновление счетчиков непрочитанных | Context: {"user_id":2}
[2025-12-01 00:48:10] DEBUG: Обновление счетчиков непрочитанных | Context: {"user_id":3}
[2025-12-01 00:48:13] DEBUG: Периодическое обновление счетчиков | Context: {"users_count":2}
[2025-12-01 00:48:13] DEBUG: Обновление счетчиков непрочитанных | Context: {"user_id":2}
[2025-12-01 00:48:13] DEBUG: Обновление счетчиков непрочитанных | Context: {"user_id":3}
[2025-12-01 00:48:16] DEBUG: Периодическое обновление счетчиков | Context: {"users_count":2}
[2025-12-01 00:48:16] DEBUG: Обновление счетчиков непрочитанных | Context: {"user_id":2}
[2025-12-01 00:48:16] DEBUG: Обновление счетчиков непрочитанных | Context: {"user_id":3}
[2025-12-01 00:48:19] DEBUG: Периодическое обновление счетчиков | Context: {"users_count":2}
[2025-12-01 00:48:19] DEBUG: Обновление счетчиков непрочитанных | Context: {"user_id":2}
[2025-12-01 00:48:19] DEBUG: Обновление счетчиков непрочитанных | Context: {"user_id":3}
[2025-12-01 00:48:22] DEBUG: Периодическое обновление счетчиков | Context: {"users_count":2}
[2025-12-01 00:48:22] DEBUG: Обновление счетчиков непрочитанных | Context: {"user_id":2}
[2025-12-01 00:48:22] DEBUG: Обновление счетчиков непрочитанных | Context: {"user_id":3}
[2025-12-01 00:48:25] DEBUG: Периодическое обновление счетчиков | Context: {"users_count":2}
[2025-12-01 00:48:25] DEBUG: Обновление счетчиков непрочитанных | Context: {"user_id":2}
[2025-12-01 00:48:25] DEBUG: Обновление счетчиков непрочитанных | Context: {"user_id":3}
[2025-12-01 00:48:28] DEBUG: Периодическое обновление счетчиков | Context: {"users_count":2}
[2025-12-01 00:48:28] DEBUG: Обновление счетчиков непрочитанных | Context: {"user_id":2}
[2025-12-01 00:48:28] DEBUG: Обновление счетчиков непрочитанных | Context: {"user_id":3}
[2025-12-01 00:48:31] DEBUG: Периодическое обновление счетчиков | Context: {"users_count":2}
[2025-12-01 00:48:31] DEBUG: Обновление счетчиков непрочитанных | Context: {"user_id":2}
[2025-12-01 00:48:31] DEBUG: Обновление счетчиков непрочитанных | Context: {"user_id":3}
[2025-12-01 00:48:34] DEBUG: Получено сообщение | Context: {"connection_id":757,"user_id":2,"type":"get_unread_counts"}
[2025-12-01 00:48:34] DEBUG: Запрос счетчиков непрочитанных | Context: {"connection_id":757,"user_id":2}
[2025-12-01 00:48:34] DEBUG: Периодическое обновление счетчиков | Context: {"users_count":2}
[2025-12-01 00:48:34] DEBUG: Обновление счетчиков непрочитанных | Context: {"user_id":2}
[2025-12-01 00:48:34] DEBUG: Обновление счетчиков непрочитанных | Context: {"user_id":3}
[2025-12-01 00:48:37] DEBUG: Периодическое обновление счетчиков | Context: {"users_count":2}
[2025-12-01 00:48:37] DEBUG: Обновление счетчиков непрочитанных | Context: {"user_id":2}
[2025-12-01 00:48:37] DEBUG: Обновление счетчиков непрочитанных | Context: {"user_id":3}
[2025-12-01 00:48:40] DEBUG: Периодическое обновление счетчиков | Context: {"users_count":2}
[2025-12-01 00:48:40] DEBUG: Обновление счетчиков непрочитанных | Context: {"user_id":2}
[2025-12-01 00:48:40] DEBUG: Обновление счетчиков непрочитанных | Context: {"user_id":3}
[2025-12-01 00:48:43] DEBUG: Периодическое обновление счетчиков | Context: {"users_count":2}
[2025-12-01 00:48:43] DEBUG: Обновление счетчиков непрочитанных | Context: {"user_id":2}
[2025-12-01 00:48:43] DEBUG: Обновление счетчиков непрочитанных | Context: {"user_id":3}
[2025-12-01 00:48:46] DEBUG: Периодическое обновление счетчиков | Context: {"users_count":2}
[2025-12-01 00:48:46] DEBUG: Обновление счетчиков непрочитанных | Context: {"user_id":2}
[2025-12-01 00:48:46] DEBUG: Обновление счетчиков непрочитанных | Context: {"user_id":3}
[2025-12-01 00:48:49] DEBUG: Периодическое обновление счетчиков | Context: {"users_count":2}
[2025-12-01 00:48:49] DEBUG: Обновление счетчиков непрочитанных | Context: {"user_id":2}
[2025-12-01 00:48:49] DEBUG: Обновление счетчиков непрочитанных | Context: {"user_id":3}
[2025-12-01 00:48:52] DEBUG: Периодическое обновление счетчиков | Context: {"users_count":2}
[2025-12-01 00:48:52] DEBUG: Обновление счетчиков непрочитанных | Context: {"user_id":2}
[2025-12-01 00:48:53] DEBUG: Обновление счетчиков непрочитанных | Context: {"user_id":3}
[2025-12-01 00:48:55] DEBUG: Периодическое обновление счетчиков | Context: {"users_count":2}
[2025-12-01 00:48:55] DEBUG: Обновление счетчиков непрочитанных | Context: {"user_id":2}
[2025-12-01 00:48:55] DEBUG: Обновление счетчиков непрочитанных | Context: {"user_id":3}
[2025-12-01 00:48:58] DEBUG: Периодическое обновление счетчиков | Context: {"users_count":2}
[2025-12-01 00:48:58] DEBUG: Обновление счетчиков непрочитанных | Context: {"user_id":2}
[2025-12-01 00:48:59] DEBUG: Обновление счетчиков непрочитанных | Context: {"user_id":3}
[2025-12-01 00:49:02] DEBUG: Периодическое обновление счетчиков | Context: {"users_count":2}
[2025-12-01 00:49:02] DEBUG: Обновление счетчиков непрочитанных | Context: {"user_id":2}
[2025-12-01 00:49:02] DEBUG: Обновление счетчиков непрочитанных | Context: {"user_id":3}
[2025-12-01 00:49:05] DEBUG: Периодическое обновление счетчиков | Context: {"users_count":2}
[2025-12-01 00:49:05] DEBUG: Обновление счетчиков непрочитанных | Context: {"user_id":2}
[2025-12-01 00:49:05] DEBUG: Обновление счетчиков непрочитанных | Context: {"user_id":3}
[2025-12-01 00:49:07] DEBUG: Получено сообщение | Context: {"connection_id":1113,"user_id":3,"type":"subscribe_chat"}
[2025-12-01 00:49:07] INFO: Подписка на чат | Context: {"connection_id":1113,"user_id":3,"chat_type":"transaction","chat_id":6,"chat_key":"transaction_6","total_subscribers":1}
[2025-12-01 00:49:07] DEBUG: Получено сообщение | Context: {"connection_id":1113,"user_id":3,"type":"mark_read"}
[2025-12-01 00:49:07] INFO: Сообщения отмечены как прочитанные | Context: {"connection_id":1113,"user_id":3,"chat_type":"transaction","chat_id":6}
[2025-12-01 00:49:07] DEBUG: Обновление счетчиков непрочитанных | Context: {"user_id":3}
[2025-12-01 00:49:07] DEBUG: Получено сообщение | Context: {"connection_id":1113,"user_id":3,"type":"get_unread_counts"}
[2025-12-01 00:49:07] DEBUG: Запрос счетчиков непрочитанных | Context: {"connection_id":1113,"user_id":3}
[2025-12-01 00:49:07] DEBUG: Получено сообщение | Context: {"connection_id":1113,"user_id":3,"type":"get_unread_counts"}
[2025-12-01 00:49:07] DEBUG: Запрос счетчиков непрочитанных | Context: {"connection_id":1113,"user_id":3}
[2025-12-01 00:49:08] DEBUG: Периодическое обновление счетчиков | Context: {"users_count":2}
[2025-12-01 00:49:08] DEBUG: Обновление счетчиков непрочитанных | Context: {"user_id":2}
[2025-12-01 00:49:08] DEBUG: Обновление счетчиков непрочитанных | Context: {"user_id":3}
[2025-12-01 00:49:08] DEBUG: Получено сообщение | Context: {"connection_id":1113,"user_id":3,"type":"subscribe_chat"}
[2025-12-01 00:49:08] INFO: Подписка на чат | Context: {"connection_id":1113,"user_id":3,"chat_type":"transaction","chat_id":5,"chat_key":"transaction_5","total_subscribers":1}
[2025-12-01 00:49:09] DEBUG: Получено сообщение | Context: {"connection_id":1113,"user_id":3,"type":"mark_read"}
[2025-12-01 00:49:09] INFO: Сообщения отмечены как прочитанные | Context: {"connection_id":1113,"user_id":3,"chat_type":"transaction","chat_id":5}
[2025-12-01 00:49:09] DEBUG: Обновление счетчиков непрочитанных | Context: {"user_id":3}
[2025-12-01 00:49:09] DEBUG: Получено сообщение | Context: {"connection_id":1113,"user_id":3,"type":"get_unread_counts"}
[2025-12-01 00:49:09] DEBUG: Запрос счетчиков непрочитанных | Context: {"connection_id":1113,"user_id":3}
[2025-12-01 00:49:09] DEBUG: Получено сообщение | Context: {"connection_id":1113,"user_id":3,"type":"get_unread_counts"}
[2025-12-01 00:49:09] DEBUG: Запрос счетчиков непрочитанных | Context: {"connection_id":1113,"user_id":3}
[2025-12-01 00:49:10] DEBUG: Получено сообщение | Context: {"connection_id":1113,"user_id":3,"type":"subscribe_chat"}
[2025-12-01 00:49:10] INFO: Подписка на чат | Context: {"connection_id":1113,"user_id":3,"chat_type":"transaction","chat_id":3,"chat_key":"transaction_3","total_subscribers":1}
[2025-12-01 00:49:10] DEBUG: Получено сообщение | Context: {"connection_id":1113,"user_id":3,"type":"mark_read"}
[2025-12-01 00:49:10] INFO: Сообщения отмечены как прочитанные | Context: {"connection_id":1113,"user_id":3,"chat_type":"transaction","chat_id":3}
[2025-12-01 00:49:10] DEBUG: Обновление счетчиков непрочитанных | Context: {"user_id":3}
[2025-12-01 00:49:10] DEBUG: Получено сообщение | Context: {"connection_id":1113,"user_id":3,"type":"get_unread_counts"}
[2025-12-01 00:49:10] DEBUG: Запрос счетчиков непрочитанных | Context: {"connection_id":1113,"user_id":3}
[2025-12-01 00:49:10] DEBUG: Получено сообщение | Context: {"connection_id":1113,"user_id":3,"type":"get_unread_counts"}
[2025-12-01 00:49:10] DEBUG: Запрос счетчиков непрочитанных | Context: {"connection_id":1113,"user_id":3}
[2025-12-01 00:49:11] DEBUG: Периодическое обновление счетчиков | Context: {"users_count":2}
[2025-12-01 00:49:11] DEBUG: Обновление счетчиков непрочитанных | Context: {"user_id":2}
[2025-12-01 00:49:11] DEBUG: Обновление счетчиков непрочитанных | Context: {"user_id":3}
[2025-12-01 00:49:11] DEBUG: Получено сообщение | Context: {"connection_id":1113,"user_id":3,"type":"unsubscribe_chat"}
[2025-12-01 00:49:11] INFO: Отписка от чата | Context: {"connection_id":1113,"user_id":3,"chat_type":"transaction","chat_id":3,"chat_key":"transaction_3"}
[2025-12-01 00:49:11] DEBUG: Получено сообщение | Context: {"connection_id":1113,"user_id":3,"type":"subscribe_chat"}
[2025-12-01 00:49:11] INFO: Подписка на чат | Context: {"connection_id":1113,"user_id":3,"chat_type":"transaction","chat_id":3,"chat_key":"transaction_3","total_subscribers":1}
[2025-12-01 00:49:11] DEBUG: Получено сообщение | Context: {"connection_id":1113,"user_id":3,"type":"mark_read"}
[2025-12-01 00:49:11] INFO: Сообщения отмечены как прочитанные | Context: {"connection_id":1113,"user_id":3,"chat_type":"transaction","chat_id":3}
[2025-12-01 00:49:11] DEBUG: Обновление счетчиков непрочитанных | Context: {"user_id":3}
[2025-12-01 00:49:11] DEBUG: Получено сообщение | Context: {"connection_id":1113,"user_id":3,"type":"get_unread_counts"}
[2025-12-01 00:49:11] DEBUG: Запрос счетчиков непрочитанных | Context: {"connection_id":1113,"user_id":3}
[2025-12-01 00:49:11] DEBUG: Получено сообщение | Context: {"connection_id":1113,"user_id":3,"type":"get_unread_counts"}
[2025-12-01 00:49:11] DEBUG: Запрос счетчиков непрочитанных | Context: {"connection_id":1113,"user_id":3}
[2025-12-01 00:49:12] DEBUG: Получено сообщение | Context: {"connection_id":1113,"user_id":3,"type":"unsubscribe_chat"}
[2025-12-01 00:49:12] INFO: Отписка от чата | Context: {"connection_id":1113,"user_id":3,"chat_type":"transaction","chat_id":3,"chat_key":"transaction_3"}
[2025-12-01 00:49:12] DEBUG: Получено сообщение | Context: {"connection_id":1113,"user_id":3,"type":"subscribe_chat"}
[2025-12-01 00:49:12] INFO: Подписка на чат | Context: {"connection_id":1113,"user_id":3,"chat_type":"transaction","chat_id":3,"chat_key":"transaction_3","total_subscribers":1}
[2025-12-01 00:49:12] DEBUG: Получено сообщение | Context: {"connection_id":1113,"user_id":3,"type":"mark_read"}
[2025-12-01 00:49:12] INFO: Сообщения отмечены как прочитанные | Context: {"connection_id":1113,"user_id":3,"chat_type":"transaction","chat_id":3}
[2025-12-01 00:49:12] DEBUG: Обновление счетчиков непрочитанных | Context: {"user_id":3}
[2025-12-01 00:49:12] DEBUG: Получено сообщение | Context: {"connection_id":1113,"user_id":3,"type":"get_unread_counts"}
[2025-12-01 00:49:12] DEBUG: Запрос счетчиков непрочитанных | Context: {"connection_id":1113,"user_id":3}
[2025-12-01 00:49:12] DEBUG: Получено сообщение | Context: {"connection_id":1113,"user_id":3,"type":"get_unread_counts"}
[2025-12-01 00:49:12] DEBUG: Запрос счетчиков непрочитанных | Context: {"connection_id":1113,"user_id":3}
[2025-12-01 00:49:14] DEBUG: Периодическое обновление счетчиков | Context: {"users_count":2}
[2025-12-01 00:49:14] DEBUG: Обновление счетчиков непрочитанных | Context: {"user_id":2}
[2025-12-01 00:49:14] DEBUG: Обновление счетчиков непрочитанных | Context: {"user_id":3}
[2025-12-01 00:49:17] DEBUG: Периодическое обновление счетчиков | Context: {"users_count":2}
[2025-12-01 00:49:17] DEBUG: Обновление счетчиков непрочитанных | Context: {"user_id":2}
[2025-12-01 00:49:17] DEBUG: Обновление счетчиков непрочитанных | Context: {"user_id":3}
[2025-12-01 00:49:20] DEBUG: Периодическое обновление счетчиков | Context: {"users_count":2}
[2025-12-01 00:49:20] DEBUG: Обновление счетчиков непрочитанных | Context: {"user_id":2}
[2025-12-01 00:49:20] DEBUG: Обновление счетчиков непрочитанных | Context: {"user_id":3}
[2025-12-01 00:49:23] DEBUG: Периодическое обновление счетчиков | Context: {"users_count":2}
[2025-12-01 00:49:23] DEBUG: Обновление счетчиков непрочитанных | Context: {"user_id":2}
[2025-12-01 00:49:23] DEBUG: Обновление счетчиков непрочитанных | Context: {"user_id":3}
[2025-12-01 00:49:24] DEBUG: Получено сообщение | Context: {"connection_id":1113,"user_id":3,"type":"subscribe_chat"}
[2025-12-01 00:49:24] INFO: Подписка на чат | Context: {"connection_id":1113,"user_id":3,"chat_type":"transaction","chat_id":2,"chat_key":"transaction_2","total_subscribers":1}
[2025-12-01 00:49:25] DEBUG: Получено сообщение | Context: {"connection_id":1113,"user_id":3,"type":"mark_read"}
[2025-12-01 00:49:25] INFO: Сообщения отмечены как прочитанные | Context: {"connection_id":1113,"user_id":3,"chat_type":"transaction","chat_id":2}
[2025-12-01 00:49:25] DEBUG: Обновление счетчиков непрочитанных | Context: {"user_id":3}
[2025-12-01 00:49:25] DEBUG: Получено сообщение | Context: {"connection_id":1113,"user_id":3,"type":"get_unread_counts"}
[2025-12-01 00:49:25] DEBUG: Запрос счетчиков непрочитанных | Context: {"connection_id":1113,"user_id":3}
[2025-12-01 00:49:25] DEBUG: Получено сообщение | Context: {"connection_id":1113,"user_id":3,"type":"get_unread_counts"}
[2025-12-01 00:49:25] DEBUG: Запрос счетчиков непрочитанных | Context: {"connection_id":1113,"user_id":3}
[2025-12-01 00:49:25] DEBUG: Получено сообщение | Context: {"connection_id":1113,"user_id":3,"type":"subscribe_chat"}
[2025-12-01 00:49:25] INFO: Подписка на чат | Context: {"connection_id":1113,"user_id":3,"chat_type":"transaction","chat_id":1,"chat_key":"transaction_1","total_subscribers":1}
[2025-12-01 00:49:25] DEBUG: Получено сообщение | Context: {"connection_id":1113,"user_id":3,"type":"mark_read"}
[2025-12-01 00:49:25] INFO: Сообщения отмечены как прочитанные | Context: {"connection_id":1113,"user_id":3,"chat_type":"transaction","chat_id":1}
[2025-12-01 00:49:25] DEBUG: Обновление счетчиков непрочитанных | Context: {"user_id":3}
[2025-12-01 00:49:25] DEBUG: Получено сообщение | Context: {"connection_id":1113,"user_id":3,"type":"get_unread_counts"}
[2025-12-01 00:49:25] DEBUG: Запрос счетчиков непрочитанных | Context: {"connection_id":1113,"user_id":3}
[2025-12-01 00:49:26] DEBUG: Периодическое обновление счетчиков | Context: {"users_count":2}
[2025-12-01 00:49:26] DEBUG: Обновление счетчиков непрочитанных | Context: {"user_id":2}
[2025-12-01 00:49:26] DEBUG: Обновление счетчиков непрочитанных | Context: {"user_id":3}
[2025-12-01 00:49:26] DEBUG: Получено сообщение | Context: {"connection_id":1113,"user_id":3,"type":"get_unread_counts"}
[2025-12-01 00:49:26] DEBUG: Запрос счетчиков непрочитанных | Context: {"connection_id":1113,"user_id":3}
[2025-12-01 00:49:26] DEBUG: Получено сообщение | Context: {"connection_id":1113,"user_id":3,"type":"unsubscribe_chat"}
[2025-12-01 00:49:26] INFO: Отписка от чата | Context: {"connection_id":1113,"user_id":3,"chat_type":"transaction","chat_id":2,"chat_key":"transaction_2"}
[2025-12-01 00:49:26] DEBUG: Получено сообщение | Context: {"connection_id":1113,"user_id":3,"type":"subscribe_chat"}
[2025-12-01 00:49:26] INFO: Подписка на чат | Context: {"connection_id":1113,"user_id":3,"chat_type":"transaction","chat_id":2,"chat_key":"transaction_2","total_subscribers":1}
[2025-12-01 00:49:26] DEBUG: Получено сообщение | Context: {"connection_id":1113,"user_id":3,"type":"mark_read"}
[2025-12-01 00:49:26] INFO: Сообщения отмечены как прочитанные | Context: {"connection_id":1113,"user_id":3,"chat_type":"transaction","chat_id":2}
[2025-12-01 00:49:26] DEBUG: Обновление счетчиков непрочитанных | Context: {"user_id":3}
[2025-12-01 00:49:26] DEBUG: Получено сообщение | Context: {"connection_id":1113,"user_id":3,"type":"get_unread_counts"}
[2025-12-01 00:49:26] DEBUG: Запрос счетчиков непрочитанных | Context: {"connection_id":1113,"user_id":3}
[2025-12-01 00:49:26] DEBUG: Получено сообщение | Context: {"connection_id":1113,"user_id":3,"type":"get_unread_counts"}
[2025-12-01 00:49:26] DEBUG: Запрос счетчиков непрочитанных | Context: {"connection_id":1113,"user_id":3}
[2025-12-01 00:49:27] DEBUG: Получено сообщение | Context: {"connection_id":1113,"user_id":3,"type":"unsubscribe_chat"}
[2025-12-01 00:49:27] INFO: Отписка от чата | Context: {"connection_id":1113,"user_id":3,"chat_type":"transaction","chat_id":1,"chat_key":"transaction_1"}
[2025-12-01 00:49:27] DEBUG: Получено сообщение | Context: {"connection_id":1113,"user_id":3,"type":"subscribe_chat"}
[2025-12-01 00:49:27] INFO: Подписка на чат | Context: {"connection_id":1113,"user_id":3,"chat_type":"transaction","chat_id":1,"chat_key":"transaction_1","total_subscribers":1}
[2025-12-01 00:49:28] DEBUG: Получено сообщение | Context: {"connection_id":1113,"user_id":3,"type":"mark_read"}
[2025-12-01 00:49:28] INFO: Сообщения отмечены как прочитанные | Context: {"connection_id":1113,"user_id":3,"chat_type":"transaction","chat_id":1}
[2025-12-01 00:49:28] DEBUG: Обновление счетчиков непрочитанных | Context: {"user_id":3}
[2025-12-01 00:49:28] DEBUG: Получено сообщение | Context: {"connection_id":1113,"user_id":3,"type":"get_unread_counts"}
[2025-12-01 00:49:28] DEBUG: Запрос счетчиков непрочитанных | Context: {"connection_id":1113,"user_id":3}
[2025-12-01 00:49:28] DEBUG: Получено сообщение | Context: {"connection_id":1113,"user_id":3,"type":"get_unread_counts"}
[2025-12-01 00:49:28] DEBUG: Запрос счетчиков непрочитанных | Context: {"connection_id":1113,"user_id":3}
[2025-12-01 00:49:29] DEBUG: Периодическое обновление счетчиков | Context: {"users_count":2}
[2025-12-01 00:49:29] DEBUG: Обновление счетчиков непрочитанных | Context: {"user_id":2}
[2025-12-01 00:49:29] DEBUG: Обновление счетчиков непрочитанных | Context: {"user_id":3}
[2025-12-01 00:49:29] DEBUG: Получено сообщение | Context: {"connection_id":1113,"user_id":3,"type":"unsubscribe_chat"}
[2025-12-01 00:49:29] INFO: Отписка от чата | Context: {"connection_id":1113,"user_id":3,"chat_type":"transaction","chat_id":2,"chat_key":"transaction_2"}
[2025-12-01 00:49:29] DEBUG: Получено сообщение | Context: {"connection_id":1113,"user_id":3,"type":"subscribe_chat"}
[2025-12-01 00:49:29] INFO: Подписка на чат | Context: {"connection_id":1113,"user_id":3,"chat_type":"transaction","chat_id":2,"chat_key":"transaction_2","total_subscribers":1}
[2025-12-01 00:49:29] DEBUG: Получено сообщение | Context: {"connection_id":1113,"user_id":3,"type":"mark_read"}
[2025-12-01 00:49:29] INFO: Сообщения отмечены как прочитанные | Context: {"connection_id":1113,"user_id":3,"chat_type":"transaction","chat_id":2}
[2025-12-01 00:49:29] DEBUG: Обновление счетчиков непрочитанных | Context: {"user_id":3}
[2025-12-01 00:49:29] DEBUG: Получено сообщение | Context: {"connection_id":1113,"user_id":3,"type":"get_unread_counts"}
[2025-12-01 00:49:29] DEBUG: Запрос счетчиков непрочитанных | Context: {"connection_id":1113,"user_id":3}
[2025-12-01 00:49:30] DEBUG: Получено сообщение | Context: {"connection_id":1113,"user_id":3,"type":"get_unread_counts"}
[2025-12-01 00:49:30] DEBUG: Запрос счетчиков непрочитанных | Context: {"connection_id":1113,"user_id":3}
[2025-12-01 00:49:31] DEBUG: Получено сообщение | Context: {"connection_id":1113,"user_id":3,"type":"unsubscribe_chat"}
[2025-12-01 00:49:31] INFO: Отписка от чата | Context: {"connection_id":1113,"user_id":3,"chat_type":"transaction","chat_id":3,"chat_key":"transaction_3"}
[2025-12-01 00:49:31] DEBUG: Получено сообщение | Context: {"connection_id":1113,"user_id":3,"type":"subscribe_chat"}
[2025-12-01 00:49:31] INFO: Подписка на чат | Context: {"connection_id":1113,"user_id":3,"chat_type":"transaction","chat_id":3,"chat_key":"transaction_3","total_subscribers":1}
[2025-12-01 00:49:31] DEBUG: Получено сообщение | Context: {"connection_id":1113,"user_id":3,"type":"mark_read"}
[2025-12-01 00:49:31] INFO: Сообщения отмечены как прочитанные | Context: {"connection_id":1113,"user_id":3,"chat_type":"transaction","chat_id":3}
[2025-12-01 00:49:31] DEBUG: Обновление счетчиков непрочитанных | Context: {"user_id":3}
[2025-12-01 00:49:31] DEBUG: Получено сообщение | Context: {"connection_id":1113,"user_id":3,"type":"get_unread_counts"}
[2025-12-01 00:49:31] DEBUG: Запрос счетчиков непрочитанных | Context: {"connection_id":1113,"user_id":3}
[2025-12-01 00:49:31] DEBUG: Получено сообщение | Context: {"connection_id":1113,"user_id":3,"type":"get_unread_counts"}
[2025-12-01 00:49:31] DEBUG: Запрос счетчиков непрочитанных | Context: {"connection_id":1113,"user_id":3}
[2025-12-01 00:49:31] DEBUG: Получено сообщение | Context: {"connection_id":1113,"user_id":3,"type":"unsubscribe_chat"}
[2025-12-01 00:49:31] INFO: Отписка от чата | Context: {"connection_id":1113,"user_id":3,"chat_type":"transaction","chat_id":5,"chat_key":"transaction_5"}
[2025-12-01 00:49:32] DEBUG: Периодическое обновление счетчиков | Context: {"users_count":2}
[2025-12-01 00:49:32] DEBUG: Обновление счетчиков непрочитанных | Context: {"user_id":2}
[2025-12-01 00:49:32] DEBUG: Обновление счетчиков непрочитанных | Context: {"user_id":3}
[2025-12-01 00:49:32] DEBUG: Получено сообщение | Context: {"connection_id":1113,"user_id":3,"type":"subscribe_chat"}
[2025-12-01 00:49:32] INFO: Подписка на чат | Context: {"connection_id":1113,"user_id":3,"chat_type":"transaction","chat_id":5,"chat_key":"transaction_5","total_subscribers":1}
[2025-12-01 00:49:32] DEBUG: Получено сообщение | Context: {"connection_id":1113,"user_id":3,"type":"mark_read"}
[2025-12-01 00:49:32] INFO: Сообщения отмечены как прочитанные | Context: {"connection_id":1113,"user_id":3,"chat_type":"transaction","chat_id":5}
[2025-12-01 00:49:32] DEBUG: Обновление счетчиков непрочитанных | Context: {"user_id":3}
[2025-12-01 00:49:32] DEBUG: Получено сообщение | Context: {"connection_id":1113,"user_id":3,"type":"get_unread_counts"}
[2025-12-01 00:49:32] DEBUG: Запрос счетчиков непрочитанных | Context: {"connection_id":1113,"user_id":3}
[2025-12-01 00:49:32] DEBUG: Получено сообщение | Context: {"connection_id":1113,"user_id":3,"type":"get_unread_counts"}
[2025-12-01 00:49:32] DEBUG: Запрос счетчиков непрочитанных | Context: {"connection_id":1113,"user_id":3}
[2025-12-01 00:49:33] DEBUG: Получено сообщение | Context: {"connection_id":1113,"user_id":3,"type":"subscribe_chat"}
[2025-12-01 00:49:33] INFO: Подписка на чат | Context: {"connection_id":1113,"user_id":3,"chat_type":"community","chat_id":1,"chat_key":"community_1","total_subscribers":1}
[2025-12-01 00:49:33] DEBUG: Получено сообщение | Context: {"connection_id":1113,"user_id":3,"type":"mark_read"}
[2025-12-01 00:49:33] INFO: Сообщения отмечены как прочитанные | Context: {"connection_id":1113,"user_id":3,"chat_type":"community","chat_id":1}
[2025-12-01 00:49:33] DEBUG: Обновление счетчиков непрочитанных | Context: {"user_id":3}
[2025-12-01 00:49:33] DEBUG: Получено сообщение | Context: {"connection_id":1113,"user_id":3,"type":"get_unread_counts"}
[2025-12-01 00:49:33] DEBUG: Запрос счетчиков непрочитанных | Context: {"connection_id":1113,"user_id":3}
[2025-12-01 00:49:33] DEBUG: Получено сообщение | Context: {"connection_id":1113,"user_id":3,"type":"get_unread_counts"}
[2025-12-01 00:49:33] DEBUG: Запрос счетчиков непрочитанных | Context: {"connection_id":1113,"user_id":3}
[2025-12-01 00:49:34] DEBUG: Получено сообщение | Context: {"connection_id":1113,"user_id":3,"type":"unsubscribe_chat"}
[2025-12-01 00:49:34] INFO: Отписка от чата | Context: {"connection_id":1113,"user_id":3,"chat_type":"transaction","chat_id":6,"chat_key":"transaction_6"}
[2025-12-01 00:49:34] DEBUG: Получено сообщение | Context: {"connection_id":1113,"user_id":3,"type":"subscribe_chat"}
[2025-12-01 00:49:34] INFO: Подписка на чат | Context: {"connection_id":1113,"user_id":3,"chat_type":"transaction","chat_id":6,"chat_key":"transaction_6","total_subscribers":1}
[2025-12-01 00:49:34] DEBUG: Получено сообщение | Context: {"connection_id":1113,"user_id":3,"type":"mark_read"}
[2025-12-01 00:49:34] INFO: Сообщения отмечены как прочитанные | Context: {"connection_id":1113,"user_id":3,"chat_type":"transaction","chat_id":6}
[2025-12-01 00:49:34] DEBUG: Обновление счетчиков непрочитанных | Context: {"user_id":3}
[2025-12-01 00:49:35] DEBUG: Получено сообщение | Context: {"connection_id":1113,"user_id":3,"type":"get_unread_counts"}
[2025-12-01 00:49:35] DEBUG: Запрос счетчиков непрочитанных | Context: {"connection_id":1113,"user_id":3}
[2025-12-01 00:49:35] DEBUG: Периодическое обновление счетчиков | Context: {"users_count":2}
[2025-12-01 00:49:35] DEBUG: Обновление счетчиков непрочитанных | Context: {"user_id":2}
[2025-12-01 00:49:35] DEBUG: Обновление счетчиков непрочитанных | Context: {"user_id":3}
[2025-12-01 00:49:35] DEBUG: Получено сообщение | Context: {"connection_id":1113,"user_id":3,"type":"get_unread_counts"}
[2025-12-01 00:49:35] DEBUG: Запрос счетчиков непрочитанных | Context: {"connection_id":1113,"user_id":3}
[2025-12-01 00:49:36] DEBUG: Получено сообщение | Context: {"connection_id":757,"user_id":2,"type":"get_unread_counts"}
[2025-12-01 00:49:36] DEBUG: Запрос счетчиков непрочитанных | Context: {"connection_id":757,"user_id":2}
[2025-12-01 00:49:38] DEBUG: Периодическое обновление счетчиков | Context: {"users_count":2}
[2025-12-01 00:49:38] DEBUG: Обновление счетчиков непрочитанных | Context: {"user_id":2}
[2025-12-01 00:49:38] DEBUG: Обновление счетчиков непрочитанных | Context: {"user_id":3}
[2025-12-01 00:49:38] DEBUG: Получено сообщение | Context: {"connection_id":757,"user_id":2,"type":"get_unread_counts"}
[2025-12-01 00:49:38] DEBUG: Запрос счетчиков непрочитанных | Context: {"connection_id":757,"user_id":2}
[2025-12-01 00:49:39] DEBUG: Получено сообщение | Context: {"connection_id":757,"user_id":2,"type":"get_unread_counts"}
[2025-12-01 00:49:39] DEBUG: Запрос счетчиков непрочитанных | Context: {"connection_id":757,"user_id":2}
[2025-12-01 00:49:41] DEBUG: Периодическое обновление счетчиков | Context: {"users_count":2}
[2025-12-01 00:49:41] DEBUG: Обновление счетчиков непрочитанных | Context: {"user_id":2}
[2025-12-01 00:49:41] DEBUG: Обновление счетчиков непрочитанных | Context: {"user_id":3}
[2025-12-01 00:49:41] INFO: Клиент отключился | Context: {"connection_id":757,"user_id":2,"remote_address":"127.0.0.1"}
[2025-12-01 00:49:44] DEBUG: Периодическое обновление счетчиков | Context: {"users_count":1}
[2025-12-01 00:49:44] DEBUG: Обновление счетчиков непрочитанных | Context: {"user_id":3}
[2025-12-01 00:49:45] INFO: Новое подключение | Context: {"connection_id":1682,"remote_address":"127.0.0.1"}
[2025-12-01 00:49:45] DEBUG: Получено сообщение | Context: {"connection_id":1682,"user_id":null,"type":"auth"}
[2025-12-01 00:49:45] INFO: Пользователь аутентифицирован | Context: {"connection_id":1682,"user_id":2,"user_email":"admin@ogas","total_connections":1}
[2025-12-01 00:49:45] DEBUG: Получено сообщение | Context: {"connection_id":1682,"user_id":2,"type":"get_unread_counts"}
[2025-12-01 00:49:45] DEBUG: Запрос счетчиков непрочитанных | Context: {"connection_id":1682,"user_id":2}
[2025-12-01 00:49:45] DEBUG: Получено сообщение | Context: {"connection_id":1682,"user_id":2,"type":"mark_read"}
[2025-12-01 00:49:45] INFO: Сообщения отмечены как прочитанные | Context: {"connection_id":1682,"user_id":2,"chat_type":"transaction","chat_id":6}
[2025-12-01 00:49:45] DEBUG: Обновление счетчиков непрочитанных | Context: {"user_id":2}
[2025-12-01 00:49:45] DEBUG: Получено сообщение | Context: {"connection_id":1682,"user_id":2,"type":"get_unread_counts"}
[2025-12-01 00:49:45] DEBUG: Запрос счетчиков непрочитанных | Context: {"connection_id":1682,"user_id":2}
[2025-12-01 00:49:46] DEBUG: Получено сообщение | Context: {"connection_id":1682,"user_id":2,"type":"get_unread_counts"}
[2025-12-01 00:49:46] DEBUG: Запрос счетчиков непрочитанных | Context: {"connection_id":1682,"user_id":2}
[2025-12-01 00:49:46] DEBUG: Получено сообщение | Context: {"connection_id":1682,"user_id":2,"type":"subscribe_chat"}
[2025-12-01 00:49:46] INFO: Подписка на чат | Context: {"connection_id":1682,"user_id":2,"chat_type":"transaction","chat_id":5,"chat_key":"transaction_5","total_subscribers":2}
[2025-12-01 00:49:46] DEBUG: Получено сообщение | Context: {"connection_id":1682,"user_id":2,"type":"mark_read"}
[2025-12-01 00:49:46] INFO: Сообщения отмечены как прочитанные | Context: {"connection_id":1682,"user_id":2,"chat_type":"transaction","chat_id":5}
[2025-12-01 00:49:46] DEBUG: Обновление счетчиков непрочитанных | Context: {"user_id":2}
[2025-12-01 00:49:46] DEBUG: Получено сообщение | Context: {"connection_id":1682,"user_id":2,"type":"get_unread_counts"}
[2025-12-01 00:49:46] DEBUG: Запрос счетчиков непрочитанных | Context: {"connection_id":1682,"user_id":2}
[2025-12-01 00:49:46] DEBUG: Получено сообщение | Context: {"connection_id":1682,"user_id":2,"type":"get_unread_counts"}
[2025-12-01 00:49:46] DEBUG: Запрос счетчиков непрочитанных | Context: {"connection_id":1682,"user_id":2}
[2025-12-01 00:49:46] DEBUG: Получено сообщение | Context: {"connection_id":1682,"user_id":2,"type":"subscribe_chat"}
[2025-12-01 00:49:46] INFO: Подписка на чат | Context: {"connection_id":1682,"user_id":2,"chat_type":"transaction","chat_id":6,"chat_key":"transaction_6","total_subscribers":2}
[2025-12-01 00:49:47] DEBUG: Получено сообщение | Context: {"connection_id":1682,"user_id":2,"type":"mark_read"}
[2025-12-01 00:49:47] INFO: Сообщения отмечены как прочитанные | Context: {"connection_id":1682,"user_id":2,"chat_type":"transaction","chat_id":6}
[2025-12-01 00:49:47] DEBUG: Обновление счетчиков непрочитанных | Context: {"user_id":2}
[2025-12-01 00:49:47] DEBUG: Получено сообщение | Context: {"connection_id":1682,"user_id":2,"type":"get_unread_counts"}
[2025-12-01 00:49:47] DEBUG: Запрос счетчиков непрочитанных | Context: {"connection_id":1682,"user_id":2}
[2025-12-01 00:49:47] DEBUG: Периодическое обновление счетчиков | Context: {"users_count":2}
[2025-12-01 00:49:47] DEBUG: Обновление счетчиков непрочитанных | Context: {"user_id":3}
[2025-12-01 00:49:47] DEBUG: Обновление счетчиков непрочитанных | Context: {"user_id":2}
[2025-12-01 00:49:47] DEBUG: Получено сообщение | Context: {"connection_id":1682,"user_id":2,"type":"get_unread_counts"}
[2025-12-01 00:49:47] DEBUG: Запрос счетчиков непрочитанных | Context: {"connection_id":1682,"user_id":2}
[2025-12-01 00:49:47] DEBUG: Получено сообщение | Context: {"connection_id":1682,"user_id":2,"type":"unsubscribe_chat"}
[2025-12-01 00:49:47] INFO: Отписка от чата | Context: {"connection_id":1682,"user_id":2,"chat_type":"transaction","chat_id":5,"chat_key":"transaction_5"}
[2025-12-01 00:49:47] DEBUG: Получено сообщение | Context: {"connection_id":1682,"user_id":2,"type":"subscribe_chat"}
[2025-12-01 00:49:47] INFO: Подписка на чат | Context: {"connection_id":1682,"user_id":2,"chat_type":"transaction","chat_id":5,"chat_key":"transaction_5","total_subscribers":2}
[2025-12-01 00:49:47] DEBUG: Получено сообщение | Context: {"connection_id":1682,"user_id":2,"type":"mark_read"}
[2025-12-01 00:49:47] INFO: Сообщения отмечены как прочитанные | Context: {"connection_id":1682,"user_id":2,"chat_type":"transaction","chat_id":5}
[2025-12-01 00:49:47] DEBUG: Обновление счетчиков непрочитанных | Context: {"user_id":2}
[2025-12-01 00:49:47] DEBUG: Получено сообщение | Context: {"connection_id":1682,"user_id":2,"type":"get_unread_counts"}
[2025-12-01 00:49:47] DEBUG: Запрос счетчиков непрочитанных | Context: {"connection_id":1682,"user_id":2}
[2025-12-01 00:49:48] DEBUG: Получено сообщение | Context: {"connection_id":1682,"user_id":2,"type":"get_unread_counts"}
[2025-12-01 00:49:48] DEBUG: Запрос счетчиков непрочитанных | Context: {"connection_id":1682,"user_id":2}
[2025-12-01 00:49:50] DEBUG: Периодическое обновление счетчиков | Context: {"users_count":2}
[2025-12-01 00:49:50] DEBUG: Обновление счетчиков непрочитанных | Context: {"user_id":3}
[2025-12-01 00:49:50] DEBUG: Обновление счетчиков непрочитанных | Context: {"user_id":2}
[2025-12-01 00:49:52] DEBUG: Получено сообщение | Context: {"connection_id":1682,"user_id":2,"type":"unsubscribe_chat"}
[2025-12-01 00:49:52] INFO: Отписка от чата | Context: {"connection_id":1682,"user_id":2,"chat_type":"transaction","chat_id":6,"chat_key":"transaction_6"}
[2025-12-01 00:49:52] DEBUG: Получено сообщение | Context: {"connection_id":1682,"user_id":2,"type":"subscribe_chat"}
[2025-12-01 00:49:52] INFO: Подписка на чат | Context: {"connection_id":1682,"user_id":2,"chat_type":"transaction","chat_id":6,"chat_key":"transaction_6","total_subscribers":2}
[2025-12-01 00:49:52] DEBUG: Получено сообщение | Context: {"connection_id":1682,"user_id":2,"type":"mark_read"}
[2025-12-01 00:49:52] INFO: Сообщения отмечены как прочитанные | Context: {"connection_id":1682,"user_id":2,"chat_type":"transaction","chat_id":6}
[2025-12-01 00:49:52] DEBUG: Обновление счетчиков непрочитанных | Context: {"user_id":2}
[2025-12-01 00:49:52] DEBUG: Получено сообщение | Context: {"connection_id":1682,"user_id":2,"type":"get_unread_counts"}
[2025-12-01 00:49:52] DEBUG: Запрос счетчиков непрочитанных | Context: {"connection_id":1682,"user_id":2}
[2025-12-01 00:49:52] DEBUG: Получено сообщение | Context: {"connection_id":1682,"user_id":2,"type":"get_unread_counts"}
[2025-12-01 00:49:52] DEBUG: Запрос счетчиков непрочитанных | Context: {"connection_id":1682,"user_id":2}
[2025-12-01 00:49:53] DEBUG: Периодическое обновление счетчиков | Context: {"users_count":2}
[2025-12-01 00:49:53] DEBUG: Обновление счетчиков непрочитанных | Context: {"user_id":3}
[2025-12-01 00:49:53] DEBUG: Обновление счетчиков непрочитанных | Context: {"user_id":2}
[2025-12-01 00:49:55] DEBUG: Получено сообщение | Context: {"connection_id":1113,"user_id":3,"type":"unsubscribe_chat"}
[2025-12-01 00:49:55] INFO: Отписка от чата | Context: {"connection_id":1113,"user_id":3,"chat_type":"transaction","chat_id":6,"chat_key":"transaction_6"}
[2025-12-01 00:49:55] DEBUG: Получено сообщение | Context: {"connection_id":1113,"user_id":3,"type":"subscribe_chat"}
[2025-12-01 00:49:55] INFO: Подписка на чат | Context: {"connection_id":1113,"user_id":3,"chat_type":"transaction","chat_id":6,"chat_key":"transaction_6","total_subscribers":2}
[2025-12-01 00:49:56] DEBUG: Получено сообщение | Context: {"connection_id":1113,"user_id":3,"type":"mark_read"}
[2025-12-01 00:49:56] INFO: Сообщения отмечены как прочитанные | Context: {"connection_id":1113,"user_id":3,"chat_type":"transaction","chat_id":6}
[2025-12-01 00:49:56] DEBUG: Обновление счетчиков непрочитанных | Context: {"user_id":3}
[2025-12-01 00:49:56] DEBUG: Получено сообщение | Context: {"connection_id":1113,"user_id":3,"type":"get_unread_counts"}
[2025-12-01 00:49:56] DEBUG: Запрос счетчиков непрочитанных | Context: {"connection_id":1113,"user_id":3}
[2025-12-01 00:49:56] DEBUG: Периодическое обновление счетчиков | Context: {"users_count":2}
[2025-12-01 00:49:56] DEBUG: Обновление счетчиков непрочитанных | Context: {"user_id":3}
[2025-12-01 00:49:56] DEBUG: Обновление счетчиков непрочитанных | Context: {"user_id":2}
[2025-12-01 00:49:56] DEBUG: Получено сообщение | Context: {"connection_id":1113,"user_id":3,"type":"get_unread_counts"}
[2025-12-01 00:49:56] DEBUG: Запрос счетчиков непрочитанных | Context: {"connection_id":1113,"user_id":3}
[2025-12-01 00:49:59] DEBUG: Периодическое обновление счетчиков | Context: {"users_count":2}
[2025-12-01 00:49:59] DEBUG: Обновление счетчиков непрочитанных | Context: {"user_id":3}
[2025-12-01 00:49:59] DEBUG: Обновление счетчиков непрочитанных | Context: {"user_id":2}
[2025-12-01 00:50:02] DEBUG: Периодическое обновление счетчиков | Context: {"users_count":2}
[2025-12-01 00:50:02] DEBUG: Обновление счетчиков непрочитанных | Context: {"user_id":3}
[2025-12-01 00:50:02] DEBUG: Обновление счетчиков непрочитанных | Context: {"user_id":2}
[2025-12-01 00:50:05] DEBUG: Периодическое обновление счетчиков | Context: {"users_count":2}
[2025-12-01 00:50:05] DEBUG: Обновление счетчиков непрочитанных | Context: {"user_id":3}
[2025-12-01 00:50:05] DEBUG: Обновление счетчиков непрочитанных | Context: {"user_id":2}
[2025-12-01 00:50:08] DEBUG: Периодическое обновление счетчиков | Context: {"users_count":2}
[2025-12-01 00:50:08] DEBUG: Обновление счетчиков непрочитанных | Context: {"user_id":3}
[2025-12-01 00:50:08] DEBUG: Обновление счетчиков непрочитанных | Context: {"user_id":2}
[2025-12-01 00:50:11] DEBUG: Периодическое обновление счетчиков | Context: {"users_count":2}
[2025-12-01 00:50:11] DEBUG: Обновление счетчиков непрочитанных | Context: {"user_id":3}
[2025-12-01 00:50:11] DEBUG: Обновление счетчиков непрочитанных | Context: {"user_id":2}
[2025-12-01 00:50:14] DEBUG: Периодическое обновление счетчиков | Context: {"users_count":2}
[2025-12-01 00:50:14] DEBUG: Обновление счетчиков непрочитанных | Context: {"user_id":3}
[2025-12-01 00:50:14] DEBUG: Обновление счетчиков непрочитанных | Context: {"user_id":2}
[2025-12-01 00:50:17] DEBUG: Периодическое обновление счетчиков | Context: {"users_count":2}
[2025-12-01 00:50:17] DEBUG: Обновление счетчиков непрочитанных | Context: {"user_id":3}
[2025-12-01 00:50:17] DEBUG: Обновление счетчиков непрочитанных | Context: {"user_id":2}
[2025-12-01 00:50:20] DEBUG: Периодическое обновление счетчиков | Context: {"users_count":2}
[2025-12-01 00:50:20] DEBUG: Обновление счетчиков непрочитанных | Context: {"user_id":3}
[2025-12-01 00:50:20] DEBUG: Обновление счетчиков непрочитанных | Context: {"user_id":2}
[2025-12-01 00:50:23] DEBUG: Периодическое обновление счетчиков | Context: {"users_count":2}
[2025-12-01 00:50:23] DEBUG: Обновление счетчиков непрочитанных | Context: {"user_id":3}
[2025-12-01 00:50:23] DEBUG: Обновление счетчиков непрочитанных | Context: {"user_id":2}
[2025-12-01 00:50:26] DEBUG: Периодическое обновление счетчиков | Context: {"users_count":2}
[2025-12-01 00:50:26] DEBUG: Обновление счетчиков непрочитанных | Context: {"user_id":3}
[2025-12-01 00:50:26] DEBUG: Обновление счетчиков непрочитанных | Context: {"user_id":2}
[2025-12-01 00:50:29] DEBUG: Периодическое обновление счетчиков | Context: {"users_count":2}
[2025-12-01 00:50:29] DEBUG: Обновление счетчиков непрочитанных | Context: {"user_id":3}
[2025-12-01 00:50:29] DEBUG: Обновление счетчиков непрочитанных | Context: {"user_id":2}
[2025-12-01 00:50:31] DEBUG: Получено сообщение | Context: {"connection_id":1682,"user_id":2,"type":"unsubscribe_chat"}
[2025-12-01 00:50:31] INFO: Отписка от чата | Context: {"connection_id":1682,"user_id":2,"chat_type":"transaction","chat_id":6,"chat_key":"transaction_6"}
[2025-12-01 00:50:31] DEBUG: Получено сообщение | Context: {"connection_id":1682,"user_id":2,"type":"unsubscribe_chat"}
[2025-12-01 00:50:31] INFO: Отписка от чата | Context: {"connection_id":1682,"user_id":2,"chat_type":"transaction","chat_id":5,"chat_key":"transaction_5"}
[2025-12-01 00:50:31] INFO: Клиент отключился | Context: {"connection_id":1682,"user_id":2,"remote_address":"127.0.0.1"}
[2025-12-01 00:50:32] DEBUG: Периодическое обновление счетчиков | Context: {"users_count":1}
[2025-12-01 00:50:32] DEBUG: Обновление счетчиков непрочитанных | Context: {"user_id":3}
[2025-12-01 00:50:35] DEBUG: Периодическое обновление счетчиков | Context: {"users_count":1}
[2025-12-01 00:50:35] DEBUG: Обновление счетчиков непрочитанных | Context: {"user_id":3}
[2025-12-01 00:50:38] DEBUG: Периодическое обновление счетчиков | Context: {"users_count":1}
[2025-12-01 00:50:38] DEBUG: Обновление счетчиков непрочитанных | Context: {"user_id":3}
[2025-12-01 00:50:41] DEBUG: Периодическое обновление счетчиков | Context: {"users_count":1}
[2025-12-01 00:50:41] DEBUG: Обновление счетчиков непрочитанных | Context: {"user_id":3}
[2025-12-01 00:50:44] DEBUG: Периодическое обновление счетчиков | Context: {"users_count":1}
[2025-12-01 00:50:44] DEBUG: Обновление счетчиков непрочитанных | Context: {"user_id":3}
[2025-12-01 00:50:47] DEBUG: Периодическое обновление счетчиков | Context: {"users_count":1}
[2025-12-01 00:50:47] DEBUG: Обновление счетчиков непрочитанных | Context: {"user_id":3}
[2025-12-01 00:50:50] DEBUG: Периодическое обновление счетчиков | Context: {"users_count":1}
[2025-12-01 00:50:50] DEBUG: Обновление счетчиков непрочитанных | Context: {"user_id":3}
[2025-12-01 00:50:53] DEBUG: Периодическое обновление счетчиков | Context: {"users_count":1}
[2025-12-01 00:50:53] DEBUG: Обновление счетчиков непрочитанных | Context: {"user_id":3}
[2025-12-01 00:50:56] DEBUG: Периодическое обновление счетчиков | Context: {"users_count":1}
[2025-12-01 00:50:56] DEBUG: Обновление счетчиков непрочитанных | Context: {"user_id":3}
[2025-12-01 00:50:59] DEBUG: Периодическое обновление счетчиков | Context: {"users_count":1}
[2025-12-01 00:50:59] DEBUG: Обновление счетчиков непрочитанных | Context: {"user_id":3}
[2025-12-01 00:51:02] DEBUG: Периодическое обновление счетчиков | Context: {"users_count":1}
[2025-12-01 00:51:02] DEBUG: Обновление счетчиков непрочитанных | Context: {"user_id":3}
[2025-12-01 00:51:05] DEBUG: Периодическое обновление счетчиков | Context: {"users_count":1}
[2025-12-01 00:51:05] DEBUG: Обновление счетчиков непрочитанных | Context: {"user_id":3}
[2025-12-01 00:51:08] DEBUG: Периодическое обновление счетчиков | Context: {"users_count":1}
[2025-12-01 00:51:08] DEBUG: Обновление счетчиков непрочитанных | Context: {"user_id":3}
[2025-12-01 00:51:11] DEBUG: Периодическое обновление счетчиков | Context: {"users_count":1}
[2025-12-01 00:51:11] DEBUG: Обновление счетчиков непрочитанных | Context: {"user_id":3}
[2025-12-01 00:51:14] DEBUG: Периодическое обновление счетчиков | Context: {"users_count":1}
[2025-12-01 00:51:14] DEBUG: Обновление счетчиков непрочитанных | Context: {"user_id":3}
[2025-12-01 00:51:17] DEBUG: Периодическое обновление счетчиков | Context: {"users_count":1}
[2025-12-01 00:51:17] DEBUG: Обновление счетчиков непрочитанных | Context: {"user_id":3}
[2025-12-01 00:51:20] DEBUG: Периодическое обновление счетчиков | Context: {"users_count":1}
[2025-12-01 00:51:20] DEBUG: Обновление счетчиков непрочитанных | Context: {"user_id":3}
[2025-12-01 00:51:23] DEBUG: Периодическое обновление счетчиков | Context: {"users_count":1}
[2025-12-01 00:51:23] DEBUG: Обновление счетчиков непрочитанных | Context: {"user_id":3}
[2025-12-01 00:51:26] DEBUG: Периодическое обновление счетчиков | Context: {"users_count":1}
[2025-12-01 00:51:26] DEBUG: Обновление счетчиков непрочитанных | Context: {"user_id":3}
[2025-12-01 00:51:29] DEBUG: Периодическое обновление счетчиков | Context: {"users_count":1}
[2025-12-01 00:51:29] DEBUG: Обновление счетчиков непрочитанных | Context: {"user_id":3}
[2025-12-01 00:51:32] DEBUG: Периодическое обновление счетчиков | Context: {"users_count":1}
[2025-12-01 00:51:32] DEBUG: Обновление счетчиков непрочитанных | Context: {"user_id":3}
[2025-12-01 00:51:35] DEBUG: Периодическое обновление счетчиков | Context: {"users_count":1}
[2025-12-01 00:51:35] DEBUG: Обновление счетчиков непрочитанных | Context: {"user_id":3}
[2025-12-01 00:51:38] DEBUG: Периодическое обновление счетчиков | Context: {"users_count":1}
[2025-12-01 00:51:38] DEBUG: Обновление счетчиков непрочитанных | Context: {"user_id":3}
[2025-12-01 00:51:41] DEBUG: Периодическое обновление счетчиков | Context: {"users_count":1}
[2025-12-01 00:51:41] DEBUG: Обновление счетчиков непрочитанных | Context: {"user_id":3}
[2025-12-01 00:51:44] DEBUG: Периодическое обновление счетчиков | Context: {"users_count":1}
[2025-12-01 00:51:44] DEBUG: Обновление счетчиков непрочитанных | Context: {"user_id":3}
[2025-12-01 00:51:47] DEBUG: Периодическое обновление счетчиков | Context: {"users_count":1}
[2025-12-01 00:51:47] DEBUG: Обновление счетчиков непрочитанных | Context: {"user_id":3}
[2025-12-01 00:51:50] DEBUG: Периодическое обновление счетчиков | Context: {"users_count":1}
[2025-12-01 00:51:50] DEBUG: Обновление счетчиков непрочитанных | Context: {"user_id":3}
[2025-12-01 00:51:53] DEBUG: Периодическое обновление счетчиков | Context: {"users_count":1}
[2025-12-01 00:51:53] DEBUG: Обновление счетчиков непрочитанных | Context: {"user_id":3}
[2025-12-01 00:51:56] DEBUG: Периодическое обновление счетчиков | Context: {"users_count":1}
[2025-12-01 00:51:56] DEBUG: Обновление счетчиков непрочитанных | Context: {"user_id":3}
[2025-12-01 00:51:59] DEBUG: Получено сообщение | Context: {"connection_id":1113,"user_id":3,"type":"unsubscribe_chat"}
[2025-12-01 00:51:59] INFO: Отписка от чата | Context: {"connection_id":1113,"user_id":3,"chat_type":"transaction","chat_id":6,"chat_key":"transaction_6"}
[2025-12-01 00:51:59] DEBUG: Получено сообщение | Context: {"connection_id":1113,"user_id":3,"type":"unsubscribe_chat"}
[2025-12-01 00:51:59] INFO: Отписка от чата | Context: {"connection_id":1113,"user_id":3,"chat_type":"transaction","chat_id":5,"chat_key":"transaction_5"}
[2025-12-01 00:51:59] DEBUG: Получено сообщение | Context: {"connection_id":1113,"user_id":3,"type":"unsubscribe_chat"}
[2025-12-01 00:51:59] INFO: Отписка от чата | Context: {"connection_id":1113,"user_id":3,"chat_type":"transaction","chat_id":3,"chat_key":"transaction_3"}
[2025-12-01 00:51:59] DEBUG: Получено сообщение | Context: {"connection_id":1113,"user_id":3,"type":"unsubscribe_chat"}
[2025-12-01 00:51:59] INFO: Отписка от чата | Context: {"connection_id":1113,"user_id":3,"chat_type":"transaction","chat_id":2,"chat_key":"transaction_2"}
[2025-12-01 00:51:59] DEBUG: Получено сообщение | Context: {"connection_id":1113,"user_id":3,"type":"unsubscribe_chat"}
[2025-12-01 00:51:59] INFO: Отписка от чата | Context: {"connection_id":1113,"user_id":3,"chat_type":"transaction","chat_id":1,"chat_key":"transaction_1"}
[2025-12-01 00:51:59] DEBUG: Получено сообщение | Context: {"connection_id":1113,"user_id":3,"type":"unsubscribe_chat"}
[2025-12-01 00:51:59] INFO: Отписка от чата | Context: {"connection_id":1113,"user_id":3,"chat_type":"community","chat_id":1,"chat_key":"community_1"}
[2025-12-01 00:51:59] ERROR: Ошибка WebSocket соединения | Context: {"connection_id":1113,"user_id":3,"remote_address":"127.0.0.1","error":"Unable to write to stream: fwrite(): SSL operation failed with code 1. OpenSSL Error messages:\nerror:1420C0CF:SSL routines:ssl_write_internal:protocol is shutdown","file":"F:\\OpenServer\\domains\\ogas\\vendor\\react\\stream\\src\\WritableResourceStream.php","line":150,"trace":"#0 F:\\OpenServer\\domains\\ogas\\vendor\\react\\event-loop\\src\\StreamSelectLoop.php(254): React\\Stream\\WritableResourceStream->handleWrite()\n#1 F:\\OpenServer\\domains\\ogas\\vendor\\react\\event-loop\\src\\StreamSelectLoop.php(213): React\\EventLoop\\StreamSelectLoop->waitForStreamActivity()\n#2 F:\\OpenServer\\domains\\ogas\\vendor\\cboden\\ratchet\\src\\Ratchet\\Server\\IoServer.php(74): React\\EventLoop\\StreamSelectLoop->run()\n#3 F:\\OpenServer\\domains\\ogas\\websocket\\chat-server.php(1469): Ratchet\\Server\\IoServer->run()\n#4 {main}"}
[2025-12-01 00:51:59] INFO: Клиент отключился | Context: {"connection_id":1113,"user_id":3,"remote_address":"127.0.0.1"}
[2025-12-01 00:52:02] INFO: Новое подключение | Context: {"connection_id":2055,"remote_address":"127.0.0.1"}
[2025-12-01 00:52:02] DEBUG: Получено сообщение | Context: {"connection_id":2055,"user_id":null,"type":"auth"}
[2025-12-01 00:52:02] INFO: Пользователь аутентифицирован | Context: {"connection_id":2055,"user_id":3,"user_email":"test@example.com","total_connections":1}
[2025-12-01 00:52:02] DEBUG: Получено сообщение | Context: {"connection_id":2055,"user_id":3,"type":"get_unread_counts"}
[2025-12-01 00:52:02] DEBUG: Запрос счетчиков непрочитанных | Context: {"connection_id":2055,"user_id":3}
[2025-12-01 00:52:02] DEBUG: Периодическое обновление счетчиков | Context: {"users_count":1}
[2025-12-01 00:52:02] DEBUG: Обновление счетчиков непрочитанных | Context: {"user_id":3}
[2025-12-01 00:52:02] DEBUG: Получено сообщение | Context: {"connection_id":2055,"user_id":3,"type":"subscribe_chat"}
[2025-12-01 00:52:02] INFO: Подписка на чат | Context: {"connection_id":2055,"user_id":3,"chat_type":"support","chat_id":1,"chat_key":"support_1","total_subscribers":1}
[2025-12-01 00:52:03] INFO: Клиент отключился | Context: {"connection_id":2055,"user_id":3,"remote_address":"127.0.0.1"}
[2025-12-01 00:52:04] INFO: Новое подключение | Context: {"connection_id":2079,"remote_address":"127.0.0.1"}
[2025-12-01 00:52:04] DEBUG: Получено сообщение | Context: {"connection_id":2079,"user_id":null,"type":"auth"}
[2025-12-01 00:52:04] INFO: Пользователь аутентифицирован | Context: {"connection_id":2079,"user_id":3,"user_email":"test@example.com","total_connections":1}
[2025-12-01 00:52:04] DEBUG: Получено сообщение | Context: {"connection_id":2079,"user_id":3,"type":"get_unread_counts"}
[2025-12-01 00:52:04] DEBUG: Запрос счетчиков непрочитанных | Context: {"connection_id":2079,"user_id":3}
[2025-12-01 00:52:04] DEBUG: Получено сообщение | Context: {"connection_id":2079,"user_id":3,"type":"subscribe_chat"}
[2025-12-01 00:52:04] INFO: Подписка на чат | Context: {"connection_id":2079,"user_id":3,"chat_type":"support","chat_id":2,"chat_key":"support_2","total_subscribers":1}
[2025-12-01 00:52:05] DEBUG: Периодическое обновление счетчиков | Context: {"users_count":1}
[2025-12-01 00:52:05] DEBUG: Обновление счетчиков непрочитанных | Context: {"user_id":3}
[2025-12-01 00:52:08] DEBUG: Периодическое обновление счетчиков | Context: {"users_count":1}
[2025-12-01 00:52:08] DEBUG: Обновление счетчиков непрочитанных | Context: {"user_id":3}
[2025-12-01 00:52:11] DEBUG: Периодическое обновление счетчиков | Context: {"users_count":1}
[2025-12-01 00:52:11] DEBUG: Обновление счетчиков непрочитанных | Context: {"user_id":3}
[2025-12-01 00:52:14] DEBUG: Периодическое обновление счетчиков | Context: {"users_count":1}
[2025-12-01 00:52:14] DEBUG: Обновление счетчиков непрочитанных | Context: {"user_id":3}
[2025-12-01 00:52:17] DEBUG: Периодическое обновление счетчиков | Context: {"users_count":1}
[2025-12-01 00:52:17] DEBUG: Обновление счетчиков непрочитанных | Context: {"user_id":3}
[2025-12-01 00:52:20] DEBUG: Периодическое обновление счетчиков | Context: {"users_count":1}
[2025-12-01 00:52:20] DEBUG: Обновление счетчиков непрочитанных | Context: {"user_id":3}
[2025-12-01 00:52:23] DEBUG: Периодическое обновление счетчиков | Context: {"users_count":1}
[2025-12-01 00:52:23] DEBUG: Обновление счетчиков непрочитанных | Context: {"user_id":3}
[2025-12-01 00:52:26] DEBUG: Периодическое обновление счетчиков | Context: {"users_count":1}
[2025-12-01 00:52:26] DEBUG: Обновление счетчиков непрочитанных | Context: {"user_id":3}
[2025-12-01 00:52:29] DEBUG: Периодическое обновление счетчиков | Context: {"users_count":1}
[2025-12-01 00:52:29] DEBUG: Обновление счетчиков непрочитанных | Context: {"user_id":3}
[2025-12-01 00:52:32] DEBUG: Периодическое обновление счетчиков | Context: {"users_count":1}
[2025-12-01 00:52:32] DEBUG: Обновление счетчиков непрочитанных | Context: {"user_id":3}
[2025-12-01 00:52:35] DEBUG: Периодическое обновление счетчиков | Context: {"users_count":1}
[2025-12-01 00:52:35] DEBUG: Обновление счетчиков непрочитанных | Context: {"user_id":3}
[2025-12-01 00:52:38] DEBUG: Периодическое обновление счетчиков | Context: {"users_count":1}
[2025-12-01 00:52:38] DEBUG: Обновление счетчиков непрочитанных | Context: {"user_id":3}
[2025-12-01 00:52:41] DEBUG: Периодическое обновление счетчиков | Context: {"users_count":1}
[2025-12-01 00:52:41] DEBUG: Обновление счетчиков непрочитанных | Context: {"user_id":3}
[2025-12-01 00:52:44] DEBUG: Периодическое обновление счетчиков | Context: {"users_count":1}
[2025-12-01 00:52:44] DEBUG: Обновление счетчиков непрочитанных | Context: {"user_id":3}
[2025-12-01 00:52:47] DEBUG: Периодическое обновление счетчиков | Context: {"users_count":1}
[2025-12-01 00:52:47] DEBUG: Обновление счетчиков непрочитанных | Context: {"user_id":3}
[2025-12-01 00:52:50] DEBUG: Периодическое обновление счетчиков | Context: {"users_count":1}
[2025-12-01 00:52:50] DEBUG: Обновление счетчиков непрочитанных | Context: {"user_id":3}
[2025-12-01 00:52:53] DEBUG: Периодическое обновление счетчиков | Context: {"users_count":1}
[2025-12-01 00:52:53] DEBUG: Обновление счетчиков непрочитанных | Context: {"user_id":3}
[2025-12-01 00:52:56] DEBUG: Периодическое обновление счетчиков | Context: {"users_count":1}
[2025-12-01 00:52:56] DEBUG: Обновление счетчиков непрочитанных | Context: {"user_id":3}
[2025-12-01 00:52:59] DEBUG: Периодическое обновление счетчиков | Context: {"users_count":1}
[2025-12-01 00:52:59] DEBUG: Обновление счетчиков непрочитанных | Context: {"user_id":3}
[2025-12-01 00:53:02] DEBUG: Периодическое обновление счетчиков | Context: {"users_count":1}
[2025-12-01 00:53:02] DEBUG: Обновление счетчиков непрочитанных | Context: {"user_id":3}
[2025-12-01 00:53:05] DEBUG: Периодическое обновление счетчиков | Context: {"users_count":1}
[2025-12-01 00:53:05] DEBUG: Обновление счетчиков непрочитанных | Context: {"user_id":3}
[2025-12-01 00:53:08] DEBUG: Периодическое обновление счетчиков | Context: {"users_count":1}
[2025-12-01 00:53:08] DEBUG: Обновление счетчиков непрочитанных | Context: {"user_id":3}
[2025-12-01 00:53:11] DEBUG: Периодическое обновление счетчиков | Context: {"users_count":1}
[2025-12-01 00:53:11] DEBUG: Обновление счетчиков непрочитанных | Context: {"user_id":3}
[2025-12-01 00:53:14] DEBUG: Периодическое обновление счетчиков | Context: {"users_count":1}
[2025-12-01 00:53:14] DEBUG: Обновление счетчиков непрочитанных | Context: {"user_id":3}
[2025-12-01 00:53:17] DEBUG: Периодическое обновление счетчиков | Context: {"users_count":1}
[2025-12-01 00:53:17] DEBUG: Обновление счетчиков непрочитанных | Context: {"user_id":3}
[2025-12-01 00:53:20] DEBUG: Периодическое обновление счетчиков | Context: {"users_count":1}
[2025-12-01 00:53:20] DEBUG: Обновление счетчиков непрочитанных | Context: {"user_id":3}
[2025-12-01 00:53:23] DEBUG: Периодическое обновление счетчиков | Context: {"users_count":1}
[2025-12-01 00:53:23] DEBUG: Обновление счетчиков непрочитанных | Context: {"user_id":3}
[2025-12-01 00:53:26] DEBUG: Периодическое обновление счетчиков | Context: {"users_count":1}
[2025-12-01 00:53:26] DEBUG: Обновление счетчиков непрочитанных | Context: {"user_id":3}
[2025-12-01 00:53:29] DEBUG: Периодическое обновление счетчиков | Context: {"users_count":1}
[2025-12-01 00:53:29] DEBUG: Обновление счетчиков непрочитанных | Context: {"user_id":3}
[2025-12-01 00:53:32] DEBUG: Периодическое обновление счетчиков | Context: {"users_count":1}
[2025-12-01 00:53:32] DEBUG: Обновление счетчиков непрочитанных | Context: {"user_id":3}
[2025-12-01 00:53:35] DEBUG: Периодическое обновление счетчиков | Context: {"users_count":1}
[2025-12-01 00:53:35] DEBUG: Обновление счетчиков непрочитанных | Context: {"user_id":3}
[2025-12-01 00:53:38] DEBUG: Периодическое обновление счетчиков | Context: {"users_count":1}
[2025-12-01 00:53:38] DEBUG: Обновление счетчиков непрочитанных | Context: {"user_id":3}
[2025-12-01 00:53:41] DEBUG: Периодическое обновление счетчиков | Context: {"users_count":1}
[2025-12-01 00:53:41] DEBUG: Обновление счетчиков непрочитанных | Context: {"user_id":3}
[2025-12-01 00:53:44] DEBUG: Периодическое обновление счетчиков | Context: {"users_count":1}
[2025-12-01 00:53:44] DEBUG: Обновление счетчиков непрочитанных | Context: {"user_id":3}
[2025-12-01 00:53:47] DEBUG: Периодическое обновление счетчиков | Context: {"users_count":1}
[2025-12-01 00:53:47] DEBUG: Обновление счетчиков непрочитанных | Context: {"user_id":3}
[2025-12-01 00:53:50] DEBUG: Периодическое обновление счетчиков | Context: {"users_count":1}
[2025-12-01 00:53:50] DEBUG: Обновление счетчиков непрочитанных | Context: {"user_id":3}
[2025-12-01 00:53:53] DEBUG: Периодическое обновление счетчиков | Context: {"users_count":1}
[2025-12-01 00:53:53] DEBUG: Обновление счетчиков непрочитанных | Context: {"user_id":3}
[2025-12-01 00:53:56] DEBUG: Периодическое обновление счетчиков | Context: {"users_count":1}
[2025-12-01 00:53:56] DEBUG: Обновление счетчиков непрочитанных | Context: {"user_id":3}
[2025-12-01 00:53:59] DEBUG: Периодическое обновление счетчиков | Context: {"users_count":1}
[2025-12-01 00:53:59] DEBUG: Обновление счетчиков непрочитанных | Context: {"user_id":3}
[2025-12-01 00:54:02] DEBUG: Периодическое обновление счетчиков | Context: {"users_count":1}
[2025-12-01 00:54:02] DEBUG: Обновление счетчиков непрочитанных | Context: {"user_id":3}
[2025-12-01 00:54:05] DEBUG: Периодическое обновление счетчиков | Context: {"users_count":1}
[2025-12-01 00:54:05] DEBUG: Обновление счетчиков непрочитанных | Context: {"user_id":3}
[2025-12-01 00:54:08] DEBUG: Периодическое обновление счетчиков | Context: {"users_count":1}
[2025-12-01 00:54:08] DEBUG: Обновление счетчиков непрочитанных | Context: {"user_id":3}
[2025-12-01 00:54:11] DEBUG: Периодическое обновление счетчиков | Context: {"users_count":1}
[2025-12-01 00:54:11] DEBUG: Обновление счетчиков непрочитанных | Context: {"user_id":3}
[2025-12-01 00:54:14] DEBUG: Периодическое обновление счетчиков | Context: {"users_count":1}
[2025-12-01 00:54:14] DEBUG: Обновление счетчиков непрочитанных | Context: {"user_id":3}
[2025-12-01 00:54:17] ERROR: Ошибка WebSocket соединения | Context: {"connection_id":2079,"user_id":3,"remote_address":"127.0.0.1","error":"Unable to write to stream: fwrite(): SSL operation failed with code 1. OpenSSL Error messages:\nerror:1420C0CF:SSL routines:ssl_write_internal:protocol is shutdown","file":"F:\\OpenServer\\domains\\ogas\\vendor\\react\\stream\\src\\WritableResourceStream.php","line":150,"trace":"#0 F:\\OpenServer\\domains\\ogas\\vendor\\react\\event-loop\\src\\StreamSelectLoop.php(254): React\\Stream\\WritableResourceStream->handleWrite()\n#1 F:\\OpenServer\\domains\\ogas\\vendor\\react\\event-loop\\src\\StreamSelectLoop.php(213): React\\EventLoop\\StreamSelectLoop->waitForStreamActivity()\n#2 F:\\OpenServer\\domains\\ogas\\vendor\\cboden\\ratchet\\src\\Ratchet\\Server\\IoServer.php(74): React\\EventLoop\\StreamSelectLoop->run()\n#3 F:\\OpenServer\\domains\\ogas\\websocket\\chat-server.php(1469): Ratchet\\Server\\IoServer->run()\n#4 {main}"}
[2025-12-01 00:54:17] INFO: Клиент отключился | Context: {"connection_id":2079,"user_id":3,"remote_address":"127.0.0.1"}
[2025-12-01 00:54:17] INFO: Новое подключение | Context: {"connection_id":2276,"remote_address":"127.0.0.1"}
[2025-12-01 00:54:17] DEBUG: Получено сообщение | Context: {"connection_id":2276,"user_id":null,"type":"auth"}
[2025-12-01 00:54:17] INFO: Пользователь аутентифицирован | Context: {"connection_id":2276,"user_id":3,"user_email":"test@example.com","total_connections":1}
[2025-12-01 00:54:17] DEBUG: Получено сообщение | Context: {"connection_id":2276,"user_id":3,"type":"get_unread_counts"}
[2025-12-01 00:54:17] DEBUG: Запрос счетчиков непрочитанных | Context: {"connection_id":2276,"user_id":3}
[2025-12-01 00:54:18] DEBUG: Получено сообщение | Context: {"connection_id":2276,"user_id":3,"type":"subscribe_chat"}
[2025-12-01 00:54:18] INFO: Подписка на чат | Context: {"connection_id":2276,"user_id":3,"chat_type":"support","chat_id":2,"chat_key":"support_2","total_subscribers":1}
[2025-12-01 00:54:18] INFO: Клиент отключился | Context: {"connection_id":2276,"user_id":3,"remote_address":"127.0.0.1"}
[2025-12-01 00:55:57] INFO: Новое подключение | Context: {"connection_id":2295,"remote_address":"127.0.0.1"}
[2025-12-01 00:55:57] DEBUG: Получено сообщение | Context: {"connection_id":2295,"user_id":null,"type":"auth"}
[2025-12-01 00:55:57] INFO: Пользователь аутентифицирован | Context: {"connection_id":2295,"user_id":3,"user_email":"test@example.com","total_connections":1}
[2025-12-01 00:55:57] DEBUG: Получено сообщение | Context: {"connection_id":2295,"user_id":3,"type":"get_unread_counts"}
[2025-12-01 00:55:57] DEBUG: Запрос счетчиков непрочитанных | Context: {"connection_id":2295,"user_id":3}
[2025-12-01 00:55:57] DEBUG: Получено сообщение | Context: {"connection_id":2295,"user_id":3,"type":"mark_read"}
[2025-12-01 00:55:57] INFO: Сообщения отмечены как прочитанные | Context: {"connection_id":2295,"user_id":3,"chat_type":"transaction","chat_id":5}
[2025-12-01 00:55:57] DEBUG: Обновление счетчиков непрочитанных | Context: {"user_id":3}
[2025-12-01 00:55:57] DEBUG: Получено сообщение | Context: {"connection_id":2295,"user_id":3,"type":"get_unread_counts"}
[2025-12-01 00:55:57] DEBUG: Запрос счетчиков непрочитанных | Context: {"connection_id":2295,"user_id":3}
[2025-12-01 00:55:58] DEBUG: Получено сообщение | Context: {"connection_id":2295,"user_id":3,"type":"get_unread_counts"}
[2025-12-01 00:55:58] DEBUG: Запрос счетчиков непрочитанных | Context: {"connection_id":2295,"user_id":3}
[2025-12-01 00:56:00] DEBUG: Периодическое обновление счетчиков | Context: {"users_count":1}
[2025-12-01 00:56:00] DEBUG: Обновление счетчиков непрочитанных | Context: {"user_id":3}
[2025-12-01 00:56:02] DEBUG: Получено сообщение | Context: {"connection_id":2295,"user_id":3,"type":"subscribe_chat"}
[2025-12-01 00:56:02] INFO: Подписка на чат | Context: {"connection_id":2295,"user_id":3,"chat_type":"transaction","chat_id":6,"chat_key":"transaction_6","total_subscribers":1}
[2025-12-01 00:56:02] DEBUG: Получено сообщение | Context: {"connection_id":2295,"user_id":3,"type":"mark_read"}
[2025-12-01 00:56:02] INFO: Сообщения отмечены как прочитанные | Context: {"connection_id":2295,"user_id":3,"chat_type":"transaction","chat_id":6}
[2025-12-01 00:56:02] DEBUG: Обновление счетчиков непрочитанных | Context: {"user_id":3}
[2025-12-01 00:56:02] DEBUG: Получено сообщение | Context: {"connection_id":2295,"user_id":3,"type":"get_unread_counts"}
[2025-12-01 00:56:02] DEBUG: Запрос счетчиков непрочитанных | Context: {"connection_id":2295,"user_id":3}
[2025-12-01 00:56:02] DEBUG: Получено сообщение | Context: {"connection_id":2295,"user_id":3,"type":"get_unread_counts"}
[2025-12-01 00:56:02] DEBUG: Запрос счетчиков непрочитанных | Context: {"connection_id":2295,"user_id":3}
[2025-12-01 00:56:03] DEBUG: Периодическое обновление счетчиков | Context: {"users_count":1}
[2025-12-01 00:56:03] DEBUG: Обновление счетчиков непрочитанных | Context: {"user_id":3}
[2025-12-01 00:56:04] DEBUG: Получено сообщение | Context: {"connection_id":2295,"user_id":3,"type":"subscribe_chat"}
[2025-12-01 00:56:04] INFO: Подписка на чат | Context: {"connection_id":2295,"user_id":3,"chat_type":"transaction","chat_id":1,"chat_key":"transaction_1","total_subscribers":1}
[2025-12-01 00:56:04] DEBUG: Получено сообщение | Context: {"connection_id":2295,"user_id":3,"type":"mark_read"}
[2025-12-01 00:56:04] INFO: Сообщения отмечены как прочитанные | Context: {"connection_id":2295,"user_id":3,"chat_type":"transaction","chat_id":1}
[2025-12-01 00:56:04] DEBUG: Обновление счетчиков непрочитанных | Context: {"user_id":3}
[2025-12-01 00:56:04] DEBUG: Получено сообщение | Context: {"connection_id":2295,"user_id":3,"type":"get_unread_counts"}
[2025-12-01 00:56:04] DEBUG: Запрос счетчиков непрочитанных | Context: {"connection_id":2295,"user_id":3}
[2025-12-01 00:56:04] DEBUG: Получено сообщение | Context: {"connection_id":2295,"user_id":3,"type":"get_unread_counts"}
[2025-12-01 00:56:04] DEBUG: Запрос счетчиков непрочитанных | Context: {"connection_id":2295,"user_id":3}
[2025-12-01 00:56:04] DEBUG: Получено сообщение | Context: {"connection_id":2295,"user_id":3,"type":"subscribe_chat"}
[2025-12-01 00:56:04] INFO: Подписка на чат | Context: {"connection_id":2295,"user_id":3,"chat_type":"transaction","chat_id":2,"chat_key":"transaction_2","total_subscribers":1}
[2025-12-01 00:56:05] DEBUG: Получено сообщение | Context: {"connection_id":2295,"user_id":3,"type":"mark_read"}
[2025-12-01 00:56:05] INFO: Сообщения отмечены как прочитанные | Context: {"connection_id":2295,"user_id":3,"chat_type":"transaction","chat_id":2}
[2025-12-01 00:56:05] DEBUG: Обновление счетчиков непрочитанных | Context: {"user_id":3}
[2025-12-01 00:56:05] DEBUG: Получено сообщение | Context: {"connection_id":2295,"user_id":3,"type":"get_unread_counts"}
[2025-12-01 00:56:05] DEBUG: Запрос счетчиков непрочитанных | Context: {"connection_id":2295,"user_id":3}
[2025-12-01 00:56:05] DEBUG: Получено сообщение | Context: {"connection_id":2295,"user_id":3,"type":"get_unread_counts"}
[2025-12-01 00:56:05] DEBUG: Запрос счетчиков непрочитанных | Context: {"connection_id":2295,"user_id":3}
[2025-12-01 00:56:06] DEBUG: Периодическое обновление счетчиков | Context: {"users_count":1}
[2025-12-01 00:56:06] DEBUG: Обновление счетчиков непрочитанных | Context: {"user_id":3}
[2025-12-01 00:56:07] DEBUG: Получено сообщение | Context: {"connection_id":2295,"user_id":3,"type":"unsubscribe_chat"}
[2025-12-01 00:56:07] INFO: Отписка от чата | Context: {"connection_id":2295,"user_id":3,"chat_type":"transaction","chat_id":1,"chat_key":"transaction_1"}
[2025-12-01 00:56:07] DEBUG: Получено сообщение | Context: {"connection_id":2295,"user_id":3,"type":"subscribe_chat"}
[2025-12-01 00:56:07] INFO: Подписка на чат | Context: {"connection_id":2295,"user_id":3,"chat_type":"transaction","chat_id":1,"chat_key":"transaction_1","total_subscribers":1}
[2025-12-01 00:56:07] DEBUG: Получено сообщение | Context: {"connection_id":2295,"user_id":3,"type":"mark_read"}
[2025-12-01 00:56:07] INFO: Сообщения отмечены как прочитанные | Context: {"connection_id":2295,"user_id":3,"chat_type":"transaction","chat_id":1}
[2025-12-01 00:56:07] DEBUG: Обновление счетчиков непрочитанных | Context: {"user_id":3}
[2025-12-01 00:56:07] DEBUG: Получено сообщение | Context: {"connection_id":2295,"user_id":3,"type":"get_unread_counts"}
[2025-12-01 00:56:07] DEBUG: Запрос счетчиков непрочитанных | Context: {"connection_id":2295,"user_id":3}
[2025-12-01 00:56:07] DEBUG: Получено сообщение | Context: {"connection_id":2295,"user_id":3,"type":"subscribe_chat"}
[2025-12-01 00:56:07] INFO: Подписка на чат | Context: {"connection_id":2295,"user_id":3,"chat_type":"transaction","chat_id":3,"chat_key":"transaction_3","total_subscribers":1}
[2025-12-01 00:56:07] DEBUG: Получено сообщение | Context: {"connection_id":2295,"user_id":3,"type":"get_unread_counts"}
[2025-12-01 00:56:07] DEBUG: Запрос счетчиков непрочитанных | Context: {"connection_id":2295,"user_id":3}
[2025-12-01 00:56:08] DEBUG: Получено сообщение | Context: {"connection_id":2295,"user_id":3,"type":"mark_read"}
[2025-12-01 00:56:08] INFO: Сообщения отмечены как прочитанные | Context: {"connection_id":2295,"user_id":3,"chat_type":"transaction","chat_id":3}
[2025-12-01 00:56:08] DEBUG: Обновление счетчиков непрочитанных | Context: {"user_id":3}
[2025-12-01 00:56:08] DEBUG: Получено сообщение | Context: {"connection_id":2295,"user_id":3,"type":"get_unread_counts"}
[2025-12-01 00:56:08] DEBUG: Запрос счетчиков непрочитанных | Context: {"connection_id":2295,"user_id":3}
[2025-12-01 00:56:08] DEBUG: Получено сообщение | Context: {"connection_id":2295,"user_id":3,"type":"get_unread_counts"}
[2025-12-01 00:56:08] DEBUG: Запрос счетчиков непрочитанных | Context: {"connection_id":2295,"user_id":3}
[2025-12-01 00:56:09] DEBUG: Периодическое обновление счетчиков | Context: {"users_count":1}
[2025-12-01 00:56:09] DEBUG: Обновление счетчиков непрочитанных | Context: {"user_id":3}
[2025-12-01 00:56:12] DEBUG: Периодическое обновление счетчиков | Context: {"users_count":1}
[2025-12-01 00:56:12] DEBUG: Обновление счетчиков непрочитанных | Context: {"user_id":3}
[2025-12-01 00:56:15] DEBUG: Периодическое обновление счетчиков | Context: {"users_count":1}
[2025-12-01 00:56:15] DEBUG: Обновление счетчиков непрочитанных | Context: {"user_id":3}
[2025-12-01 00:56:18] DEBUG: Периодическое обновление счетчиков | Context: {"users_count":1}
[2025-12-01 00:56:18] DEBUG: Обновление счетчиков непрочитанных | Context: {"user_id":3}
[2025-12-01 00:56:21] DEBUG: Периодическое обновление счетчиков | Context: {"users_count":1}
[2025-12-01 00:56:21] DEBUG: Обновление счетчиков непрочитанных | Context: {"user_id":3}
[2025-12-01 00:56:24] DEBUG: Периодическое обновление счетчиков | Context: {"users_count":1}
[2025-12-01 00:56:24] DEBUG: Обновление счетчиков непрочитанных | Context: {"user_id":3}
[2025-12-01 00:56:27] DEBUG: Периодическое обновление счетчиков | Context: {"users_count":1}
[2025-12-01 00:56:27] DEBUG: Обновление счетчиков непрочитанных | Context: {"user_id":3}
[2025-12-01 00:56:30] DEBUG: Периодическое обновление счетчиков | Context: {"users_count":1}
[2025-12-01 00:56:30] DEBUG: Обновление счетчиков непрочитанных | Context: {"user_id":3}
[2025-12-01 00:56:33] DEBUG: Периодическое обновление счетчиков | Context: {"users_count":1}
[2025-12-01 00:56:33] DEBUG: Обновление счетчиков непрочитанных | Context: {"user_id":3}
[2025-12-01 00:56:36] DEBUG: Периодическое обновление счетчиков | Context: {"users_count":1}
[2025-12-01 00:56:36] DEBUG: Обновление счетчиков непрочитанных | Context: {"user_id":3}
[2025-12-01 00:56:39] DEBUG: Периодическое обновление счетчиков | Context: {"users_count":1}
[2025-12-01 00:56:39] DEBUG: Обновление счетчиков непрочитанных | Context: {"user_id":3}
[2025-12-01 00:56:42] DEBUG: Периодическое обновление счетчиков | Context: {"users_count":1}
[2025-12-01 00:56:42] DEBUG: Обновление счетчиков непрочитанных | Context: {"user_id":3}
[2025-12-01 00:56:45] DEBUG: Периодическое обновление счетчиков | Context: {"users_count":1}
[2025-12-01 00:56:45] DEBUG: Обновление счетчиков непрочитанных | Context: {"user_id":3}
[2025-12-01 00:56:48] DEBUG: Периодическое обновление счетчиков | Context: {"users_count":1}
[2025-12-01 00:56:48] DEBUG: Обновление счетчиков непрочитанных | Context: {"user_id":3}
[2025-12-01 00:56:51] DEBUG: Получено сообщение | Context: {"connection_id":2295,"user_id":3,"type":"unsubscribe_chat"}
[2025-12-01 00:56:51] INFO: Отписка от чата | Context: {"connection_id":2295,"user_id":3,"chat_type":"transaction","chat_id":6,"chat_key":"transaction_6"}
[2025-12-01 00:56:51] DEBUG: Получено сообщение | Context: {"connection_id":2295,"user_id":3,"type":"unsubscribe_chat"}
[2025-12-01 00:56:51] INFO: Отписка от чата | Context: {"connection_id":2295,"user_id":3,"chat_type":"transaction","chat_id":1,"chat_key":"transaction_1"}
[2025-12-01 00:56:51] DEBUG: Получено сообщение | Context: {"connection_id":2295,"user_id":3,"type":"unsubscribe_chat"}
[2025-12-01 00:56:51] INFO: Отписка от чата | Context: {"connection_id":2295,"user_id":3,"chat_type":"transaction","chat_id":2,"chat_key":"transaction_2"}
[2025-12-01 00:56:51] DEBUG: Получено сообщение | Context: {"connection_id":2295,"user_id":3,"type":"unsubscribe_chat"}
[2025-12-01 00:56:51] INFO: Отписка от чата | Context: {"connection_id":2295,"user_id":3,"chat_type":"transaction","chat_id":3,"chat_key":"transaction_3"}
[2025-12-01 00:56:51] ERROR: Ошибка WebSocket соединения | Context: {"connection_id":2295,"user_id":3,"remote_address":"127.0.0.1","error":"Unable to write to stream: fwrite(): SSL operation failed with code 1. OpenSSL Error messages:\nerror:1420C0CF:SSL routines:ssl_write_internal:protocol is shutdown","file":"F:\\OpenServer\\domains\\ogas\\vendor\\react\\stream\\src\\WritableResourceStream.php","line":150,"trace":"#0 F:\\OpenServer\\domains\\ogas\\vendor\\react\\event-loop\\src\\StreamSelectLoop.php(254): React\\Stream\\WritableResourceStream->handleWrite()\n#1 F:\\OpenServer\\domains\\ogas\\vendor\\react\\event-loop\\src\\StreamSelectLoop.php(213): React\\EventLoop\\StreamSelectLoop->waitForStreamActivity()\n#2 F:\\OpenServer\\domains\\ogas\\vendor\\cboden\\ratchet\\src\\Ratchet\\Server\\IoServer.php(74): React\\EventLoop\\StreamSelectLoop->run()\n#3 F:\\OpenServer\\domains\\ogas\\websocket\\chat-server.php(1469): Ratchet\\Server\\IoServer->run()\n#4 {main}"}
[2025-12-01 00:56:51] INFO: Клиент отключился | Context: {"connection_id":2295,"user_id":3,"remote_address":"127.0.0.1"}
[2025-12-01 00:57:33] INFO: Новое подключение | Context: {"connection_id":2504,"remote_address":"127.0.0.1"}
[2025-12-01 00:57:33] DEBUG: Получено сообщение | Context: {"connection_id":2504,"user_id":null,"type":"auth"}
[2025-12-01 00:57:33] INFO: Пользователь аутентифицирован | Context: {"connection_id":2504,"user_id":3,"user_email":"test@example.com","total_connections":1}
[2025-12-01 00:57:33] DEBUG: Получено сообщение | Context: {"connection_id":2504,"user_id":3,"type":"get_unread_counts"}
[2025-12-01 00:57:33] DEBUG: Запрос счетчиков непрочитанных | Context: {"connection_id":2504,"user_id":3}
[2025-12-01 00:57:33] DEBUG: Получено сообщение | Context: {"connection_id":2504,"user_id":3,"type":"mark_read"}
[2025-12-01 00:57:33] INFO: Сообщения отмечены как прочитанные | Context: {"connection_id":2504,"user_id":3,"chat_type":"community","chat_id":1}
[2025-12-01 00:57:33] DEBUG: Обновление счетчиков непрочитанных | Context: {"user_id":3}
[2025-12-01 00:57:33] DEBUG: Получено сообщение | Context: {"connection_id":2504,"user_id":3,"type":"get_unread_counts"}
[2025-12-01 00:57:33] DEBUG: Запрос счетчиков непрочитанных | Context: {"connection_id":2504,"user_id":3}
[2025-12-01 00:57:33] DEBUG: Получено сообщение | Context: {"connection_id":2504,"user_id":3,"type":"get_unread_counts"}
[2025-12-01 00:57:33] DEBUG: Запрос счетчиков непрочитанных | Context: {"connection_id":2504,"user_id":3}
[2025-12-01 00:57:34] DEBUG: Получено сообщение | Context: {"connection_id":2504,"user_id":3,"type":"subscribe_chat"}
[2025-12-01 00:57:34] INFO: Подписка на чат | Context: {"connection_id":2504,"user_id":3,"chat_type":"transaction","chat_id":6,"chat_key":"transaction_6","total_subscribers":1}
[2025-12-01 00:57:34] DEBUG: Получено сообщение | Context: {"connection_id":2504,"user_id":3,"type":"mark_read"}
[2025-12-01 00:57:34] INFO: Сообщения отмечены как прочитанные | Context: {"connection_id":2504,"user_id":3,"chat_type":"transaction","chat_id":6}
[2025-12-01 00:57:34] DEBUG: Обновление счетчиков непрочитанных | Context: {"user_id":3}
[2025-12-01 00:57:34] DEBUG: Получено сообщение | Context: {"connection_id":2504,"user_id":3,"type":"get_unread_counts"}
[2025-12-01 00:57:34] DEBUG: Запрос счетчиков непрочитанных | Context: {"connection_id":2504,"user_id":3}
[2025-12-01 00:57:34] DEBUG: Получено сообщение | Context: {"connection_id":2504,"user_id":3,"type":"get_unread_counts"}
[2025-12-01 00:57:34] DEBUG: Запрос счетчиков непрочитанных | Context: {"connection_id":2504,"user_id":3}
[2025-12-01 00:57:36] DEBUG: Получено сообщение | Context: {"connection_id":2504,"user_id":3,"type":"subscribe_chat"}
[2025-12-01 00:57:36] INFO: Подписка на чат | Context: {"connection_id":2504,"user_id":3,"chat_type":"transaction","chat_id":5,"chat_key":"transaction_5","total_subscribers":1}
[2025-12-01 00:57:36] DEBUG: Периодическое обновление счетчиков | Context: {"users_count":1}
[2025-12-01 00:57:36] DEBUG: Обновление счетчиков непрочитанных | Context: {"user_id":3}
[2025-12-01 00:57:36] DEBUG: Получено сообщение | Context: {"connection_id":2504,"user_id":3,"type":"mark_read"}
[2025-12-01 00:57:36] INFO: Сообщения отмечены как прочитанные | Context: {"connection_id":2504,"user_id":3,"chat_type":"transaction","chat_id":5}
[2025-12-01 00:57:36] DEBUG: Обновление счетчиков непрочитанных | Context: {"user_id":3}
[2025-12-01 00:57:36] DEBUG: Получено сообщение | Context: {"connection_id":2504,"user_id":3,"type":"get_unread_counts"}
[2025-12-01 00:57:36] DEBUG: Запрос счетчиков непрочитанных | Context: {"connection_id":2504,"user_id":3}
[2025-12-01 00:57:36] DEBUG: Получено сообщение | Context: {"connection_id":2504,"user_id":3,"type":"get_unread_counts"}
[2025-12-01 00:57:36] DEBUG: Запрос счетчиков непрочитанных | Context: {"connection_id":2504,"user_id":3}
[2025-12-01 00:57:37] DEBUG: Получено сообщение | Context: {"connection_id":2504,"user_id":3,"type":"unsubscribe_chat"}
[2025-12-01 00:57:37] INFO: Отписка от чата | Context: {"connection_id":2504,"user_id":3,"chat_type":"transaction","chat_id":6,"chat_key":"transaction_6"}
[2025-12-01 00:57:37] DEBUG: Получено сообщение | Context: {"connection_id":2504,"user_id":3,"type":"subscribe_chat"}
[2025-12-01 00:57:37] INFO: Подписка на чат | Context: {"connection_id":2504,"user_id":3,"chat_type":"transaction","chat_id":6,"chat_key":"transaction_6","total_subscribers":1}
[2025-12-01 00:57:37] DEBUG: Получено сообщение | Context: {"connection_id":2504,"user_id":3,"type":"mark_read"}
[2025-12-01 00:57:37] INFO: Сообщения отмечены как прочитанные | Context: {"connection_id":2504,"user_id":3,"chat_type":"transaction","chat_id":6}
[2025-12-01 00:57:37] DEBUG: Обновление счетчиков непрочитанных | Context: {"user_id":3}
[2025-12-01 00:57:37] DEBUG: Получено сообщение | Context: {"connection_id":2504,"user_id":3,"type":"get_unread_counts"}
[2025-12-01 00:57:37] DEBUG: Запрос счетчиков непрочитанных | Context: {"connection_id":2504,"user_id":3}
[2025-12-01 00:57:37] DEBUG: Получено сообщение | Context: {"connection_id":2504,"user_id":3,"type":"get_unread_counts"}
[2025-12-01 00:57:37] DEBUG: Запрос счетчиков непрочитанных | Context: {"connection_id":2504,"user_id":3}
[2025-12-01 00:57:39] DEBUG: Периодическое обновление счетчиков | Context: {"users_count":1}
[2025-12-01 00:57:39] DEBUG: Обновление счетчиков непрочитанных | Context: {"user_id":3}
[2025-12-01 00:57:41] DEBUG: Получено сообщение | Context: {"connection_id":2504,"user_id":3,"type":"unsubscribe_chat"}
[2025-12-01 00:57:41] INFO: Отписка от чата | Context: {"connection_id":2504,"user_id":3,"chat_type":"transaction","chat_id":5,"chat_key":"transaction_5"}
[2025-12-01 00:57:41] DEBUG: Получено сообщение | Context: {"connection_id":2504,"user_id":3,"type":"subscribe_chat"}
[2025-12-01 00:57:41] INFO: Подписка на чат | Context: {"connection_id":2504,"user_id":3,"chat_type":"transaction","chat_id":5,"chat_key":"transaction_5","total_subscribers":1}
[2025-12-01 00:57:41] DEBUG: Получено сообщение | Context: {"connection_id":2504,"user_id":3,"type":"mark_read"}
[2025-12-01 00:57:41] INFO: Сообщения отмечены как прочитанные | Context: {"connection_id":2504,"user_id":3,"chat_type":"transaction","chat_id":5}
[2025-12-01 00:57:41] DEBUG: Обновление счетчиков непрочитанных | Context: {"user_id":3}
[2025-12-01 00:57:41] DEBUG: Получено сообщение | Context: {"connection_id":2504,"user_id":3,"type":"get_unread_counts"}
[2025-12-01 00:57:41] DEBUG: Запрос счетчиков непрочитанных | Context: {"connection_id":2504,"user_id":3}
[2025-12-01 00:57:41] DEBUG: Получено сообщение | Context: {"connection_id":2504,"user_id":3,"type":"get_unread_counts"}
[2025-12-01 00:57:41] DEBUG: Запрос счетчиков непрочитанных | Context: {"connection_id":2504,"user_id":3}
[2025-12-01 00:57:42] DEBUG: Получено сообщение | Context: {"connection_id":2504,"user_id":3,"type":"unsubscribe_chat"}
[2025-12-01 00:57:42] INFO: Отписка от чата | Context: {"connection_id":2504,"user_id":3,"chat_type":"transaction","chat_id":6,"chat_key":"transaction_6"}
[2025-12-01 00:57:42] DEBUG: Получено сообщение | Context: {"connection_id":2504,"user_id":3,"type":"subscribe_chat"}
[2025-12-01 00:57:42] INFO: Подписка на чат | Context: {"connection_id":2504,"user_id":3,"chat_type":"transaction","chat_id":6,"chat_key":"transaction_6","total_subscribers":1}
[2025-12-01 00:57:42] DEBUG: Периодическое обновление счетчиков | Context: {"users_count":1}
[2025-12-01 00:57:42] DEBUG: Обновление счетчиков непрочитанных | Context: {"user_id":3}
[2025-12-01 00:57:42] DEBUG: Получено сообщение | Context: {"connection_id":2504,"user_id":3,"type":"mark_read"}
[2025-12-01 00:57:42] INFO: Сообщения отмечены как прочитанные | Context: {"connection_id":2504,"user_id":3,"chat_type":"transaction","chat_id":6}
[2025-12-01 00:57:42] DEBUG: Обновление счетчиков непрочитанных | Context: {"user_id":3}
[2025-12-01 00:57:42] DEBUG: Получено сообщение | Context: {"connection_id":2504,"user_id":3,"type":"get_unread_counts"}
[2025-12-01 00:57:42] DEBUG: Запрос счетчиков непрочитанных | Context: {"connection_id":2504,"user_id":3}
[2025-12-01 00:57:42] DEBUG: Получено сообщение | Context: {"connection_id":2504,"user_id":3,"type":"get_unread_counts"}
[2025-12-01 00:57:42] DEBUG: Запрос счетчиков непрочитанных | Context: {"connection_id":2504,"user_id":3}
[2025-12-01 00:57:44] DEBUG: Получено сообщение | Context: {"connection_id":2504,"user_id":3,"type":"subscribe_chat"}
[2025-12-01 00:57:44] INFO: Подписка на чат | Context: {"connection_id":2504,"user_id":3,"chat_type":"transaction","chat_id":2,"chat_key":"transaction_2","total_subscribers":1}
[2025-12-01 00:57:44] DEBUG: Получено сообщение | Context: {"connection_id":2504,"user_id":3,"type":"mark_read"}
[2025-12-01 00:57:44] INFO: Сообщения отмечены как прочитанные | Context: {"connection_id":2504,"user_id":3,"chat_type":"transaction","chat_id":2}
[2025-12-01 00:57:44] DEBUG: Обновление счетчиков непрочитанных | Context: {"user_id":3}
[2025-12-01 00:57:44] DEBUG: Получено сообщение | Context: {"connection_id":2504,"user_id":3,"type":"get_unread_counts"}
[2025-12-01 00:57:44] DEBUG: Запрос счетчиков непрочитанных | Context: {"connection_id":2504,"user_id":3}
[2025-12-01 00:57:45] DEBUG: Получено сообщение | Context: {"connection_id":2504,"user_id":3,"type":"get_unread_counts"}
[2025-12-01 00:57:45] DEBUG: Запрос счетчиков непрочитанных | Context: {"connection_id":2504,"user_id":3}
[2025-12-01 00:57:45] DEBUG: Периодическое обновление счетчиков | Context: {"users_count":1}
[2025-12-01 00:57:45] DEBUG: Обновление счетчиков непрочитанных | Context: {"user_id":3}
[2025-12-01 00:57:45] DEBUG: Получено сообщение | Context: {"connection_id":2504,"user_id":3,"type":"unsubscribe_chat"}
[2025-12-01 00:57:45] INFO: Отписка от чата | Context: {"connection_id":2504,"user_id":3,"chat_type":"transaction","chat_id":6,"chat_key":"transaction_6"}
[2025-12-01 00:57:45] DEBUG: Получено сообщение | Context: {"connection_id":2504,"user_id":3,"type":"subscribe_chat"}
[2025-12-01 00:57:45] INFO: Подписка на чат | Context: {"connection_id":2504,"user_id":3,"chat_type":"transaction","chat_id":6,"chat_key":"transaction_6","total_subscribers":1}
[2025-12-01 00:57:46] DEBUG: Получено сообщение | Context: {"connection_id":2504,"user_id":3,"type":"mark_read"}
[2025-12-01 00:57:46] INFO: Сообщения отмечены как прочитанные | Context: {"connection_id":2504,"user_id":3,"chat_type":"transaction","chat_id":6}
[2025-12-01 00:57:46] DEBUG: Обновление счетчиков непрочитанных | Context: {"user_id":3}
[2025-12-01 00:57:46] DEBUG: Получено сообщение | Context: {"connection_id":2504,"user_id":3,"type":"get_unread_counts"}
[2025-12-01 00:57:46] DEBUG: Запрос счетчиков непрочитанных | Context: {"connection_id":2504,"user_id":3}
[2025-12-01 00:57:46] DEBUG: Получено сообщение | Context: {"connection_id":2504,"user_id":3,"type":"get_unread_counts"}
[2025-12-01 00:57:46] DEBUG: Запрос счетчиков непрочитанных | Context: {"connection_id":2504,"user_id":3}
[2025-12-01 00:57:46] DEBUG: Получено сообщение | Context: {"connection_id":2504,"user_id":3,"type":"unsubscribe_chat"}
[2025-12-01 00:57:46] INFO: Отписка от чата | Context: {"connection_id":2504,"user_id":3,"chat_type":"transaction","chat_id":2,"chat_key":"transaction_2"}
[2025-12-01 00:57:46] DEBUG: Получено сообщение | Context: {"connection_id":2504,"user_id":3,"type":"subscribe_chat"}
[2025-12-01 00:57:46] INFO: Подписка на чат | Context: {"connection_id":2504,"user_id":3,"chat_type":"transaction","chat_id":2,"chat_key":"transaction_2","total_subscribers":1}
[2025-12-01 00:57:46] DEBUG: Получено сообщение | Context: {"connection_id":2504,"user_id":3,"type":"mark_read"}
[2025-12-01 00:57:46] INFO: Сообщения отмечены как прочитанные | Context: {"connection_id":2504,"user_id":3,"chat_type":"transaction","chat_id":2}
[2025-12-01 00:57:46] DEBUG: Обновление счетчиков непрочитанных | Context: {"user_id":3}
[2025-12-01 00:57:46] DEBUG: Получено сообщение | Context: {"connection_id":2504,"user_id":3,"type":"get_unread_counts"}
[2025-12-01 00:57:46] DEBUG: Запрос счетчиков непрочитанных | Context: {"connection_id":2504,"user_id":3}
[2025-12-01 00:57:47] DEBUG: Получено сообщение | Context: {"connection_id":2504,"user_id":3,"type":"get_unread_counts"}
[2025-12-01 00:57:47] DEBUG: Запрос счетчиков непрочитанных | Context: {"connection_id":2504,"user_id":3}
[2025-12-01 00:57:48] DEBUG: Периодическое обновление счетчиков | Context: {"users_count":1}
[2025-12-01 00:57:48] DEBUG: Обновление счетчиков непрочитанных | Context: {"user_id":3}
[2025-12-01 00:57:51] DEBUG: Периодическое обновление счетчиков | Context: {"users_count":1}
[2025-12-01 00:57:51] DEBUG: Обновление счетчиков непрочитанных | Context: {"user_id":3}
[2025-12-01 00:57:54] DEBUG: Периодическое обновление счетчиков | Context: {"users_count":1}
[2025-12-01 00:57:54] DEBUG: Обновление счетчиков непрочитанных | Context: {"user_id":3}
[2025-12-01 00:57:57] DEBUG: Периодическое обновление счетчиков | Context: {"users_count":1}
[2025-12-01 00:57:57] DEBUG: Обновление счетчиков непрочитанных | Context: {"user_id":3}
[2025-12-01 00:58:00] DEBUG: Периодическое обновление счетчиков | Context: {"users_count":1}
[2025-12-01 00:58:00] DEBUG: Обновление счетчиков непрочитанных | Context: {"user_id":3}
[2025-12-01 00:58:03] DEBUG: Периодическое обновление счетчиков | Context: {"users_count":1}
[2025-12-01 00:58:03] DEBUG: Обновление счетчиков непрочитанных | Context: {"user_id":3}
[2025-12-01 00:58:06] DEBUG: Периодическое обновление счетчиков | Context: {"users_count":1}
[2025-12-01 00:58:06] DEBUG: Обновление счетчиков непрочитанных | Context: {"user_id":3}
[2025-12-01 00:58:09] DEBUG: Периодическое обновление счетчиков | Context: {"users_count":1}
[2025-12-01 00:58:09] DEBUG: Обновление счетчиков непрочитанных | Context: {"user_id":3}
[2025-12-01 00:58:12] DEBUG: Периодическое обновление счетчиков | Context: {"users_count":1}
[2025-12-01 00:58:12] DEBUG: Обновление счетчиков непрочитанных | Context: {"user_id":3}
[2025-12-01 00:58:15] DEBUG: Периодическое обновление счетчиков | Context: {"users_count":1}
[2025-12-01 00:58:15] DEBUG: Обновление счетчиков непрочитанных | Context: {"user_id":3}
[2025-12-01 00:58:18] DEBUG: Периодическое обновление счетчиков | Context: {"users_count":1}
[2025-12-01 00:58:18] DEBUG: Обновление счетчиков непрочитанных | Context: {"user_id":3}
[2025-12-01 00:58:21] DEBUG: Периодическое обновление счетчиков | Context: {"users_count":1}
[2025-12-01 00:58:21] DEBUG: Обновление счетчиков непрочитанных | Context: {"user_id":3}
[2025-12-01 00:58:24] DEBUG: Периодическое обновление счетчиков | Context: {"users_count":1}
[2025-12-01 00:58:24] DEBUG: Обновление счетчиков непрочитанных | Context: {"user_id":3}
[2025-12-01 00:58:27] DEBUG: Периодическое обновление счетчиков | Context: {"users_count":1}
[2025-12-01 00:58:27] DEBUG: Обновление счетчиков непрочитанных | Context: {"user_id":3}
[2025-12-01 00:58:30] DEBUG: Периодическое обновление счетчиков | Context: {"users_count":1}
[2025-12-01 00:58:30] DEBUG: Обновление счетчиков непрочитанных | Context: {"user_id":3}
[2025-12-01 00:58:33] DEBUG: Периодическое обновление счетчиков | Context: {"users_count":1}
[2025-12-01 00:58:33] DEBUG: Обновление счетчиков непрочитанных | Context: {"user_id":3}
[2025-12-01 00:58:36] DEBUG: Периодическое обновление счетчиков | Context: {"users_count":1}
[2025-12-01 00:58:36] DEBUG: Обновление счетчиков непрочитанных | Context: {"user_id":3}
[2025-12-01 00:58:39] DEBUG: Периодическое обновление счетчиков | Context: {"users_count":1}
[2025-12-01 00:58:39] DEBUG: Обновление счетчиков непрочитанных | Context: {"user_id":3}
[2025-12-01 00:58:42] DEBUG: Периодическое обновление счетчиков | Context: {"users_count":1}
[2025-12-01 00:58:42] DEBUG: Обновление счетчиков непрочитанных | Context: {"user_id":3}
[2025-12-01 00:58:45] DEBUG: Периодическое обновление счетчиков | Context: {"users_count":1}
[2025-12-01 00:58:45] DEBUG: Обновление счетчиков непрочитанных | Context: {"user_id":3}
[2025-12-01 00:58:48] DEBUG: Периодическое обновление счетчиков | Context: {"users_count":1}
[2025-12-01 00:58:48] DEBUG: Обновление счетчиков непрочитанных | Context: {"user_id":3}
[2025-12-01 00:58:51] DEBUG: Периодическое обновление счетчиков | Context: {"users_count":1}
[2025-12-01 00:58:51] DEBUG: Обновление счетчиков непрочитанных | Context: {"user_id":3}
[2025-12-01 00:58:54] DEBUG: Периодическое обновление счетчиков | Context: {"users_count":1}
[2025-12-01 00:58:54] DEBUG: Обновление счетчиков непрочитанных | Context: {"user_id":3}
[2025-12-01 00:58:57] DEBUG: Периодическое обновление счетчиков | Context: {"users_count":1}
[2025-12-01 00:58:57] DEBUG: Обновление счетчиков непрочитанных | Context: {"user_id":3}
[2025-12-01 00:59:00] DEBUG: Периодическое обновление счетчиков | Context: {"users_count":1}
[2025-12-01 00:59:00] DEBUG: Обновление счетчиков непрочитанных | Context: {"user_id":3}
[2025-12-01 00:59:03] DEBUG: Периодическое обновление счетчиков | Context: {"users_count":1}
[2025-12-01 00:59:03] DEBUG: Обновление счетчиков непрочитанных | Context: {"user_id":3}
[2025-12-01 00:59:06] DEBUG: Периодическое обновление счетчиков | Context: {"users_count":1}
[2025-12-01 00:59:06] DEBUG: Обновление счетчиков непрочитанных | Context: {"user_id":3}
[2025-12-01 00:59:06] DEBUG: Получено сообщение | Context: {"connection_id":2504,"user_id":3,"type":"unsubscribe_chat"}
[2025-12-01 00:59:06] INFO: Отписка от чата | Context: {"connection_id":2504,"user_id":3,"chat_type":"transaction","chat_id":6,"chat_key":"transaction_6"}
[2025-12-01 00:59:06] DEBUG: Получено сообщение | Context: {"connection_id":2504,"user_id":3,"type":"unsubscribe_chat"}
[2025-12-01 00:59:06] INFO: Отписка от чата | Context: {"connection_id":2504,"user_id":3,"chat_type":"transaction","chat_id":5,"chat_key":"transaction_5"}
[2025-12-01 00:59:06] DEBUG: Получено сообщение | Context: {"connection_id":2504,"user_id":3,"type":"unsubscribe_chat"}
[2025-12-01 00:59:06] INFO: Отписка от чата | Context: {"connection_id":2504,"user_id":3,"chat_type":"transaction","chat_id":2,"chat_key":"transaction_2"}
[2025-12-01 00:59:06] INFO: Клиент отключился | Context: {"connection_id":2504,"user_id":3,"remote_address":"127.0.0.1"}
[2025-12-01 01:01:15] INFO: Новое подключение | Context: {"connection_id":2833,"remote_address":"127.0.0.1"}
[2025-12-01 01:01:16] DEBUG: Получено сообщение | Context: {"connection_id":2833,"user_id":null,"type":"auth"}
[2025-12-01 01:01:16] INFO: Пользователь аутентифицирован | Context: {"connection_id":2833,"user_id":3,"user_email":"test@example.com","total_connections":1}
[2025-12-01 01:01:16] DEBUG: Получено сообщение | Context: {"connection_id":2833,"user_id":3,"type":"get_unread_counts"}
[2025-12-01 01:01:16] DEBUG: Запрос счетчиков непрочитанных | Context: {"connection_id":2833,"user_id":3}
[2025-12-01 01:01:16] DEBUG: Получено сообщение | Context: {"connection_id":2833,"user_id":3,"type":"mark_read"}
[2025-12-01 01:01:16] INFO: Сообщения отмечены как прочитанные | Context: {"connection_id":2833,"user_id":3,"chat_type":"transaction","chat_id":5}
[2025-12-01 01:01:16] DEBUG: Обновление счетчиков непрочитанных | Context: {"user_id":3}
[2025-12-01 01:01:16] DEBUG: Получено сообщение | Context: {"connection_id":2833,"user_id":3,"type":"get_unread_counts"}
[2025-12-01 01:01:16] DEBUG: Запрос счетчиков непрочитанных | Context: {"connection_id":2833,"user_id":3}
[2025-12-01 01:01:16] DEBUG: Получено сообщение | Context: {"connection_id":2833,"user_id":3,"type":"get_unread_counts"}
[2025-12-01 01:01:16] DEBUG: Запрос счетчиков непрочитанных | Context: {"connection_id":2833,"user_id":3}
[2025-12-01 01:01:16] DEBUG: Получено сообщение | Context: {"connection_id":2833,"user_id":3,"type":"get_unread_counts"}
[2025-12-01 01:01:16] DEBUG: Запрос счетчиков непрочитанных | Context: {"connection_id":2833,"user_id":3}
[2025-12-01 01:01:18] DEBUG: Периодическое обновление счетчиков | Context: {"users_count":1}
[2025-12-01 01:01:18] DEBUG: Обновление счетчиков непрочитанных | Context: {"user_id":3}
[2025-12-01 01:01:19] DEBUG: Получено сообщение | Context: {"connection_id":2833,"user_id":3,"type":"get_unread_counts"}
[2025-12-01 01:01:19] DEBUG: Запрос счетчиков непрочитанных | Context: {"connection_id":2833,"user_id":3}
[2025-12-01 01:01:21] DEBUG: Периодическое обновление счетчиков | Context: {"users_count":1}
[2025-12-01 01:01:21] DEBUG: Обновление счетчиков непрочитанных | Context: {"user_id":3}
[2025-12-01 01:01:24] DEBUG: Периодическое обновление счетчиков | Context: {"users_count":1}
[2025-12-01 01:01:24] DEBUG: Обновление счетчиков непрочитанных | Context: {"user_id":3}
[2025-12-01 01:01:27] DEBUG: Периодическое обновление счетчиков | Context: {"users_count":1}
[2025-12-01 01:01:27] DEBUG: Обновление счетчиков непрочитанных | Context: {"user_id":3}
[2025-12-01 01:01:30] DEBUG: Периодическое обновление счетчиков | Context: {"users_count":1}
[2025-12-01 01:01:30] DEBUG: Обновление счетчиков непрочитанных | Context: {"user_id":3}
[2025-12-01 01:01:32] INFO: Новое подключение | Context: {"connection_id":2888,"remote_address":"127.0.0.1"}
[2025-12-01 01:01:32] DEBUG: Получено сообщение | Context: {"connection_id":2888,"user_id":null,"type":"auth"}
[2025-12-01 01:01:32] INFO: Пользователь аутентифицирован | Context: {"connection_id":2888,"user_id":2,"user_email":"admin@ogas","total_connections":1}
[2025-12-01 01:01:32] DEBUG: Получено сообщение | Context: {"connection_id":2888,"user_id":2,"type":"get_unread_counts"}
[2025-12-01 01:01:32] DEBUG: Запрос счетчиков непрочитанных | Context: {"connection_id":2888,"user_id":2}
[2025-12-01 01:01:32] DEBUG: Получено сообщение | Context: {"connection_id":2888,"user_id":2,"type":"mark_read"}
[2025-12-01 01:01:32] INFO: Сообщения отмечены как прочитанные | Context: {"connection_id":2888,"user_id":2,"chat_type":"transaction","chat_id":12}
[2025-12-01 01:01:32] DEBUG: Обновление счетчиков непрочитанных | Context: {"user_id":2}
[2025-12-01 01:01:32] DEBUG: Получено сообщение | Context: {"connection_id":2888,"user_id":2,"type":"get_unread_counts"}
[2025-12-01 01:01:32] DEBUG: Запрос счетчиков непрочитанных | Context: {"connection_id":2888,"user_id":2}
[2025-12-01 01:01:32] DEBUG: Получено сообщение | Context: {"connection_id":2888,"user_id":2,"type":"get_unread_counts"}
[2025-12-01 01:01:32] DEBUG: Запрос счетчиков непрочитанных | Context: {"connection_id":2888,"user_id":2}
[2025-12-01 01:01:33] DEBUG: Периодическое обновление счетчиков | Context: {"users_count":2}
[2025-12-01 01:01:33] DEBUG: Обновление счетчиков непрочитанных | Context: {"user_id":3}
[2025-12-01 01:01:33] DEBUG: Обновление счетчиков непрочитанных | Context: {"user_id":2}
[2025-12-01 01:01:34] DEBUG: Получено сообщение | Context: {"connection_id":2888,"user_id":2,"type":"subscribe_chat"}
[2025-12-01 01:01:34] INFO: Подписка на чат | Context: {"connection_id":2888,"user_id":2,"chat_type":"transaction","chat_id":9,"chat_key":"transaction_9","total_subscribers":1}
[2025-12-01 01:01:34] DEBUG: Получено сообщение | Context: {"connection_id":2888,"user_id":2,"type":"mark_read"}
[2025-12-01 01:01:34] INFO: Сообщения отмечены как прочитанные | Context: {"connection_id":2888,"user_id":2,"chat_type":"transaction","chat_id":9}
[2025-12-01 01:01:34] DEBUG: Обновление счетчиков непрочитанных | Context: {"user_id":2}
[2025-12-01 01:01:34] DEBUG: Получено сообщение | Context: {"connection_id":2888,"user_id":2,"type":"get_unread_counts"}
[2025-12-01 01:01:34] DEBUG: Запрос счетчиков непрочитанных | Context: {"connection_id":2888,"user_id":2}
[2025-12-01 01:01:34] DEBUG: Получено сообщение | Context: {"connection_id":2888,"user_id":2,"type":"get_unread_counts"}
[2025-12-01 01:01:34] DEBUG: Запрос счетчиков непрочитанных | Context: {"connection_id":2888,"user_id":2}
[2025-12-01 01:01:35] DEBUG: Получено сообщение | Context: {"connection_id":2888,"user_id":2,"type":"subscribe_chat"}
[2025-12-01 01:01:35] INFO: Подписка на чат | Context: {"connection_id":2888,"user_id":2,"chat_type":"transaction","chat_id":8,"chat_key":"transaction_8","total_subscribers":1}
[2025-12-01 01:01:36] DEBUG: Получено сообщение | Context: {"connection_id":2888,"user_id":2,"type":"mark_read"}
[2025-12-01 01:01:36] INFO: Сообщения отмечены как прочитанные | Context: {"connection_id":2888,"user_id":2,"chat_type":"transaction","chat_id":8}
[2025-12-01 01:01:36] DEBUG: Обновление счетчиков непрочитанных | Context: {"user_id":2}
[2025-12-01 01:01:36] DEBUG: Получено сообщение | Context: {"connection_id":2888,"user_id":2,"type":"get_unread_counts"}
[2025-12-01 01:01:36] DEBUG: Запрос счетчиков непрочитанных | Context: {"connection_id":2888,"user_id":2}
[2025-12-01 01:01:36] DEBUG: Получено сообщение | Context: {"connection_id":2888,"user_id":2,"type":"get_unread_counts"}
[2025-12-01 01:01:36] DEBUG: Запрос счетчиков непрочитанных | Context: {"connection_id":2888,"user_id":2}
[2025-12-01 01:01:36] DEBUG: Получено сообщение | Context: {"connection_id":2888,"user_id":2,"type":"subscribe_chat"}
[2025-12-01 01:01:36] INFO: Подписка на чат | Context: {"connection_id":2888,"user_id":2,"chat_type":"transaction","chat_id":6,"chat_key":"transaction_6","total_subscribers":1}
[2025-12-01 01:01:36] DEBUG: Получено сообщение | Context: {"connection_id":2888,"user_id":2,"type":"mark_read"}
[2025-12-01 01:01:36] INFO: Сообщения отмечены как прочитанные | Context: {"connection_id":2888,"user_id":2,"chat_type":"transaction","chat_id":6}
[2025-12-01 01:01:36] DEBUG: Обновление счетчиков непрочитанных | Context: {"user_id":2}
[2025-12-01 01:01:36] DEBUG: Получено сообщение | Context: {"connection_id":2888,"user_id":2,"type":"get_unread_counts"}
[2025-12-01 01:01:36] DEBUG: Запрос счетчиков непрочитанных | Context: {"connection_id":2888,"user_id":2}
[2025-12-01 01:01:36] DEBUG: Получено сообщение | Context: {"connection_id":2888,"user_id":2,"type":"get_unread_counts"}
[2025-12-01 01:01:36] DEBUG: Запрос счетчиков непрочитанных | Context: {"connection_id":2888,"user_id":2}
[2025-12-01 01:01:36] DEBUG: Периодическое обновление счетчиков | Context: {"users_count":2}
[2025-12-01 01:01:36] DEBUG: Обновление счетчиков непрочитанных | Context: {"user_id":3}
[2025-12-01 01:01:37] DEBUG: Обновление счетчиков непрочитанных | Context: {"user_id":2}
[2025-12-01 01:01:39] DEBUG: Периодическое обновление счетчиков | Context: {"users_count":2}
[2025-12-01 01:01:39] DEBUG: Обновление счетчиков непрочитанных | Context: {"user_id":3}
[2025-12-01 01:01:40] DEBUG: Обновление счетчиков непрочитанных | Context: {"user_id":2}
[2025-12-01 01:01:43] DEBUG: Периодическое обновление счетчиков | Context: {"users_count":2}
[2025-12-01 01:01:43] DEBUG: Обновление счетчиков непрочитанных | Context: {"user_id":3}
[2025-12-01 01:01:43] DEBUG: Обновление счетчиков непрочитанных | Context: {"user_id":2}
[2025-12-01 01:01:46] DEBUG: Периодическое обновление счетчиков | Context: {"users_count":2}
[2025-12-01 01:01:46] DEBUG: Обновление счетчиков непрочитанных | Context: {"user_id":3}
[2025-12-01 01:01:46] DEBUG: Обновление счетчиков непрочитанных | Context: {"user_id":2}
[2025-12-01 01:01:49] DEBUG: Периодическое обновление счетчиков | Context: {"users_count":2}
[2025-12-01 01:01:49] DEBUG: Обновление счетчиков непрочитанных | Context: {"user_id":3}
[2025-12-01 01:01:49] DEBUG: Обновление счетчиков непрочитанных | Context: {"user_id":2}
[2025-12-01 01:01:52] DEBUG: Периодическое обновление счетчиков | Context: {"users_count":2}
[2025-12-01 01:01:52] DEBUG: Обновление счетчиков непрочитанных | Context: {"user_id":3}
[2025-12-01 01:01:52] DEBUG: Обновление счетчиков непрочитанных | Context: {"user_id":2}
[2025-12-01 01:01:55] DEBUG: Периодическое обновление счетчиков | Context: {"users_count":2}
[2025-12-01 01:01:55] DEBUG: Обновление счетчиков непрочитанных | Context: {"user_id":3}
[2025-12-01 01:01:55] DEBUG: Обновление счетчиков непрочитанных | Context: {"user_id":2}
[2025-12-01 01:01:58] DEBUG: Периодическое обновление счетчиков | Context: {"users_count":2}
[2025-12-01 01:01:58] DEBUG: Обновление счетчиков непрочитанных | Context: {"user_id":3}
[2025-12-01 01:01:58] DEBUG: Обновление счетчиков непрочитанных | Context: {"user_id":2}
[2025-12-01 01:02:01] DEBUG: Периодическое обновление счетчиков | Context: {"users_count":2}
[2025-12-01 01:02:01] DEBUG: Обновление счетчиков непрочитанных | Context: {"user_id":3}
[2025-12-01 01:02:01] DEBUG: Обновление счетчиков непрочитанных | Context: {"user_id":2}
[2025-12-01 01:02:04] DEBUG: Периодическое обновление счетчиков | Context: {"users_count":2}
[2025-12-01 01:02:04] DEBUG: Обновление счетчиков непрочитанных | Context: {"user_id":3}
[2025-12-01 01:02:04] DEBUG: Обновление счетчиков непрочитанных | Context: {"user_id":2}
[2025-12-01 01:02:07] DEBUG: Периодическое обновление счетчиков | Context: {"users_count":2}
[2025-12-01 01:02:07] DEBUG: Обновление счетчиков непрочитанных | Context: {"user_id":3}
[2025-12-01 01:02:07] DEBUG: Обновление счетчиков непрочитанных | Context: {"user_id":2}
[2025-12-01 01:02:10] DEBUG: Периодическое обновление счетчиков | Context: {"users_count":2}
[2025-12-01 01:02:10] DEBUG: Обновление счетчиков непрочитанных | Context: {"user_id":3}
[2025-12-01 01:02:10] DEBUG: Обновление счетчиков непрочитанных | Context: {"user_id":2}
[2025-12-01 01:02:12] DEBUG: Получено сообщение | Context: {"connection_id":2888,"user_id":2,"type":"send_message"}
[2025-12-01 01:02:12] INFO: Отправка сообщения через WebSocket | Context: {"connection_id":2888,"user_id":2,"chat_type":"transaction","chat_id":6,"message_id":498,"message_length":9,"chat_key":"transaction_6"}
[2025-12-01 01:02:12] DEBUG: Начало рассылки сообщения | Context: {"chat_key":"transaction_6","subscribers_count":1,"exclude_user_id":2}
[2025-12-01 01:02:12] DEBUG: Пропуск отправителя | Context: {"chat_key":"transaction_6","user_id":2}
[2025-12-01 01:02:12] INFO: Рассылка сообщения в чат завершена | Context: {"chat_key":"transaction_6","sent":0,"errors":0,"exclude_user_id":2}
[2025-12-01 01:02:12] DEBUG: Обновление счетчиков непрочитанных | Context: {"user_id":3}
[2025-12-01 01:02:12] DEBUG: Обновление счетчиков непрочитанных | Context: {"user_id":2}
[2025-12-01 01:02:12] DEBUG: Получено сообщение | Context: {"connection_id":2888,"user_id":2,"type":"get_unread_counts"}
[2025-12-01 01:02:12] DEBUG: Запрос счетчиков непрочитанных | Context: {"connection_id":2888,"user_id":2}
[2025-12-01 01:02:12] DEBUG: Получено сообщение | Context: {"connection_id":2833,"user_id":3,"type":"get_unread_counts"}
[2025-12-01 01:02:12] DEBUG: Запрос счетчиков непрочитанных | Context: {"connection_id":2833,"user_id":3}
[2025-12-01 01:02:13] DEBUG: Периодическое обновление счетчиков | Context: {"users_count":2}
[2025-12-01 01:02:13] DEBUG: Обновление счетчиков непрочитанных | Context: {"user_id":3}
[2025-12-01 01:02:13] DEBUG: Обновление счетчиков непрочитанных | Context: {"user_id":2}
[2025-12-01 01:02:16] DEBUG: Периодическое обновление счетчиков | Context: {"users_count":2}
[2025-12-01 01:02:16] DEBUG: Обновление счетчиков непрочитанных | Context: {"user_id":3}
[2025-12-01 01:02:16] DEBUG: Обновление счетчиков непрочитанных | Context: {"user_id":2}
[2025-12-01 01:02:17] DEBUG: Получено сообщение | Context: {"connection_id":2888,"user_id":2,"type":"send_message"}
[2025-12-01 01:02:17] INFO: Отправка сообщения через WebSocket | Context: {"connection_id":2888,"user_id":2,"chat_type":"transaction","chat_id":6,"message_id":499,"message_length":4,"chat_key":"transaction_6"}
[2025-12-01 01:02:17] DEBUG: Начало рассылки сообщения | Context: {"chat_key":"transaction_6","subscribers_count":1,"exclude_user_id":2}
[2025-12-01 01:02:17] DEBUG: Пропуск отправителя | Context: {"chat_key":"transaction_6","user_id":2}
[2025-12-01 01:02:17] INFO: Рассылка сообщения в чат завершена | Context: {"chat_key":"transaction_6","sent":0,"errors":0,"exclude_user_id":2}
[2025-12-01 01:02:17] DEBUG: Обновление счетчиков непрочитанных | Context: {"user_id":3}
[2025-12-01 01:02:17] DEBUG: Обновление счетчиков непрочитанных | Context: {"user_id":2}
[2025-12-01 01:02:17] DEBUG: Получено сообщение | Context: {"connection_id":2888,"user_id":2,"type":"get_unread_counts"}
[2025-12-01 01:02:17] DEBUG: Запрос счетчиков непрочитанных | Context: {"connection_id":2888,"user_id":2}
[2025-12-01 01:02:17] DEBUG: Получено сообщение | Context: {"connection_id":2833,"user_id":3,"type":"get_unread_counts"}
[2025-12-01 01:02:17] DEBUG: Запрос счетчиков непрочитанных | Context: {"connection_id":2833,"user_id":3}
[2025-12-01 01:02:19] DEBUG: Получено сообщение | Context: {"connection_id":2833,"user_id":3,"type":"subscribe_chat"}
[2025-12-01 01:02:19] INFO: Подписка на чат | Context: {"connection_id":2833,"user_id":3,"chat_type":"transaction","chat_id":6,"chat_key":"transaction_6","total_subscribers":2}
[2025-12-01 01:02:19] DEBUG: Периодическое обновление счетчиков | Context: {"users_count":2}
[2025-12-01 01:02:19] DEBUG: Обновление счетчиков непрочитанных | Context: {"user_id":3}
[2025-12-01 01:02:19] DEBUG: Обновление счетчиков непрочитанных | Context: {"user_id":2}
[2025-12-01 01:02:19] DEBUG: Получено сообщение | Context: {"connection_id":2833,"user_id":3,"type":"mark_read"}
[2025-12-01 01:02:19] INFO: Сообщения отмечены как прочитанные | Context: {"connection_id":2833,"user_id":3,"chat_type":"transaction","chat_id":6}
[2025-12-01 01:02:19] DEBUG: Обновление счетчиков непрочитанных | Context: {"user_id":3}
[2025-12-01 01:02:19] DEBUG: Получено сообщение | Context: {"connection_id":2833,"user_id":3,"type":"get_unread_counts"}
[2025-12-01 01:02:19] DEBUG: Запрос счетчиков непрочитанных | Context: {"connection_id":2833,"user_id":3}
[2025-12-01 01:02:19] DEBUG: Получено сообщение | Context: {"connection_id":2833,"user_id":3,"type":"get_unread_counts"}
[2025-12-01 01:02:19] DEBUG: Запрос счетчиков непрочитанных | Context: {"connection_id":2833,"user_id":3}
[2025-12-01 01:02:22] DEBUG: Периодическое обновление счетчиков | Context: {"users_count":2}
[2025-12-01 01:02:22] DEBUG: Обновление счетчиков непрочитанных | Context: {"user_id":3}
[2025-12-01 01:02:22] DEBUG: Обновление счетчиков непрочитанных | Context: {"user_id":2}
[2025-12-01 01:02:24] DEBUG: Получено сообщение | Context: {"connection_id":2833,"user_id":3,"type":"send_message"}
[2025-12-01 01:02:24] INFO: Отправка сообщения через WebSocket | Context: {"connection_id":2833,"user_id":3,"chat_type":"transaction","chat_id":6,"message_id":500,"message_length":8,"chat_key":"transaction_6"}
[2025-12-01 01:02:24] DEBUG: Начало рассылки сообщения | Context: {"chat_key":"transaction_6","subscribers_count":2,"exclude_user_id":3}
[2025-12-01 01:02:24] DEBUG: Сообщение отправлено подписчику | Context: {"chat_key":"transaction_6","connection_id":2888,"user_id":2}
[2025-12-01 01:02:24] DEBUG: Пропуск отправителя | Context: {"chat_key":"transaction_6","user_id":3}
[2025-12-01 01:02:24] INFO: Рассылка сообщения в чат завершена | Context: {"chat_key":"transaction_6","sent":1,"errors":0,"exclude_user_id":3}
[2025-12-01 01:02:24] DEBUG: Обновление счетчиков непрочитанных | Context: {"user_id":3}
[2025-12-01 01:02:24] DEBUG: Обновление счетчиков непрочитанных | Context: {"user_id":2}
[2025-12-01 01:02:24] DEBUG: Получено сообщение | Context: {"connection_id":2833,"user_id":3,"type":"get_unread_counts"}
[2025-12-01 01:02:24] DEBUG: Запрос счетчиков непрочитанных | Context: {"connection_id":2833,"user_id":3}
[2025-12-01 01:02:24] DEBUG: Получено сообщение | Context: {"connection_id":2888,"user_id":2,"type":"get_unread_counts"}
[2025-12-01 01:02:24] DEBUG: Запрос счетчиков непрочитанных | Context: {"connection_id":2888,"user_id":2}
[2025-12-01 01:02:24] DEBUG: Получено сообщение | Context: {"connection_id":2888,"user_id":2,"type":"mark_read"}
[2025-12-01 01:02:24] INFO: Сообщения отмечены как прочитанные | Context: {"connection_id":2888,"user_id":2,"chat_type":"transaction","chat_id":6}
[2025-12-01 01:02:24] DEBUG: Обновление счетчиков непрочитанных | Context: {"user_id":2}
[2025-12-01 01:02:24] DEBUG: Получено сообщение | Context: {"connection_id":2888,"user_id":2,"type":"get_unread_counts"}
[2025-12-01 01:02:24] DEBUG: Запрос счетчиков непрочитанных | Context: {"connection_id":2888,"user_id":2}
[2025-12-01 01:02:24] DEBUG: Получено сообщение | Context: {"connection_id":2888,"user_id":2,"type":"get_unread_counts"}
[2025-12-01 01:02:24] DEBUG: Запрос счетчиков непрочитанных | Context: {"connection_id":2888,"user_id":2}
[2025-12-01 01:02:25] DEBUG: Периодическое обновление счетчиков | Context: {"users_count":2}
[2025-12-01 01:02:25] DEBUG: Обновление счетчиков непрочитанных | Context: {"user_id":3}
[2025-12-01 01:02:25] DEBUG: Обновление счетчиков непрочитанных | Context: {"user_id":2}
[2025-12-01 01:02:28] DEBUG: Периодическое обновление счетчиков | Context: {"users_count":2}
[2025-12-01 01:02:28] DEBUG: Обновление счетчиков непрочитанных | Context: {"user_id":3}
[2025-12-01 01:02:28] DEBUG: Обновление счетчиков непрочитанных | Context: {"user_id":2}
[2025-12-01 01:02:31] DEBUG: Периодическое обновление счетчиков | Context: {"users_count":2}
[2025-12-01 01:02:31] DEBUG: Обновление счетчиков непрочитанных | Context: {"user_id":3}
[2025-12-01 01:02:31] DEBUG: Обновление счетчиков непрочитанных | Context: {"user_id":2}
[2025-12-01 01:02:34] DEBUG: Периодическое обновление счетчиков | Context: {"users_count":2}
[2025-12-01 01:02:34] DEBUG: Обновление счетчиков непрочитанных | Context: {"user_id":3}
[2025-12-01 01:02:34] DEBUG: Обновление счетчиков непрочитанных | Context: {"user_id":2}
[2025-12-01 01:02:37] DEBUG: Периодическое обновление счетчиков | Context: {"users_count":2}
[2025-12-01 01:02:37] DEBUG: Обновление счетчиков непрочитанных | Context: {"user_id":3}
[2025-12-01 01:02:37] DEBUG: Обновление счетчиков непрочитанных | Context: {"user_id":2}
[2025-12-01 01:02:40] DEBUG: Периодическое обновление счетчиков | Context: {"users_count":2}
[2025-12-01 01:02:40] DEBUG: Обновление счетчиков непрочитанных | Context: {"user_id":3}
[2025-12-01 01:02:40] DEBUG: Обновление счетчиков непрочитанных | Context: {"user_id":2}
[2025-12-01 01:02:43] DEBUG: Периодическое обновление счетчиков | Context: {"users_count":2}
[2025-12-01 01:02:43] DEBUG: Обновление счетчиков непрочитанных | Context: {"user_id":3}
[2025-12-01 01:02:43] DEBUG: Обновление счетчиков непрочитанных | Context: {"user_id":2}
[2025-12-01 01:02:46] DEBUG: Периодическое обновление счетчиков | Context: {"users_count":2}
[2025-12-01 01:02:46] DEBUG: Обновление счетчиков непрочитанных | Context: {"user_id":3}
[2025-12-01 01:02:46] DEBUG: Обновление счетчиков непрочитанных | Context: {"user_id":2}
[2025-12-01 01:02:49] DEBUG: Периодическое обновление счетчиков | Context: {"users_count":2}
[2025-12-01 01:02:49] DEBUG: Обновление счетчиков непрочитанных | Context: {"user_id":3}
[2025-12-01 01:02:49] DEBUG: Обновление счетчиков непрочитанных | Context: {"user_id":2}
[2025-12-01 01:02:52] DEBUG: Периодическое обновление счетчиков | Context: {"users_count":2}
[2025-12-01 01:02:52] DEBUG: Обновление счетчиков непрочитанных | Context: {"user_id":3}
[2025-12-01 01:02:52] DEBUG: Обновление счетчиков непрочитанных | Context: {"user_id":2}
[2025-12-01 01:02:55] DEBUG: Периодическое обновление счетчиков | Context: {"users_count":2}
[2025-12-01 01:02:55] DEBUG: Обновление счетчиков непрочитанных | Context: {"user_id":3}
[2025-12-01 01:02:55] DEBUG: Обновление счетчиков непрочитанных | Context: {"user_id":2}
[2025-12-01 01:02:58] DEBUG: Периодическое обновление счетчиков | Context: {"users_count":2}
[2025-12-01 01:02:58] DEBUG: Обновление счетчиков непрочитанных | Context: {"user_id":3}
[2025-12-01 01:02:58] DEBUG: Обновление счетчиков непрочитанных | Context: {"user_id":2}
[2025-12-01 01:03:01] DEBUG: Периодическое обновление счетчиков | Context: {"users_count":2}
[2025-12-01 01:03:01] DEBUG: Обновление счетчиков непрочитанных | Context: {"user_id":3}
[2025-12-01 01:03:01] DEBUG: Обновление счетчиков непрочитанных | Context: {"user_id":2}
[2025-12-01 01:03:04] DEBUG: Периодическое обновление счетчиков | Context: {"users_count":2}
[2025-12-01 01:03:04] DEBUG: Обновление счетчиков непрочитанных | Context: {"user_id":3}
[2025-12-01 01:03:04] DEBUG: Обновление счетчиков непрочитанных | Context: {"user_id":2}
[2025-12-01 01:03:07] DEBUG: Периодическое обновление счетчиков | Context: {"users_count":2}
[2025-12-01 01:03:07] DEBUG: Обновление счетчиков непрочитанных | Context: {"user_id":3}
[2025-12-01 01:03:07] DEBUG: Обновление счетчиков непрочитанных | Context: {"user_id":2}
[2025-12-01 01:03:10] DEBUG: Периодическое обновление счетчиков | Context: {"users_count":2}
[2025-12-01 01:03:10] DEBUG: Обновление счетчиков непрочитанных | Context: {"user_id":3}
[2025-12-01 01:03:10] DEBUG: Обновление счетчиков непрочитанных | Context: {"user_id":2}
[2025-12-01 01:03:13] DEBUG: Периодическое обновление счетчиков | Context: {"users_count":2}
[2025-12-01 01:03:13] DEBUG: Обновление счетчиков непрочитанных | Context: {"user_id":3}
[2025-12-01 01:03:13] DEBUG: Обновление счетчиков непрочитанных | Context: {"user_id":2}
[2025-12-01 01:03:16] DEBUG: Периодическое обновление счетчиков | Context: {"users_count":2}
[2025-12-01 01:03:16] DEBUG: Обновление счетчиков непрочитанных | Context: {"user_id":3}
[2025-12-01 01:03:16] DEBUG: Обновление счетчиков непрочитанных | Context: {"user_id":2}
[2025-12-01 01:03:19] DEBUG: Периодическое обновление счетчиков | Context: {"users_count":2}
[2025-12-01 01:03:19] DEBUG: Обновление счетчиков непрочитанных | Context: {"user_id":3}
[2025-12-01 01:03:19] DEBUG: Обновление счетчиков непрочитанных | Context: {"user_id":2}
[2025-12-01 01:03:22] DEBUG: Периодическое обновление счетчиков | Context: {"users_count":2}
[2025-12-01 01:03:22] DEBUG: Обновление счетчиков непрочитанных | Context: {"user_id":3}
[2025-12-01 01:03:22] DEBUG: Обновление счетчиков непрочитанных | Context: {"user_id":2}
[2025-12-01 01:03:25] DEBUG: Периодическое обновление счетчиков | Context: {"users_count":2}
[2025-12-01 01:03:25] DEBUG: Обновление счетчиков непрочитанных | Context: {"user_id":3}
[2025-12-01 01:03:25] DEBUG: Обновление счетчиков непрочитанных | Context: {"user_id":2}
[2025-12-01 01:03:28] DEBUG: Периодическое обновление счетчиков | Context: {"users_count":2}
[2025-12-01 01:03:28] DEBUG: Обновление счетчиков непрочитанных | Context: {"user_id":3}
[2025-12-01 01:03:28] DEBUG: Обновление счетчиков непрочитанных | Context: {"user_id":2}
[2025-12-01 01:03:31] DEBUG: Периодическое обновление счетчиков | Context: {"users_count":2}
[2025-12-01 01:03:31] DEBUG: Обновление счетчиков непрочитанных | Context: {"user_id":3}
[2025-12-01 01:03:31] DEBUG: Обновление счетчиков непрочитанных | Context: {"user_id":2}
[2025-12-01 01:03:34] DEBUG: Периодическое обновление счетчиков | Context: {"users_count":2}
[2025-12-01 01:03:34] DEBUG: Обновление счетчиков непрочитанных | Context: {"user_id":3}
[2025-12-01 01:03:34] DEBUG: Обновление счетчиков непрочитанных | Context: {"user_id":2}
[2025-12-01 01:03:37] DEBUG: Периодическое обновление счетчиков | Context: {"users_count":2}
[2025-12-01 01:03:37] DEBUG: Обновление счетчиков непрочитанных | Context: {"user_id":3}
[2025-12-01 01:03:37] DEBUG: Обновление счетчиков непрочитанных | Context: {"user_id":2}
[2025-12-01 01:03:40] DEBUG: Периодическое обновление счетчиков | Context: {"users_count":2}
[2025-12-01 01:03:40] DEBUG: Обновление счетчиков непрочитанных | Context: {"user_id":3}
[2025-12-01 01:03:40] DEBUG: Обновление счетчиков непрочитанных | Context: {"user_id":2}
[2025-12-01 01:03:43] DEBUG: Периодическое обновление счетчиков | Context: {"users_count":2}
[2025-12-01 01:03:43] DEBUG: Обновление счетчиков непрочитанных | Context: {"user_id":3}
[2025-12-01 01:03:43] DEBUG: Обновление счетчиков непрочитанных | Context: {"user_id":2}
[2025-12-01 01:03:46] DEBUG: Периодическое обновление счетчиков | Context: {"users_count":2}
[2025-12-01 01:03:46] DEBUG: Обновление счетчиков непрочитанных | Context: {"user_id":3}
[2025-12-01 01:03:46] DEBUG: Обновление счетчиков непрочитанных | Context: {"user_id":2}
[2025-12-01 01:03:49] DEBUG: Периодическое обновление счетчиков | Context: {"users_count":2}
[2025-12-01 01:03:49] DEBUG: Обновление счетчиков непрочитанных | Context: {"user_id":3}
[2025-12-01 01:03:49] DEBUG: Обновление счетчиков непрочитанных | Context: {"user_id":2}
[2025-12-01 01:03:52] DEBUG: Периодическое обновление счетчиков | Context: {"users_count":2}
[2025-12-01 01:03:52] DEBUG: Обновление счетчиков непрочитанных | Context: {"user_id":3}
[2025-12-01 01:03:52] DEBUG: Обновление счетчиков непрочитанных | Context: {"user_id":2}
[2025-12-01 01:03:55] DEBUG: Периодическое обновление счетчиков | Context: {"users_count":2}
[2025-12-01 01:03:55] DEBUG: Обновление счетчиков непрочитанных | Context: {"user_id":3}
[2025-12-01 01:03:55] DEBUG: Обновление счетчиков непрочитанных | Context: {"user_id":2}
[2025-12-01 01:03:57] DEBUG: Получено сообщение | Context: {"connection_id":2833,"user_id":3,"type":"unsubscribe_chat"}
[2025-12-01 01:03:57] INFO: Отписка от чата | Context: {"connection_id":2833,"user_id":3,"chat_type":"transaction","chat_id":6,"chat_key":"transaction_6"}
[2025-12-01 01:03:57] INFO: Клиент отключился | Context: {"connection_id":2833,"user_id":3,"remote_address":"127.0.0.1"}
[2025-12-01 01:03:58] DEBUG: Периодическое обновление счетчиков | Context: {"users_count":1}
[2025-12-01 01:03:58] DEBUG: Обновление счетчиков непрочитанных | Context: {"user_id":2}
[2025-12-01 01:04:01] DEBUG: Периодическое обновление счетчиков | Context: {"users_count":1}
[2025-12-01 01:04:01] DEBUG: Обновление счетчиков непрочитанных | Context: {"user_id":2}
[2025-12-01 01:04:04] DEBUG: Периодическое обновление счетчиков | Context: {"users_count":1}
[2025-12-01 01:04:04] DEBUG: Обновление счетчиков непрочитанных | Context: {"user_id":2}
[2025-12-01 01:04:07] DEBUG: Периодическое обновление счетчиков | Context: {"users_count":1}
[2025-12-01 01:04:07] DEBUG: Обновление счетчиков непрочитанных | Context: {"user_id":2}
[2025-12-01 01:04:10] DEBUG: Периодическое обновление счетчиков | Context: {"users_count":1}
[2025-12-01 01:04:10] DEBUG: Обновление счетчиков непрочитанных | Context: {"user_id":2}
[2025-12-01 01:04:13] DEBUG: Периодическое обновление счетчиков | Context: {"users_count":1}
[2025-12-01 01:04:13] DEBUG: Обновление счетчиков непрочитанных | Context: {"user_id":2}
[2025-12-01 01:04:16] DEBUG: Периодическое обновление счетчиков | Context: {"users_count":1}
[2025-12-01 01:04:16] DEBUG: Обновление счетчиков непрочитанных | Context: {"user_id":2}
[2025-12-01 01:04:19] DEBUG: Периодическое обновление счетчиков | Context: {"users_count":1}
[2025-12-01 01:04:19] DEBUG: Обновление счетчиков непрочитанных | Context: {"user_id":2}
[2025-12-01 01:04:22] DEBUG: Периодическое обновление счетчиков | Context: {"users_count":1}
[2025-12-01 01:04:22] DEBUG: Обновление счетчиков непрочитанных | Context: {"user_id":2}
[2025-12-01 01:04:25] DEBUG: Периодическое обновление счетчиков | Context: {"users_count":1}
[2025-12-01 01:04:25] DEBUG: Обновление счетчиков непрочитанных | Context: {"user_id":2}
[2025-12-01 01:04:28] DEBUG: Периодическое обновление счетчиков | Context: {"users_count":1}
[2025-12-01 01:04:28] DEBUG: Обновление счетчиков непрочитанных | Context: {"user_id":2}
[2025-12-01 01:04:31] DEBUG: Периодическое обновление счетчиков | Context: {"users_count":1}
[2025-12-01 01:04:31] DEBUG: Обновление счетчиков непрочитанных | Context: {"user_id":2}
[2025-12-01 01:04:34] DEBUG: Периодическое обновление счетчиков | Context: {"users_count":1}
[2025-12-01 01:04:34] DEBUG: Обновление счетчиков непрочитанных | Context: {"user_id":2}
[2025-12-01 01:04:37] DEBUG: Периодическое обновление счетчиков | Context: {"users_count":1}
[2025-12-01 01:04:37] DEBUG: Обновление счетчиков непрочитанных | Context: {"user_id":2}
[2025-12-01 01:04:40] DEBUG: Периодическое обновление счетчиков | Context: {"users_count":1}
[2025-12-01 01:04:40] DEBUG: Обновление счетчиков непрочитанных | Context: {"user_id":2}
[2025-12-01 01:04:41] DEBUG: Получено сообщение | Context: {"connection_id":2888,"user_id":2,"type":"get_unread_counts"}
[2025-12-01 01:04:41] DEBUG: Запрос счетчиков непрочитанных | Context: {"connection_id":2888,"user_id":2}
[2025-12-01 01:04:43] DEBUG: Периодическое обновление счетчиков | Context: {"users_count":1}
[2025-12-01 01:04:43] DEBUG: Обновление счетчиков непрочитанных | Context: {"user_id":2}
[2025-12-01 01:04:43] INFO: Новое подключение | Context: {"connection_id":3431,"remote_address":"127.0.0.1"}
[2025-12-01 01:04:43] DEBUG: Получено сообщение | Context: {"connection_id":3431,"user_id":null,"type":"auth"}
[2025-12-01 01:04:43] INFO: Пользователь аутентифицирован | Context: {"connection_id":3431,"user_id":3,"user_email":"test@example.com","total_connections":1}
[2025-12-01 01:04:43] DEBUG: Получено сообщение | Context: {"connection_id":3431,"user_id":3,"type":"get_unread_counts"}
[2025-12-01 01:04:43] DEBUG: Запрос счетчиков непрочитанных | Context: {"connection_id":3431,"user_id":3}
[2025-12-01 01:04:44] DEBUG: Получено сообщение | Context: {"connection_id":3431,"user_id":3,"type":"mark_read"}
[2025-12-01 01:04:44] INFO: Сообщения отмечены как прочитанные | Context: {"connection_id":3431,"user_id":3,"chat_type":"community","chat_id":1}
[2025-12-01 01:04:44] DEBUG: Обновление счетчиков непрочитанных | Context: {"user_id":3}
[2025-12-01 01:04:44] DEBUG: Получено сообщение | Context: {"connection_id":3431,"user_id":3,"type":"get_unread_counts"}
[2025-12-01 01:04:44] DEBUG: Запрос счетчиков непрочитанных | Context: {"connection_id":3431,"user_id":3}
[2025-12-01 01:04:44] DEBUG: Получено сообщение | Context: {"connection_id":3431,"user_id":3,"type":"get_unread_counts"}
[2025-12-01 01:04:44] DEBUG: Запрос счетчиков непрочитанных | Context: {"connection_id":3431,"user_id":3}
[2025-12-01 01:04:44] DEBUG: Получено сообщение | Context: {"connection_id":3431,"user_id":3,"type":"subscribe_chat"}
[2025-12-01 01:04:44] INFO: Подписка на чат | Context: {"connection_id":3431,"user_id":3,"chat_type":"transaction","chat_id":5,"chat_key":"transaction_5","total_subscribers":1}
[2025-12-01 01:04:45] DEBUG: Получено сообщение | Context: {"connection_id":3431,"user_id":3,"type":"mark_read"}
[2025-12-01 01:04:45] INFO: Сообщения отмечены как прочитанные | Context: {"connection_id":3431,"user_id":3,"chat_type":"transaction","chat_id":5}
[2025-12-01 01:04:45] DEBUG: Обновление счетчиков непрочитанных | Context: {"user_id":3}
[2025-12-01 01:04:45] DEBUG: Получено сообщение | Context: {"connection_id":3431,"user_id":3,"type":"get_unread_counts"}
[2025-12-01 01:04:45] DEBUG: Запрос счетчиков непрочитанных | Context: {"connection_id":3431,"user_id":3}
[2025-12-01 01:04:45] DEBUG: Получено сообщение | Context: {"connection_id":3431,"user_id":3,"type":"subscribe_chat"}
[2025-12-01 01:04:45] INFO: Подписка на чат | Context: {"connection_id":3431,"user_id":3,"chat_type":"community","chat_id":1,"chat_key":"community_1","total_subscribers":1}
[2025-12-01 01:04:45] DEBUG: Получено сообщение | Context: {"connection_id":3431,"user_id":3,"type":"get_unread_counts"}
[2025-12-01 01:04:45] DEBUG: Запрос счетчиков непрочитанных | Context: {"connection_id":3431,"user_id":3}
[2025-12-01 01:04:45] DEBUG: Получено сообщение | Context: {"connection_id":3431,"user_id":3,"type":"mark_read"}
[2025-12-01 01:04:45] INFO: Сообщения отмечены как прочитанные | Context: {"connection_id":3431,"user_id":3,"chat_type":"community","chat_id":1}
[2025-12-01 01:04:45] DEBUG: Обновление счетчиков непрочитанных | Context: {"user_id":3}
[2025-12-01 01:04:45] DEBUG: Получено сообщение | Context: {"connection_id":3431,"user_id":3,"type":"get_unread_counts"}
[2025-12-01 01:04:45] DEBUG: Запрос счетчиков непрочитанных | Context: {"connection_id":3431,"user_id":3}
[2025-12-01 01:04:45] DEBUG: Получено сообщение | Context: {"connection_id":3431,"user_id":3,"type":"unsubscribe_chat"}
[2025-12-01 01:04:45] INFO: Отписка от чата | Context: {"connection_id":3431,"user_id":3,"chat_type":"transaction","chat_id":5,"chat_key":"transaction_5"}
[2025-12-01 01:04:45] DEBUG: Получено сообщение | Context: {"connection_id":3431,"user_id":3,"type":"get_unread_counts"}
[2025-12-01 01:04:45] DEBUG: Запрос счетчиков непрочитанных | Context: {"connection_id":3431,"user_id":3}
[2025-12-01 01:04:45] DEBUG: Получено сообщение | Context: {"connection_id":3431,"user_id":3,"type":"subscribe_chat"}
[2025-12-01 01:04:45] INFO: Подписка на чат | Context: {"connection_id":3431,"user_id":3,"chat_type":"transaction","chat_id":5,"chat_key":"transaction_5","total_subscribers":1}
[2025-12-01 01:04:46] DEBUG: Получено сообщение | Context: {"connection_id":3431,"user_id":3,"type":"mark_read"}
[2025-12-01 01:04:46] INFO: Сообщения отмечены как прочитанные | Context: {"connection_id":3431,"user_id":3,"chat_type":"transaction","chat_id":5}
[2025-12-01 01:04:46] DEBUG: Обновление счетчиков непрочитанных | Context: {"user_id":3}
[2025-12-01 01:04:46] DEBUG: Получено сообщение | Context: {"connection_id":3431,"user_id":3,"type":"get_unread_counts"}
[2025-12-01 01:04:46] DEBUG: Запрос счетчиков непрочитанных | Context: {"connection_id":3431,"user_id":3}
[2025-12-01 01:04:46] DEBUG: Получено сообщение | Context: {"connection_id":3431,"user_id":3,"type":"get_unread_counts"}
[2025-12-01 01:04:46] DEBUG: Запрос счетчиков непрочитанных | Context: {"connection_id":3431,"user_id":3}
[2025-12-01 01:04:46] DEBUG: Периодическое обновление счетчиков | Context: {"users_count":2}
[2025-12-01 01:04:46] DEBUG: Обновление счетчиков непрочитанных | Context: {"user_id":2}
[2025-12-01 01:04:46] DEBUG: Обновление счетчиков непрочитанных | Context: {"user_id":3}
[2025-12-01 01:04:49] DEBUG: Периодическое обновление счетчиков | Context: {"users_count":2}
[2025-12-01 01:04:49] DEBUG: Обновление счетчиков непрочитанных | Context: {"user_id":2}
[2025-12-01 01:04:49] DEBUG: Обновление счетчиков непрочитанных | Context: {"user_id":3}
[2025-12-01 01:04:52] DEBUG: Периодическое обновление счетчиков | Context: {"users_count":2}
[2025-12-01 01:04:52] DEBUG: Обновление счетчиков непрочитанных | Context: {"user_id":2}
[2025-12-01 01:04:52] DEBUG: Обновление счетчиков непрочитанных | Context: {"user_id":3}
[2025-12-01 01:04:55] DEBUG: Периодическое обновление счетчиков | Context: {"users_count":2}
[2025-12-01 01:04:55] DEBUG: Обновление счетчиков непрочитанных | Context: {"user_id":2}
[2025-12-01 01:04:55] DEBUG: Обновление счетчиков непрочитанных | Context: {"user_id":3}
[2025-12-01 01:04:58] DEBUG: Периодическое обновление счетчиков | Context: {"users_count":2}
[2025-12-01 01:04:58] DEBUG: Обновление счетчиков непрочитанных | Context: {"user_id":2}
[2025-12-01 01:04:58] DEBUG: Обновление счетчиков непрочитанных | Context: {"user_id":3}
[2025-12-01 01:05:01] DEBUG: Периодическое обновление счетчиков | Context: {"users_count":2}
[2025-12-01 01:05:01] DEBUG: Обновление счетчиков непрочитанных | Context: {"user_id":2}
[2025-12-01 01:05:01] DEBUG: Обновление счетчиков непрочитанных | Context: {"user_id":3}
[2025-12-01 01:05:04] DEBUG: Периодическое обновление счетчиков | Context: {"users_count":2}
[2025-12-01 01:05:04] DEBUG: Обновление счетчиков непрочитанных | Context: {"user_id":2}
[2025-12-01 01:05:04] DEBUG: Обновление счетчиков непрочитанных | Context: {"user_id":3}
[2025-12-01 01:05:07] DEBUG: Периодическое обновление счетчиков | Context: {"users_count":2}
[2025-12-01 01:05:07] DEBUG: Обновление счетчиков непрочитанных | Context: {"user_id":2}
[2025-12-01 01:05:07] DEBUG: Обновление счетчиков непрочитанных | Context: {"user_id":3}
[2025-12-01 01:05:10] DEBUG: Периодическое обновление счетчиков | Context: {"users_count":2}
[2025-12-01 01:05:10] DEBUG: Обновление счетчиков непрочитанных | Context: {"user_id":2}
[2025-12-01 01:05:10] DEBUG: Обновление счетчиков непрочитанных | Context: {"user_id":3}
[2025-12-01 01:05:13] DEBUG: Периодическое обновление счетчиков | Context: {"users_count":2}
[2025-12-01 01:05:13] DEBUG: Обновление счетчиков непрочитанных | Context: {"user_id":2}
[2025-12-01 01:05:13] DEBUG: Обновление счетчиков непрочитанных | Context: {"user_id":3}
[2025-12-01 01:05:16] DEBUG: Периодическое обновление счетчиков | Context: {"users_count":2}
[2025-12-01 01:05:16] DEBUG: Обновление счетчиков непрочитанных | Context: {"user_id":2}
[2025-12-01 01:05:16] DEBUG: Обновление счетчиков непрочитанных | Context: {"user_id":3}
[2025-12-01 01:05:19] DEBUG: Периодическое обновление счетчиков | Context: {"users_count":2}
[2025-12-01 01:05:19] DEBUG: Обновление счетчиков непрочитанных | Context: {"user_id":2}
[2025-12-01 01:05:19] DEBUG: Обновление счетчиков непрочитанных | Context: {"user_id":3}
[2025-12-01 01:05:22] DEBUG: Периодическое обновление счетчиков | Context: {"users_count":2}
[2025-12-01 01:05:22] DEBUG: Обновление счетчиков непрочитанных | Context: {"user_id":2}
[2025-12-01 01:05:22] DEBUG: Обновление счетчиков непрочитанных | Context: {"user_id":3}
[2025-12-01 01:05:25] DEBUG: Периодическое обновление счетчиков | Context: {"users_count":2}
[2025-12-01 01:05:25] DEBUG: Обновление счетчиков непрочитанных | Context: {"user_id":2}
[2025-12-01 01:05:25] DEBUG: Обновление счетчиков непрочитанных | Context: {"user_id":3}
[2025-12-01 01:05:28] DEBUG: Периодическое обновление счетчиков | Context: {"users_count":2}
[2025-12-01 01:05:28] DEBUG: Обновление счетчиков непрочитанных | Context: {"user_id":2}
[2025-12-01 01:05:28] DEBUG: Обновление счетчиков непрочитанных | Context: {"user_id":3}
[2025-12-01 01:05:31] DEBUG: Периодическое обновление счетчиков | Context: {"users_count":2}
[2025-12-01 01:05:31] DEBUG: Обновление счетчиков непрочитанных | Context: {"user_id":2}
[2025-12-01 01:05:31] DEBUG: Обновление счетчиков непрочитанных | Context: {"user_id":3}
[2025-12-01 01:05:34] DEBUG: Периодическое обновление счетчиков | Context: {"users_count":2}
[2025-12-01 01:05:34] DEBUG: Обновление счетчиков непрочитанных | Context: {"user_id":2}
[2025-12-01 01:05:34] DEBUG: Обновление счетчиков непрочитанных | Context: {"user_id":3}
[2025-12-01 01:05:37] DEBUG: Периодическое обновление счетчиков | Context: {"users_count":2}
[2025-12-01 01:05:37] DEBUG: Обновление счетчиков непрочитанных | Context: {"user_id":2}
[2025-12-01 01:05:37] DEBUG: Обновление счетчиков непрочитанных | Context: {"user_id":3}
[2025-12-01 01:05:40] DEBUG: Периодическое обновление счетчиков | Context: {"users_count":2}
[2025-12-01 01:05:40] DEBUG: Обновление счетчиков непрочитанных | Context: {"user_id":2}
[2025-12-01 01:05:40] DEBUG: Обновление счетчиков непрочитанных | Context: {"user_id":3}
[2025-12-01 01:05:43] DEBUG: Периодическое обновление счетчиков | Context: {"users_count":2}
[2025-12-01 01:05:43] DEBUG: Обновление счетчиков непрочитанных | Context: {"user_id":2}
[2025-12-01 01:05:43] DEBUG: Обновление счетчиков непрочитанных | Context: {"user_id":3}
[2025-12-01 01:05:46] DEBUG: Периодическое обновление счетчиков | Context: {"users_count":2}
[2025-12-01 01:05:46] DEBUG: Обновление счетчиков непрочитанных | Context: {"user_id":2}
[2025-12-01 01:05:46] DEBUG: Обновление счетчиков непрочитанных | Context: {"user_id":3}
[2025-12-01 01:05:49] DEBUG: Периодическое обновление счетчиков | Context: {"users_count":2}
[2025-12-01 01:05:49] DEBUG: Обновление счетчиков непрочитанных | Context: {"user_id":2}
[2025-12-01 01:05:49] DEBUG: Обновление счетчиков непрочитанных | Context: {"user_id":3}
[2025-12-01 01:05:52] DEBUG: Периодическое обновление счетчиков | Context: {"users_count":2}
[2025-12-01 01:05:52] DEBUG: Обновление счетчиков непрочитанных | Context: {"user_id":2}
[2025-12-01 01:05:52] DEBUG: Обновление счетчиков непрочитанных | Context: {"user_id":3}
[2025-12-01 01:05:55] DEBUG: Периодическое обновление счетчиков | Context: {"users_count":2}
[2025-12-01 01:05:55] DEBUG: Обновление счетчиков непрочитанных | Context: {"user_id":2}
[2025-12-01 01:05:55] DEBUG: Обновление счетчиков непрочитанных | Context: {"user_id":3}
[2025-12-01 01:05:58] DEBUG: Периодическое обновление счетчиков | Context: {"users_count":2}
[2025-12-01 01:05:58] DEBUG: Обновление счетчиков непрочитанных | Context: {"user_id":2}
[2025-12-01 01:05:58] DEBUG: Обновление счетчиков непрочитанных | Context: {"user_id":3}
[2025-12-01 01:06:01] DEBUG: Периодическое обновление счетчиков | Context: {"users_count":2}
[2025-12-01 01:06:01] DEBUG: Обновление счетчиков непрочитанных | Context: {"user_id":2}
[2025-12-01 01:06:01] DEBUG: Обновление счетчиков непрочитанных | Context: {"user_id":3}
[2025-12-01 01:06:04] DEBUG: Периодическое обновление счетчиков | Context: {"users_count":2}
[2025-12-01 01:06:04] DEBUG: Обновление счетчиков непрочитанных | Context: {"user_id":2}
[2025-12-01 01:06:04] DEBUG: Обновление счетчиков непрочитанных | Context: {"user_id":3}
[2025-12-01 01:06:07] DEBUG: Периодическое обновление счетчиков | Context: {"users_count":2}
[2025-12-01 01:06:07] DEBUG: Обновление счетчиков непрочитанных | Context: {"user_id":2}
[2025-12-01 01:06:07] DEBUG: Обновление счетчиков непрочитанных | Context: {"user_id":3}
[2025-12-01 01:06:10] DEBUG: Периодическое обновление счетчиков | Context: {"users_count":2}
[2025-12-01 01:06:10] DEBUG: Обновление счетчиков непрочитанных | Context: {"user_id":2}
[2025-12-01 01:06:10] DEBUG: Обновление счетчиков непрочитанных | Context: {"user_id":3}
[2025-12-01 01:06:13] DEBUG: Периодическое обновление счетчиков | Context: {"users_count":2}
[2025-12-01 01:06:13] DEBUG: Обновление счетчиков непрочитанных | Context: {"user_id":2}
[2025-12-01 01:06:13] DEBUG: Обновление счетчиков непрочитанных | Context: {"user_id":3}
[2025-12-01 01:06:16] DEBUG: Периодическое обновление счетчиков | Context: {"users_count":2}
[2025-12-01 01:06:16] DEBUG: Обновление счетчиков непрочитанных | Context: {"user_id":2}
[2025-12-01 01:06:16] DEBUG: Обновление счетчиков непрочитанных | Context: {"user_id":3}
[2025-12-01 01:06:19] DEBUG: Периодическое обновление счетчиков | Context: {"users_count":2}
[2025-12-01 01:06:19] DEBUG: Обновление счетчиков непрочитанных | Context: {"user_id":2}
[2025-12-01 01:06:19] DEBUG: Обновление счетчиков непрочитанных | Context: {"user_id":3}
[2025-12-01 01:06:22] DEBUG: Периодическое обновление счетчиков | Context: {"users_count":2}
[2025-12-01 01:06:22] DEBUG: Обновление счетчиков непрочитанных | Context: {"user_id":2}
[2025-12-01 01:06:22] DEBUG: Обновление счетчиков непрочитанных | Context: {"user_id":3}
[2025-12-01 01:06:25] DEBUG: Периодическое обновление счетчиков | Context: {"users_count":2}
[2025-12-01 01:06:25] DEBUG: Обновление счетчиков непрочитанных | Context: {"user_id":2}
[2025-12-01 01:06:25] DEBUG: Обновление счетчиков непрочитанных | Context: {"user_id":3}
[2025-12-01 01:06:28] DEBUG: Периодическое обновление счетчиков | Context: {"users_count":2}
[2025-12-01 01:06:28] DEBUG: Обновление счетчиков непрочитанных | Context: {"user_id":2}
[2025-12-01 01:06:28] DEBUG: Обновление счетчиков непрочитанных | Context: {"user_id":3}
[2025-12-01 01:06:31] DEBUG: Периодическое обновление счетчиков | Context: {"users_count":2}
[2025-12-01 01:06:31] DEBUG: Обновление счетчиков непрочитанных | Context: {"user_id":2}
[2025-12-01 01:06:31] DEBUG: Обновление счетчиков непрочитанных | Context: {"user_id":3}
[2025-12-01 01:06:34] DEBUG: Периодическое обновление счетчиков | Context: {"users_count":2}
[2025-12-01 01:06:34] DEBUG: Обновление счетчиков непрочитанных | Context: {"user_id":2}
[2025-12-01 01:06:34] DEBUG: Обновление счетчиков непрочитанных | Context: {"user_id":3}
[2025-12-01 01:06:37] DEBUG: Периодическое обновление счетчиков | Context: {"users_count":2}
[2025-12-01 01:06:37] DEBUG: Обновление счетчиков непрочитанных | Context: {"user_id":2}
[2025-12-01 01:06:37] DEBUG: Обновление счетчиков непрочитанных | Context: {"user_id":3}
[2025-12-01 01:06:40] DEBUG: Периодическое обновление счетчиков | Context: {"users_count":2}
[2025-12-01 01:06:40] DEBUG: Обновление счетчиков непрочитанных | Context: {"user_id":2}
[2025-12-01 01:06:40] DEBUG: Обновление счетчиков непрочитанных | Context: {"user_id":3}
[2025-12-01 01:06:43] DEBUG: Периодическое обновление счетчиков | Context: {"users_count":2}
[2025-12-01 01:06:43] DEBUG: Обновление счетчиков непрочитанных | Context: {"user_id":2}
[2025-12-01 01:06:43] DEBUG: Обновление счетчиков непрочитанных | Context: {"user_id":3}
[2025-12-01 01:06:46] DEBUG: Периодическое обновление счетчиков | Context: {"users_count":2}
[2025-12-01 01:06:46] DEBUG: Обновление счетчиков непрочитанных | Context: {"user_id":2}
[2025-12-01 01:06:46] DEBUG: Обновление счетчиков непрочитанных | Context: {"user_id":3}
[2025-12-01 01:06:49] DEBUG: Периодическое обновление счетчиков | Context: {"users_count":2}
[2025-12-01 01:06:49] DEBUG: Обновление счетчиков непрочитанных | Context: {"user_id":2}
[2025-12-01 01:06:49] DEBUG: Обновление счетчиков непрочитанных | Context: {"user_id":3}
[2025-12-01 01:06:52] DEBUG: Периодическое обновление счетчиков | Context: {"users_count":2}
[2025-12-01 01:06:52] DEBUG: Обновление счетчиков непрочитанных | Context: {"user_id":2}
[2025-12-01 01:06:52] DEBUG: Обновление счетчиков непрочитанных | Context: {"user_id":3}
[2025-12-01 01:06:55] DEBUG: Периодическое обновление счетчиков | Context: {"users_count":2}
[2025-12-01 01:06:55] DEBUG: Обновление счетчиков непрочитанных | Context: {"user_id":2}
[2025-12-01 01:06:55] DEBUG: Обновление счетчиков непрочитанных | Context: {"user_id":3}
[2025-12-01 01:06:58] DEBUG: Периодическое обновление счетчиков | Context: {"users_count":2}
[2025-12-01 01:06:58] DEBUG: Обновление счетчиков непрочитанных | Context: {"user_id":2}
[2025-12-01 01:06:58] DEBUG: Обновление счетчиков непрочитанных | Context: {"user_id":3}
[2025-12-01 01:07:01] DEBUG: Периодическое обновление счетчиков | Context: {"users_count":2}
[2025-12-01 01:07:01] DEBUG: Обновление счетчиков непрочитанных | Context: {"user_id":2}
[2025-12-01 01:07:01] DEBUG: Обновление счетчиков непрочитанных | Context: {"user_id":3}
[2025-12-01 01:07:04] DEBUG: Периодическое обновление счетчиков | Context: {"users_count":2}
[2025-12-01 01:07:04] DEBUG: Обновление счетчиков непрочитанных | Context: {"user_id":2}
[2025-12-01 01:07:04] DEBUG: Обновление счетчиков непрочитанных | Context: {"user_id":3}
[2025-12-01 01:07:07] DEBUG: Периодическое обновление счетчиков | Context: {"users_count":2}
[2025-12-01 01:07:07] DEBUG: Обновление счетчиков непрочитанных | Context: {"user_id":2}
[2025-12-01 01:07:07] DEBUG: Обновление счетчиков непрочитанных | Context: {"user_id":3}
[2025-12-01 01:07:10] DEBUG: Периодическое обновление счетчиков | Context: {"users_count":2}
[2025-12-01 01:07:10] DEBUG: Обновление счетчиков непрочитанных | Context: {"user_id":2}
[2025-12-01 01:07:10] DEBUG: Обновление счетчиков непрочитанных | Context: {"user_id":3}
[2025-12-01 01:07:13] DEBUG: Периодическое обновление счетчиков | Context: {"users_count":2}
[2025-12-01 01:07:13] DEBUG: Обновление счетчиков непрочитанных | Context: {"user_id":2}
[2025-12-01 01:07:13] DEBUG: Обновление счетчиков непрочитанных | Context: {"user_id":3}
[2025-12-01 01:07:16] DEBUG: Периодическое обновление счетчиков | Context: {"users_count":2}
[2025-12-01 01:07:16] DEBUG: Обновление счетчиков непрочитанных | Context: {"user_id":2}
[2025-12-01 01:07:16] DEBUG: Обновление счетчиков непрочитанных | Context: {"user_id":3}
[2025-12-01 01:07:19] DEBUG: Периодическое обновление счетчиков | Context: {"users_count":2}
[2025-12-01 01:07:19] DEBUG: Обновление счетчиков непрочитанных | Context: {"user_id":2}
[2025-12-01 01:07:19] DEBUG: Обновление счетчиков непрочитанных | Context: {"user_id":3}
[2025-12-01 01:07:22] DEBUG: Периодическое обновление счетчиков | Context: {"users_count":2}
[2025-12-01 01:07:22] DEBUG: Обновление счетчиков непрочитанных | Context: {"user_id":2}
[2025-12-01 01:07:22] DEBUG: Обновление счетчиков непрочитанных | Context: {"user_id":3}
[2025-12-01 01:07:25] DEBUG: Периодическое обновление счетчиков | Context: {"users_count":2}
[2025-12-01 01:07:25] DEBUG: Обновление счетчиков непрочитанных | Context: {"user_id":2}
[2025-12-01 01:07:25] DEBUG: Обновление счетчиков непрочитанных | Context: {"user_id":3}
[2025-12-01 01:07:28] DEBUG: Периодическое обновление счетчиков | Context: {"users_count":2}
[2025-12-01 01:07:28] DEBUG: Обновление счетчиков непрочитанных | Context: {"user_id":2}
[2025-12-01 01:07:28] DEBUG: Обновление счетчиков непрочитанных | Context: {"user_id":3}
[2025-12-01 01:07:31] DEBUG: Периодическое обновление счетчиков | Context: {"users_count":2}
[2025-12-01 01:07:31] DEBUG: Обновление счетчиков непрочитанных | Context: {"user_id":2}
[2025-12-01 01:07:31] DEBUG: Обновление счетчиков непрочитанных | Context: {"user_id":3}
[2025-12-01 01:07:34] DEBUG: Периодическое обновление счетчиков | Context: {"users_count":2}
[2025-12-01 01:07:34] DEBUG: Обновление счетчиков непрочитанных | Context: {"user_id":2}
[2025-12-01 01:07:34] DEBUG: Обновление счетчиков непрочитанных | Context: {"user_id":3}
[2025-12-01 01:07:37] DEBUG: Периодическое обновление счетчиков | Context: {"users_count":2}
[2025-12-01 01:07:37] DEBUG: Обновление счетчиков непрочитанных | Context: {"user_id":2}
[2025-12-01 01:07:37] DEBUG: Обновление счетчиков непрочитанных | Context: {"user_id":3}
[2025-12-01 01:07:40] DEBUG: Периодическое обновление счетчиков | Context: {"users_count":2}
[2025-12-01 01:07:40] DEBUG: Обновление счетчиков непрочитанных | Context: {"user_id":2}
[2025-12-01 01:07:40] DEBUG: Обновление счетчиков непрочитанных | Context: {"user_id":3}
[2025-12-01 01:07:43] DEBUG: Периодическое обновление счетчиков | Context: {"users_count":2}
[2025-12-01 01:07:43] DEBUG: Обновление счетчиков непрочитанных | Context: {"user_id":2}
[2025-12-01 01:07:43] DEBUG: Обновление счетчиков непрочитанных | Context: {"user_id":3}
[2025-12-01 01:07:46] DEBUG: Периодическое обновление счетчиков | Context: {"users_count":2}
[2025-12-01 01:07:46] DEBUG: Обновление счетчиков непрочитанных | Context: {"user_id":2}
[2025-12-01 01:07:46] DEBUG: Обновление счетчиков непрочитанных | Context: {"user_id":3}
[2025-12-01 01:07:49] DEBUG: Периодическое обновление счетчиков | Context: {"users_count":2}
[2025-12-01 01:07:49] DEBUG: Обновление счетчиков непрочитанных | Context: {"user_id":2}
[2025-12-01 01:07:49] DEBUG: Обновление счетчиков непрочитанных | Context: {"user_id":3}
[2025-12-01 01:07:52] DEBUG: Периодическое обновление счетчиков | Context: {"users_count":2}
[2025-12-01 01:07:52] DEBUG: Обновление счетчиков непрочитанных | Context: {"user_id":2}
[2025-12-01 01:07:52] DEBUG: Обновление счетчиков непрочитанных | Context: {"user_id":3}
[2025-12-01 01:07:55] DEBUG: Периодическое обновление счетчиков | Context: {"users_count":2}
[2025-12-01 01:07:55] DEBUG: Обновление счетчиков непрочитанных | Context: {"user_id":2}
[2025-12-01 01:07:55] DEBUG: Обновление счетчиков непрочитанных | Context: {"user_id":3}
[2025-12-01 01:07:58] DEBUG: Периодическое обновление счетчиков | Context: {"users_count":2}
[2025-12-01 01:07:58] DEBUG: Обновление счетчиков непрочитанных | Context: {"user_id":2}
[2025-12-01 01:07:58] DEBUG: Обновление счетчиков непрочитанных | Context: {"user_id":3}
[2025-12-01 01:08:01] DEBUG: Периодическое обновление счетчиков | Context: {"users_count":2}
[2025-12-01 01:08:01] DEBUG: Обновление счетчиков непрочитанных | Context: {"user_id":2}
[2025-12-01 01:08:01] DEBUG: Обновление счетчиков непрочитанных | Context: {"user_id":3}
[2025-12-01 01:08:04] DEBUG: Периодическое обновление счетчиков | Context: {"users_count":2}
[2025-12-01 01:08:04] DEBUG: Обновление счетчиков непрочитанных | Context: {"user_id":2}
[2025-12-01 01:08:04] DEBUG: Обновление счетчиков непрочитанных | Context: {"user_id":3}
[2025-12-01 01:08:07] DEBUG: Периодическое обновление счетчиков | Context: {"users_count":2}
[2025-12-01 01:08:07] DEBUG: Обновление счетчиков непрочитанных | Context: {"user_id":2}
[2025-12-01 01:08:07] DEBUG: Обновление счетчиков непрочитанных | Context: {"user_id":3}
[2025-12-01 01:08:10] DEBUG: Периодическое обновление счетчиков | Context: {"users_count":2}
[2025-12-01 01:08:10] DEBUG: Обновление счетчиков непрочитанных | Context: {"user_id":2}
[2025-12-01 01:08:10] DEBUG: Обновление счетчиков непрочитанных | Context: {"user_id":3}
[2025-12-01 01:08:13] DEBUG: Периодическое обновление счетчиков | Context: {"users_count":2}
[2025-12-01 01:08:13] DEBUG: Обновление счетчиков непрочитанных | Context: {"user_id":2}
[2025-12-01 01:08:13] DEBUG: Обновление счетчиков непрочитанных | Context: {"user_id":3}
[2025-12-01 01:08:16] DEBUG: Периодическое обновление счетчиков | Context: {"users_count":2}
[2025-12-01 01:08:16] DEBUG: Обновление счетчиков непрочитанных | Context: {"user_id":2}
[2025-12-01 01:08:16] DEBUG: Обновление счетчиков непрочитанных | Context: {"user_id":3}
[2025-12-01 01:08:19] DEBUG: Периодическое обновление счетчиков | Context: {"users_count":2}
[2025-12-01 01:08:19] DEBUG: Обновление счетчиков непрочитанных | Context: {"user_id":2}
[2025-12-01 01:08:19] DEBUG: Обновление счетчиков непрочитанных | Context: {"user_id":3}
[2025-12-01 01:08:22] DEBUG: Периодическое обновление счетчиков | Context: {"users_count":2}
[2025-12-01 01:08:22] DEBUG: Обновление счетчиков непрочитанных | Context: {"user_id":2}
[2025-12-01 01:08:22] DEBUG: Обновление счетчиков непрочитанных | Context: {"user_id":3}
[2025-12-01 01:08:25] DEBUG: Периодическое обновление счетчиков | Context: {"users_count":2}
[2025-12-01 01:08:25] DEBUG: Обновление счетчиков непрочитанных | Context: {"user_id":2}
[2025-12-01 01:08:25] DEBUG: Обновление счетчиков непрочитанных | Context: {"user_id":3}
[2025-12-01 01:08:28] DEBUG: Периодическое обновление счетчиков | Context: {"users_count":2}
[2025-12-01 01:08:28] DEBUG: Обновление счетчиков непрочитанных | Context: {"user_id":2}
[2025-12-01 01:08:28] DEBUG: Обновление счетчиков непрочитанных | Context: {"user_id":3}
[2025-12-01 01:08:31] DEBUG: Периодическое обновление счетчиков | Context: {"users_count":2}
[2025-12-01 01:08:31] DEBUG: Обновление счетчиков непрочитанных | Context: {"user_id":2}
[2025-12-01 01:08:32] DEBUG: Обновление счетчиков непрочитанных | Context: {"user_id":3}
[2025-12-01 01:08:35] DEBUG: Периодическое обновление счетчиков | Context: {"users_count":2}
[2025-12-01 01:08:35] DEBUG: Обновление счетчиков непрочитанных | Context: {"user_id":2}
[2025-12-01 01:08:35] DEBUG: Обновление счетчиков непрочитанных | Context: {"user_id":3}
[2025-12-01 01:08:38] DEBUG: Периодическое обновление счетчиков | Context: {"users_count":2}
[2025-12-01 01:08:38] DEBUG: Обновление счетчиков непрочитанных | Context: {"user_id":2}
[2025-12-01 01:08:38] DEBUG: Обновление счетчиков непрочитанных | Context: {"user_id":3}
[2025-12-01 01:08:41] DEBUG: Периодическое обновление счетчиков | Context: {"users_count":2}
[2025-12-01 01:08:41] DEBUG: Обновление счетчиков непрочитанных | Context: {"user_id":2}
[2025-12-01 01:08:41] DEBUG: Обновление счетчиков непрочитанных | Context: {"user_id":3}
[2025-12-01 01:08:44] DEBUG: Периодическое обновление счетчиков | Context: {"users_count":2}
[2025-12-01 01:08:44] DEBUG: Обновление счетчиков непрочитанных | Context: {"user_id":2}
[2025-12-01 01:08:44] DEBUG: Обновление счетчиков непрочитанных | Context: {"user_id":3}
[2025-12-01 01:08:47] DEBUG: Периодическое обновление счетчиков | Context: {"users_count":2}
[2025-12-01 01:08:47] DEBUG: Обновление счетчиков непрочитанных | Context: {"user_id":2}
[2025-12-01 01:08:47] DEBUG: Обновление счетчиков непрочитанных | Context: {"user_id":3}
[2025-12-01 01:08:50] DEBUG: Периодическое обновление счетчиков | Context: {"users_count":2}
[2025-12-01 01:08:50] DEBUG: Обновление счетчиков непрочитанных | Context: {"user_id":2}
[2025-12-01 01:08:50] DEBUG: Обновление счетчиков непрочитанных | Context: {"user_id":3}
[2025-12-01 01:08:53] DEBUG: Периодическое обновление счетчиков | Context: {"users_count":2}
[2025-12-01 01:08:53] DEBUG: Обновление счетчиков непрочитанных | Context: {"user_id":2}
[2025-12-01 01:08:53] DEBUG: Обновление счетчиков непрочитанных | Context: {"user_id":3}
[2025-12-01 01:08:56] DEBUG: Периодическое обновление счетчиков | Context: {"users_count":2}
[2025-12-01 01:08:56] DEBUG: Обновление счетчиков непрочитанных | Context: {"user_id":2}
[2025-12-01 01:08:56] DEBUG: Обновление счетчиков непрочитанных | Context: {"user_id":3}
[2025-12-01 01:08:59] DEBUG: Периодическое обновление счетчиков | Context: {"users_count":2}
[2025-12-01 01:08:59] DEBUG: Обновление счетчиков непрочитанных | Context: {"user_id":2}
[2025-12-01 01:08:59] DEBUG: Обновление счетчиков непрочитанных | Context: {"user_id":3}
[2025-12-01 01:09:02] DEBUG: Периодическое обновление счетчиков | Context: {"users_count":2}
[2025-12-01 01:09:02] DEBUG: Обновление счетчиков непрочитанных | Context: {"user_id":2}
[2025-12-01 01:09:02] DEBUG: Обновление счетчиков непрочитанных | Context: {"user_id":3}
[2025-12-01 01:09:05] DEBUG: Периодическое обновление счетчиков | Context: {"users_count":2}
[2025-12-01 01:09:05] DEBUG: Обновление счетчиков непрочитанных | Context: {"user_id":2}
[2025-12-01 01:09:05] DEBUG: Обновление счетчиков непрочитанных | Context: {"user_id":3}
[2025-12-01 01:09:08] DEBUG: Периодическое обновление счетчиков | Context: {"users_count":2}
[2025-12-01 01:09:08] DEBUG: Обновление счетчиков непрочитанных | Context: {"user_id":2}
[2025-12-01 01:09:08] DEBUG: Обновление счетчиков непрочитанных | Context: {"user_id":3}
[2025-12-01 01:09:11] DEBUG: Периодическое обновление счетчиков | Context: {"users_count":2}
[2025-12-01 01:09:11] DEBUG: Обновление счетчиков непрочитанных | Context: {"user_id":2}
[2025-12-01 01:09:11] DEBUG: Обновление счетчиков непрочитанных | Context: {"user_id":3}
[2025-12-01 01:09:14] DEBUG: Периодическое обновление счетчиков | Context: {"users_count":2}
[2025-12-01 01:09:14] DEBUG: Обновление счетчиков непрочитанных | Context: {"user_id":2}
[2025-12-01 01:09:14] DEBUG: Обновление счетчиков непрочитанных | Context: {"user_id":3}
[2025-12-01 01:09:17] DEBUG: Периодическое обновление счетчиков | Context: {"users_count":2}
[2025-12-01 01:09:17] DEBUG: Обновление счетчиков непрочитанных | Context: {"user_id":2}
[2025-12-01 01:09:17] DEBUG: Обновление счетчиков непрочитанных | Context: {"user_id":3}
[2025-12-01 01:09:20] DEBUG: Периодическое обновление счетчиков | Context: {"users_count":2}
[2025-12-01 01:09:20] DEBUG: Обновление счетчиков непрочитанных | Context: {"user_id":2}
[2025-12-01 01:09:20] DEBUG: Обновление счетчиков непрочитанных | Context: {"user_id":3}
[2025-12-01 01:09:23] DEBUG: Периодическое обновление счетчиков | Context: {"users_count":2}
[2025-12-01 01:09:23] DEBUG: Обновление счетчиков непрочитанных | Context: {"user_id":2}
[2025-12-01 01:09:23] DEBUG: Обновление счетчиков непрочитанных | Context: {"user_id":3}
[2025-12-01 01:09:26] DEBUG: Периодическое обновление счетчиков | Context: {"users_count":2}
[2025-12-01 01:09:26] DEBUG: Обновление счетчиков непрочитанных | Context: {"user_id":2}
[2025-12-01 01:09:26] DEBUG: Обновление счетчиков непрочитанных | Context: {"user_id":3}
[2025-12-01 01:09:29] DEBUG: Периодическое обновление счетчиков | Context: {"users_count":2}
[2025-12-01 01:09:29] DEBUG: Обновление счетчиков непрочитанных | Context: {"user_id":2}
[2025-12-01 01:09:29] DEBUG: Обновление счетчиков непрочитанных | Context: {"user_id":3}
[2025-12-01 01:09:32] DEBUG: Периодическое обновление счетчиков | Context: {"users_count":2}
[2025-12-01 01:09:32] DEBUG: Обновление счетчиков непрочитанных | Context: {"user_id":2}
[2025-12-01 01:09:32] DEBUG: Обновление счетчиков непрочитанных | Context: {"user_id":3}
[2025-12-01 01:09:35] DEBUG: Периодическое обновление счетчиков | Context: {"users_count":2}
[2025-12-01 01:09:35] DEBUG: Обновление счетчиков непрочитанных | Context: {"user_id":2}
[2025-12-01 01:09:35] DEBUG: Обновление счетчиков непрочитанных | Context: {"user_id":3}
[2025-12-01 01:09:38] DEBUG: Периодическое обновление счетчиков | Context: {"users_count":2}
[2025-12-01 01:09:38] DEBUG: Обновление счетчиков непрочитанных | Context: {"user_id":2}
[2025-12-01 01:09:38] DEBUG: Обновление счетчиков непрочитанных | Context: {"user_id":3}
[2025-12-01 01:09:41] DEBUG: Периодическое обновление счетчиков | Context: {"users_count":2}
[2025-12-01 01:09:41] DEBUG: Обновление счетчиков непрочитанных | Context: {"user_id":2}
[2025-12-01 01:09:41] DEBUG: Обновление счетчиков непрочитанных | Context: {"user_id":3}
[2025-12-01 01:09:44] DEBUG: Периодическое обновление счетчиков | Context: {"users_count":2}
[2025-12-01 01:09:44] DEBUG: Обновление счетчиков непрочитанных | Context: {"user_id":2}
[2025-12-01 01:09:44] DEBUG: Обновление счетчиков непрочитанных | Context: {"user_id":3}
[2025-12-01 01:09:47] DEBUG: Периодическое обновление счетчиков | Context: {"users_count":2}
[2025-12-01 01:09:47] DEBUG: Обновление счетчиков непрочитанных | Context: {"user_id":2}
[2025-12-01 01:09:47] DEBUG: Обновление счетчиков непрочитанных | Context: {"user_id":3}
[2025-12-01 01:09:50] DEBUG: Периодическое обновление счетчиков | Context: {"users_count":2}
[2025-12-01 01:09:50] DEBUG: Обновление счетчиков непрочитанных | Context: {"user_id":2}
[2025-12-01 01:09:50] DEBUG: Обновление счетчиков непрочитанных | Context: {"user_id":3}
[2025-12-01 01:09:53] DEBUG: Периодическое обновление счетчиков | Context: {"users_count":2}
[2025-12-01 01:09:53] DEBUG: Обновление счетчиков непрочитанных | Context: {"user_id":2}
[2025-12-01 01:09:53] DEBUG: Обновление счетчиков непрочитанных | Context: {"user_id":3}
[2025-12-01 01:09:56] DEBUG: Периодическое обновление счетчиков | Context: {"users_count":2}
[2025-12-01 01:09:56] DEBUG: Обновление счетчиков непрочитанных | Context: {"user_id":2}
[2025-12-01 01:09:56] DEBUG: Обновление счетчиков непрочитанных | Context: {"user_id":3}
[2025-12-01 01:09:59] DEBUG: Периодическое обновление счетчиков | Context: {"users_count":2}
[2025-12-01 01:09:59] DEBUG: Обновление счетчиков непрочитанных | Context: {"user_id":2}
[2025-12-01 01:09:59] DEBUG: Обновление счетчиков непрочитанных | Context: {"user_id":3}
[2025-12-01 01:10:02] DEBUG: Периодическое обновление счетчиков | Context: {"users_count":2}
[2025-12-01 01:10:02] DEBUG: Обновление счетчиков непрочитанных | Context: {"user_id":2}
[2025-12-01 01:10:02] DEBUG: Обновление счетчиков непрочитанных | Context: {"user_id":3}
[2025-12-01 01:10:05] DEBUG: Периодическое обновление счетчиков | Context: {"users_count":2}
[2025-12-01 01:10:05] DEBUG: Обновление счетчиков непрочитанных | Context: {"user_id":2}
[2025-12-01 01:10:05] DEBUG: Обновление счетчиков непрочитанных | Context: {"user_id":3}
[2025-12-01 01:10:08] DEBUG: Периодическое обновление счетчиков | Context: {"users_count":2}
[2025-12-01 01:10:08] DEBUG: Обновление счетчиков непрочитанных | Context: {"user_id":2}
[2025-12-01 01:10:08] DEBUG: Обновление счетчиков непрочитанных | Context: {"user_id":3}
[2025-12-01 01:10:11] DEBUG: Периодическое обновление счетчиков | Context: {"users_count":2}
[2025-12-01 01:10:11] DEBUG: Обновление счетчиков непрочитанных | Context: {"user_id":2}
[2025-12-01 01:10:11] DEBUG: Обновление счетчиков непрочитанных | Context: {"user_id":3}
[2025-12-01 01:10:14] DEBUG: Периодическое обновление счетчиков | Context: {"users_count":2}
[2025-12-01 01:10:14] DEBUG: Обновление счетчиков непрочитанных | Context: {"user_id":2}
[2025-12-01 01:10:14] DEBUG: Обновление счетчиков непрочитанных | Context: {"user_id":3}
[2025-12-01 01:10:17] DEBUG: Периодическое обновление счетчиков | Context: {"users_count":2}
[2025-12-01 01:10:17] DEBUG: Обновление счетчиков непрочитанных | Context: {"user_id":2}
[2025-12-01 01:10:17] DEBUG: Обновление счетчиков непрочитанных | Context: {"user_id":3}
[2025-12-01 01:10:20] DEBUG: Периодическое обновление счетчиков | Context: {"users_count":2}
[2025-12-01 01:10:20] DEBUG: Обновление счетчиков непрочитанных | Context: {"user_id":2}
[2025-12-01 01:10:20] DEBUG: Обновление счетчиков непрочитанных | Context: {"user_id":3}
[2025-12-01 01:10:23] DEBUG: Периодическое обновление счетчиков | Context: {"users_count":2}
[2025-12-01 01:10:23] DEBUG: Обновление счетчиков непрочитанных | Context: {"user_id":2}
[2025-12-01 01:10:23] DEBUG: Обновление счетчиков непрочитанных | Context: {"user_id":3}
[2025-12-01 01:10:26] DEBUG: Периодическое обновление счетчиков | Context: {"users_count":2}
[2025-12-01 01:10:26] DEBUG: Обновление счетчиков непрочитанных | Context: {"user_id":2}
[2025-12-01 01:10:26] DEBUG: Обновление счетчиков непрочитанных | Context: {"user_id":3}
[2025-12-01 01:10:29] DEBUG: Периодическое обновление счетчиков | Context: {"users_count":2}
[2025-12-01 01:10:29] DEBUG: Обновление счетчиков непрочитанных | Context: {"user_id":2}
[2025-12-01 01:10:29] DEBUG: Обновление счетчиков непрочитанных | Context: {"user_id":3}
[2025-12-01 01:10:32] DEBUG: Периодическое обновление счетчиков | Context: {"users_count":2}
[2025-12-01 01:10:32] DEBUG: Обновление счетчиков непрочитанных | Context: {"user_id":2}
[2025-12-01 01:10:32] DEBUG: Обновление счетчиков непрочитанных | Context: {"user_id":3}
[2025-12-01 01:10:35] DEBUG: Периодическое обновление счетчиков | Context: {"users_count":2}
[2025-12-01 01:10:35] DEBUG: Обновление счетчиков непрочитанных | Context: {"user_id":2}
[2025-12-01 01:10:35] DEBUG: Обновление счетчиков непрочитанных | Context: {"user_id":3}
[2025-12-01 01:10:38] DEBUG: Периодическое обновление счетчиков | Context: {"users_count":2}
[2025-12-01 01:10:38] DEBUG: Обновление счетчиков непрочитанных | Context: {"user_id":2}
[2025-12-01 01:10:38] DEBUG: Обновление счетчиков непрочитанных | Context: {"user_id":3}
[2025-12-01 01:10:41] DEBUG: Периодическое обновление счетчиков | Context: {"users_count":2}
[2025-12-01 01:10:41] DEBUG: Обновление счетчиков непрочитанных | Context: {"user_id":2}
[2025-12-01 01:10:41] DEBUG: Обновление счетчиков непрочитанных | Context: {"user_id":3}
[2025-12-01 01:10:44] DEBUG: Периодическое обновление счетчиков | Context: {"users_count":2}
[2025-12-01 01:10:44] DEBUG: Обновление счетчиков непрочитанных | Context: {"user_id":2}
[2025-12-01 01:10:44] DEBUG: Обновление счетчиков непрочитанных | Context: {"user_id":3}
[2025-12-01 01:10:47] DEBUG: Периодическое обновление счетчиков | Context: {"users_count":2}
[2025-12-01 01:10:47] DEBUG: Обновление счетчиков непрочитанных | Context: {"user_id":2}
[2025-12-01 01:10:47] DEBUG: Обновление счетчиков непрочитанных | Context: {"user_id":3}
[2025-12-01 01:10:50] DEBUG: Периодическое обновление счетчиков | Context: {"users_count":2}
[2025-12-01 01:10:50] DEBUG: Обновление счетчиков непрочитанных | Context: {"user_id":2}
[2025-12-01 01:10:50] DEBUG: Обновление счетчиков непрочитанных | Context: {"user_id":3}
[2025-12-01 01:10:53] DEBUG: Периодическое обновление счетчиков | Context: {"users_count":2}
[2025-12-01 01:10:53] DEBUG: Обновление счетчиков непрочитанных | Context: {"user_id":2}
[2025-12-01 01:10:53] DEBUG: Обновление счетчиков непрочитанных | Context: {"user_id":3}
[2025-12-01 01:10:56] DEBUG: Периодическое обновление счетчиков | Context: {"users_count":2}
[2025-12-01 01:10:56] DEBUG: Обновление счетчиков непрочитанных | Context: {"user_id":2}
[2025-12-01 01:10:56] DEBUG: Обновление счетчиков непрочитанных | Context: {"user_id":3}
[2025-12-01 01:10:59] DEBUG: Периодическое обновление счетчиков | Context: {"users_count":2}
[2025-12-01 01:10:59] DEBUG: Обновление счетчиков непрочитанных | Context: {"user_id":2}
[2025-12-01 01:10:59] DEBUG: Обновление счетчиков непрочитанных | Context: {"user_id":3}
[2025-12-01 01:11:02] DEBUG: Периодическое обновление счетчиков | Context: {"users_count":2}
[2025-12-01 01:11:02] DEBUG: Обновление счетчиков непрочитанных | Context: {"user_id":2}
[2025-12-01 01:11:02] DEBUG: Обновление счетчиков непрочитанных | Context: {"user_id":3}
[2025-12-01 01:11:05] DEBUG: Периодическое обновление счетчиков | Context: {"users_count":2}
[2025-12-01 01:11:05] DEBUG: Обновление счетчиков непрочитанных | Context: {"user_id":2}
[2025-12-01 01:11:05] DEBUG: Обновление счетчиков непрочитанных | Context: {"user_id":3}
[2025-12-01 01:11:08] DEBUG: Периодическое обновление счетчиков | Context: {"users_count":2}
[2025-12-01 01:11:08] DEBUG: Обновление счетчиков непрочитанных | Context: {"user_id":2}
[2025-12-01 01:11:08] DEBUG: Обновление счетчиков непрочитанных | Context: {"user_id":3}
[2025-12-01 01:11:11] DEBUG: Периодическое обновление счетчиков | Context: {"users_count":2}
[2025-12-01 01:11:11] DEBUG: Обновление счетчиков непрочитанных | Context: {"user_id":2}
[2025-12-01 01:11:11] DEBUG: Обновление счетчиков непрочитанных | Context: {"user_id":3}
[2025-12-01 01:11:14] DEBUG: Периодическое обновление счетчиков | Context: {"users_count":2}
[2025-12-01 01:11:14] DEBUG: Обновление счетчиков непрочитанных | Context: {"user_id":2}
[2025-12-01 01:11:14] DEBUG: Обновление счетчиков непрочитанных | Context: {"user_id":3}
[2025-12-01 01:11:17] DEBUG: Периодическое обновление счетчиков | Context: {"users_count":2}
[2025-12-01 01:11:17] DEBUG: Обновление счетчиков непрочитанных | Context: {"user_id":2}
[2025-12-01 01:11:17] DEBUG: Обновление счетчиков непрочитанных | Context: {"user_id":3}
[2025-12-01 01:11:20] DEBUG: Периодическое обновление счетчиков | Context: {"users_count":2}
[2025-12-01 01:11:20] DEBUG: Обновление счетчиков непрочитанных | Context: {"user_id":2}
[2025-12-01 01:11:20] DEBUG: Обновление счетчиков непрочитанных | Context: {"user_id":3}
[2025-12-01 01:11:23] DEBUG: Периодическое обновление счетчиков | Context: {"users_count":2}
[2025-12-01 01:11:23] DEBUG: Обновление счетчиков непрочитанных | Context: {"user_id":2}
[2025-12-01 01:11:23] DEBUG: Обновление счетчиков непрочитанных | Context: {"user_id":3}
[2025-12-01 01:11:26] DEBUG: Периодическое обновление счетчиков | Context: {"users_count":2}
[2025-12-01 01:11:26] DEBUG: Обновление счетчиков непрочитанных | Context: {"user_id":2}
[2025-12-01 01:11:26] DEBUG: Обновление счетчиков непрочитанных | Context: {"user_id":3}
[2025-12-01 01:11:29] DEBUG: Периодическое обновление счетчиков | Context: {"users_count":2}
[2025-12-01 01:11:29] DEBUG: Обновление счетчиков непрочитанных | Context: {"user_id":2}
[2025-12-01 01:11:29] DEBUG: Обновление счетчиков непрочитанных | Context: {"user_id":3}
[2025-12-01 01:11:32] DEBUG: Периодическое обновление счетчиков | Context: {"users_count":2}
[2025-12-01 01:11:32] DEBUG: Обновление счетчиков непрочитанных | Context: {"user_id":2}
[2025-12-01 01:11:32] DEBUG: Обновление счетчиков непрочитанных | Context: {"user_id":3}
[2025-12-01 01:11:35] DEBUG: Периодическое обновление счетчиков | Context: {"users_count":2}
[2025-12-01 01:11:35] DEBUG: Обновление счетчиков непрочитанных | Context: {"user_id":2}
[2025-12-01 01:11:35] DEBUG: Обновление счетчиков непрочитанных | Context: {"user_id":3}
[2025-12-01 01:11:38] DEBUG: Периодическое обновление счетчиков | Context: {"users_count":2}
[2025-12-01 01:11:38] DEBUG: Обновление счетчиков непрочитанных | Context: {"user_id":2}
[2025-12-01 01:11:38] DEBUG: Обновление счетчиков непрочитанных | Context: {"user_id":3}
[2025-12-01 01:11:41] DEBUG: Периодическое обновление счетчиков | Context: {"users_count":2}
[2025-12-01 01:11:41] DEBUG: Обновление счетчиков непрочитанных | Context: {"user_id":2}
[2025-12-01 01:11:41] DEBUG: Обновление счетчиков непрочитанных | Context: {"user_id":3}
[2025-12-01 01:11:44] DEBUG: Периодическое обновление счетчиков | Context: {"users_count":2}
[2025-12-01 01:11:44] DEBUG: Обновление счетчиков непрочитанных | Context: {"user_id":2}
[2025-12-01 01:11:44] DEBUG: Обновление счетчиков непрочитанных | Context: {"user_id":3}
[2025-12-01 01:11:47] DEBUG: Периодическое обновление счетчиков | Context: {"users_count":2}
[2025-12-01 01:11:47] DEBUG: Обновление счетчиков непрочитанных | Context: {"user_id":2}
[2025-12-01 01:11:47] DEBUG: Обновление счетчиков непрочитанных | Context: {"user_id":3}
[2025-12-01 01:11:50] DEBUG: Периодическое обновление счетчиков | Context: {"users_count":2}
[2025-12-01 01:11:50] DEBUG: Обновление счетчиков непрочитанных | Context: {"user_id":2}
[2025-12-01 01:11:50] DEBUG: Обновление счетчиков непрочитанных | Context: {"user_id":3}
[2025-12-01 01:11:53] DEBUG: Периодическое обновление счетчиков | Context: {"users_count":2}
[2025-12-01 01:11:53] DEBUG: Обновление счетчиков непрочитанных | Context: {"user_id":2}
[2025-12-01 01:11:53] DEBUG: Обновление счетчиков непрочитанных | Context: {"user_id":3}
[2025-12-01 01:11:56] DEBUG: Периодическое обновление счетчиков | Context: {"users_count":2}
[2025-12-01 01:11:56] DEBUG: Обновление счетчиков непрочитанных | Context: {"user_id":2}
[2025-12-01 01:11:56] DEBUG: Обновление счетчиков непрочитанных | Context: {"user_id":3}
[2025-12-01 01:11:59] DEBUG: Периодическое обновление счетчиков | Context: {"users_count":2}
[2025-12-01 01:11:59] DEBUG: Обновление счетчиков непрочитанных | Context: {"user_id":2}
[2025-12-01 01:11:59] DEBUG: Обновление счетчиков непрочитанных | Context: {"user_id":3}
[2025-12-01 01:12:00] DEBUG: Получено сообщение | Context: {"connection_id":2888,"user_id":2,"type":"get_unread_counts"}
[2025-12-01 01:12:00] DEBUG: Запрос счетчиков непрочитанных | Context: {"connection_id":2888,"user_id":2}
[2025-12-01 01:12:02] DEBUG: Периодическое обновление счетчиков | Context: {"users_count":2}
[2025-12-01 01:12:02] DEBUG: Обновление счетчиков непрочитанных | Context: {"user_id":2}
[2025-12-01 01:12:02] DEBUG: Обновление счетчиков непрочитанных | Context: {"user_id":3}
[2025-12-01 01:12:03] DEBUG: Получено сообщение | Context: {"connection_id":3431,"user_id":3,"type":"unsubscribe_chat"}
[2025-12-01 01:12:03] INFO: Отписка от чата | Context: {"connection_id":3431,"user_id":3,"chat_type":"community","chat_id":1,"chat_key":"community_1"}
[2025-12-01 01:12:03] DEBUG: Получено сообщение | Context: {"connection_id":3431,"user_id":3,"type":"unsubscribe_chat"}
[2025-12-01 01:12:03] INFO: Отписка от чата | Context: {"connection_id":3431,"user_id":3,"chat_type":"transaction","chat_id":5,"chat_key":"transaction_5"}
[2025-12-01 01:12:03] ERROR: Ошибка WebSocket соединения | Context: {"connection_id":3431,"user_id":3,"remote_address":"127.0.0.1","error":"Unable to write to stream: fwrite(): SSL operation failed with code 1. OpenSSL Error messages:\nerror:1420C0CF:SSL routines:ssl_write_internal:protocol is shutdown","file":"F:\\OpenServer\\domains\\ogas\\vendor\\react\\stream\\src\\WritableResourceStream.php","line":150,"trace":"#0 F:\\OpenServer\\domains\\ogas\\vendor\\react\\event-loop\\src\\StreamSelectLoop.php(254): React\\Stream\\WritableResourceStream->handleWrite()\n#1 F:\\OpenServer\\domains\\ogas\\vendor\\react\\event-loop\\src\\StreamSelectLoop.php(213): React\\EventLoop\\StreamSelectLoop->waitForStreamActivity()\n#2 F:\\OpenServer\\domains\\ogas\\vendor\\cboden\\ratchet\\src\\Ratchet\\Server\\IoServer.php(74): React\\EventLoop\\StreamSelectLoop->run()\n#3 F:\\OpenServer\\domains\\ogas\\websocket\\chat-server.php(1469): Ratchet\\Server\\IoServer->run()\n#4 {main}"}
[2025-12-01 01:12:03] INFO: Клиент отключился | Context: {"connection_id":3431,"user_id":3,"remote_address":"127.0.0.1"}
[2025-12-01 01:12:05] DEBUG: Периодическое обновление счетчиков | Context: {"users_count":1}
[2025-12-01 01:12:05] DEBUG: Обновление счетчиков непрочитанных | Context: {"user_id":2}
[2025-12-01 01:12:08] DEBUG: Периодическое обновление счетчиков | Context: {"users_count":1}
[2025-12-01 01:12:08] DEBUG: Обновление счетчиков непрочитанных | Context: {"user_id":2}
[2025-12-01 01:12:11] DEBUG: Периодическое обновление счетчиков | Context: {"users_count":1}
[2025-12-01 01:12:11] DEBUG: Обновление счетчиков непрочитанных | Context: {"user_id":2}
[2025-12-01 01:12:14] DEBUG: Периодическое обновление счетчиков | Context: {"users_count":1}
[2025-12-01 01:12:14] DEBUG: Обновление счетчиков непрочитанных | Context: {"user_id":2}
[2025-12-01 01:12:17] DEBUG: Периодическое обновление счетчиков | Context: {"users_count":1}
[2025-12-01 01:12:17] DEBUG: Обновление счетчиков непрочитанных | Context: {"user_id":2}
[2025-12-01 01:12:20] DEBUG: Периодическое обновление счетчиков | Context: {"users_count":1}
[2025-12-01 01:12:20] DEBUG: Обновление счетчиков непрочитанных | Context: {"user_id":2}
[2025-12-01 01:12:23] DEBUG: Периодическое обновление счетчиков | Context: {"users_count":1}
[2025-12-01 01:12:23] DEBUG: Обновление счетчиков непрочитанных | Context: {"user_id":2}
[2025-12-01 01:12:26] DEBUG: Периодическое обновление счетчиков | Context: {"users_count":1}
[2025-12-01 01:12:26] DEBUG: Обновление счетчиков непрочитанных | Context: {"user_id":2}
[2025-12-01 01:12:29] DEBUG: Периодическое обновление счетчиков | Context: {"users_count":1}
[2025-12-01 01:12:29] DEBUG: Обновление счетчиков непрочитанных | Context: {"user_id":2}
[2025-12-01 01:12:32] DEBUG: Периодическое обновление счетчиков | Context: {"users_count":1}
[2025-12-01 01:12:32] DEBUG: Обновление счетчиков непрочитанных | Context: {"user_id":2}
[2025-12-01 01:12:35] DEBUG: Периодическое обновление счетчиков | Context: {"users_count":1}
[2025-12-01 01:12:35] DEBUG: Обновление счетчиков непрочитанных | Context: {"user_id":2}
[2025-12-01 01:12:38] DEBUG: Периодическое обновление счетчиков | Context: {"users_count":1}
[2025-12-01 01:12:38] DEBUG: Обновление счетчиков непрочитанных | Context: {"user_id":2}
[2025-12-01 01:12:41] DEBUG: Периодическое обновление счетчиков | Context: {"users_count":1}
[2025-12-01 01:12:41] DEBUG: Обновление счетчиков непрочитанных | Context: {"user_id":2}
[2025-12-01 01:12:44] DEBUG: Получено сообщение | Context: {"connection_id":2888,"user_id":2,"type":"get_unread_counts"}
[2025-12-01 01:12:44] DEBUG: Запрос счетчиков непрочитанных | Context: {"connection_id":2888,"user_id":2}
[2025-12-01 01:12:44] DEBUG: Периодическое обновление счетчиков | Context: {"users_count":1}
[2025-12-01 01:12:44] DEBUG: Обновление счетчиков непрочитанных | Context: {"user_id":2}
[2025-12-01 01:12:47] DEBUG: Периодическое обновление счетчиков | Context: {"users_count":1}
[2025-12-01 01:12:47] DEBUG: Обновление счетчиков непрочитанных | Context: {"user_id":2}
[2025-12-01 01:12:50] DEBUG: Периодическое обновление счетчиков | Context: {"users_count":1}
[2025-12-01 01:12:50] DEBUG: Обновление счетчиков непрочитанных | Context: {"user_id":2}
[2025-12-01 01:12:53] DEBUG: Периодическое обновление счетчиков | Context: {"users_count":1}
[2025-12-01 01:12:53] DEBUG: Обновление счетчиков непрочитанных | Context: {"user_id":2}
[2025-12-01 01:12:56] DEBUG: Периодическое обновление счетчиков | Context: {"users_count":1}
[2025-12-01 01:12:56] DEBUG: Обновление счетчиков непрочитанных | Context: {"user_id":2}
[2025-12-01 01:12:59] DEBUG: Периодическое обновление счетчиков | Context: {"users_count":1}
[2025-12-01 01:12:59] DEBUG: Обновление счетчиков непрочитанных | Context: {"user_id":2}
[2025-12-01 01:13:02] DEBUG: Периодическое обновление счетчиков | Context: {"users_count":1}
[2025-12-01 01:13:02] DEBUG: Обновление счетчиков непрочитанных | Context: {"user_id":2}
[2025-12-01 01:13:05] DEBUG: Периодическое обновление счетчиков | Context: {"users_count":1}
[2025-12-01 01:13:05] DEBUG: Обновление счетчиков непрочитанных | Context: {"user_id":2}
[2025-12-01 01:13:08] DEBUG: Периодическое обновление счетчиков | Context: {"users_count":1}
[2025-12-01 01:13:08] DEBUG: Обновление счетчиков непрочитанных | Context: {"user_id":2}
[2025-12-01 01:13:11] DEBUG: Периодическое обновление счетчиков | Context: {"users_count":1}
[2025-12-01 01:13:11] DEBUG: Обновление счетчиков непрочитанных | Context: {"user_id":2}
[2025-12-01 01:13:14] DEBUG: Периодическое обновление счетчиков | Context: {"users_count":1}
[2025-12-01 01:13:14] DEBUG: Обновление счетчиков непрочитанных | Context: {"user_id":2}
[2025-12-01 01:13:17] DEBUG: Периодическое обновление счетчиков | Context: {"users_count":1}
[2025-12-01 01:13:17] DEBUG: Обновление счетчиков непрочитанных | Context: {"user_id":2}
[2025-12-01 01:13:20] DEBUG: Периодическое обновление счетчиков | Context: {"users_count":1}
[2025-12-01 01:13:20] DEBUG: Обновление счетчиков непрочитанных | Context: {"user_id":2}
[2025-12-01 01:13:23] DEBUG: Периодическое обновление счетчиков | Context: {"users_count":1}
[2025-12-01 01:13:23] DEBUG: Обновление счетчиков непрочитанных | Context: {"user_id":2}
[2025-12-01 01:13:26] DEBUG: Периодическое обновление счетчиков | Context: {"users_count":1}
[2025-12-01 01:13:26] DEBUG: Обновление счетчиков непрочитанных | Context: {"user_id":2}
[2025-12-01 01:13:29] DEBUG: Периодическое обновление счетчиков | Context: {"users_count":1}
[2025-12-01 01:13:29] DEBUG: Обновление счетчиков непрочитанных | Context: {"user_id":2}
[2025-12-01 01:13:32] DEBUG: Периодическое обновление счетчиков | Context: {"users_count":1}
[2025-12-01 01:13:32] DEBUG: Обновление счетчиков непрочитанных | Context: {"user_id":2}
[2025-12-01 01:13:35] DEBUG: Периодическое обновление счетчиков | Context: {"users_count":1}
[2025-12-01 01:13:35] DEBUG: Обновление счетчиков непрочитанных | Context: {"user_id":2}
[2025-12-01 01:13:38] DEBUG: Периодическое обновление счетчиков | Context: {"users_count":1}
[2025-12-01 01:13:38] DEBUG: Обновление счетчиков непрочитанных | Context: {"user_id":2}
[2025-12-01 01:13:41] DEBUG: Периодическое обновление счетчиков | Context: {"users_count":1}
[2025-12-01 01:13:41] DEBUG: Обновление счетчиков непрочитанных | Context: {"user_id":2}
[2025-12-01 01:13:44] DEBUG: Периодическое обновление счетчиков | Context: {"users_count":1}
[2025-12-01 01:13:44] DEBUG: Обновление счетчиков непрочитанных | Context: {"user_id":2}
[2025-12-01 01:13:47] DEBUG: Периодическое обновление счетчиков | Context: {"users_count":1}
[2025-12-01 01:13:47] DEBUG: Обновление счетчиков непрочитанных | Context: {"user_id":2}
[2025-12-01 01:13:50] DEBUG: Периодическое обновление счетчиков | Context: {"users_count":1}
[2025-12-01 01:13:50] DEBUG: Обновление счетчиков непрочитанных | Context: {"user_id":2}
[2025-12-01 01:13:53] DEBUG: Периодическое обновление счетчиков | Context: {"users_count":1}
[2025-12-01 01:13:53] DEBUG: Обновление счетчиков непрочитанных | Context: {"user_id":2}
[2025-12-01 01:13:56] DEBUG: Периодическое обновление счетчиков | Context: {"users_count":1}
[2025-12-01 01:13:56] DEBUG: Обновление счетчиков непрочитанных | Context: {"user_id":2}
[2025-12-01 01:13:59] DEBUG: Периодическое обновление счетчиков | Context: {"users_count":1}
[2025-12-01 01:13:59] DEBUG: Обновление счетчиков непрочитанных | Context: {"user_id":2}
[2025-12-01 01:14:02] DEBUG: Периодическое обновление счетчиков | Context: {"users_count":1}
[2025-12-01 01:14:02] DEBUG: Обновление счетчиков непрочитанных | Context: {"user_id":2}
[2025-12-01 01:14:05] DEBUG: Периодическое обновление счетчиков | Context: {"users_count":1}
[2025-12-01 01:14:05] DEBUG: Обновление счетчиков непрочитанных | Context: {"user_id":2}
[2025-12-01 01:14:08] DEBUG: Периодическое обновление счетчиков | Context: {"users_count":1}
[2025-12-01 01:14:08] DEBUG: Обновление счетчиков непрочитанных | Context: {"user_id":2}
[2025-12-01 01:14:11] DEBUG: Периодическое обновление счетчиков | Context: {"users_count":1}
[2025-12-01 01:14:11] DEBUG: Обновление счетчиков непрочитанных | Context: {"user_id":2}
[2025-12-01 01:14:14] DEBUG: Периодическое обновление счетчиков | Context: {"users_count":1}
[2025-12-01 01:14:14] DEBUG: Обновление счетчиков непрочитанных | Context: {"user_id":2}
[2025-12-01 01:14:17] DEBUG: Периодическое обновление счетчиков | Context: {"users_count":1}
[2025-12-01 01:14:17] DEBUG: Обновление счетчиков непрочитанных | Context: {"user_id":2}
[2025-12-01 01:14:20] DEBUG: Периодическое обновление счетчиков | Context: {"users_count":1}
[2025-12-01 01:14:20] DEBUG: Обновление счетчиков непрочитанных | Context: {"user_id":2}
[2025-12-01 01:14:23] DEBUG: Периодическое обновление счетчиков | Context: {"users_count":1}
[2025-12-01 01:14:23] DEBUG: Обновление счетчиков непрочитанных | Context: {"user_id":2}
[2025-12-01 01:14:26] DEBUG: Периодическое обновление счетчиков | Context: {"users_count":1}
[2025-12-01 01:14:26] DEBUG: Обновление счетчиков непрочитанных | Context: {"user_id":2}
[2025-12-01 01:14:29] DEBUG: Периодическое обновление счетчиков | Context: {"users_count":1}
[2025-12-01 01:14:29] DEBUG: Обновление счетчиков непрочитанных | Context: {"user_id":2}
[2025-12-01 01:14:32] DEBUG: Периодическое обновление счетчиков | Context: {"users_count":1}
[2025-12-01 01:14:32] DEBUG: Обновление счетчиков непрочитанных | Context: {"user_id":2}
[2025-12-01 01:14:35] DEBUG: Периодическое обновление счетчиков | Context: {"users_count":1}
[2025-12-01 01:14:35] DEBUG: Обновление счетчиков непрочитанных | Context: {"user_id":2}
[2025-12-01 01:14:38] DEBUG: Периодическое обновление счетчиков | Context: {"users_count":1}
[2025-12-01 01:14:38] DEBUG: Обновление счетчиков непрочитанных | Context: {"user_id":2}
[2025-12-01 01:14:41] DEBUG: Периодическое обновление счетчиков | Context: {"users_count":1}
[2025-12-01 01:14:41] DEBUG: Обновление счетчиков непрочитанных | Context: {"user_id":2}
[2025-12-01 01:14:44] DEBUG: Получено сообщение | Context: {"connection_id":2888,"user_id":2,"type":"get_unread_counts"}
[2025-12-01 01:14:44] DEBUG: Запрос счетчиков непрочитанных | Context: {"connection_id":2888,"user_id":2}
[2025-12-01 01:14:44] DEBUG: Периодическое обновление счетчиков | Context: {"users_count":1}
[2025-12-01 01:14:44] DEBUG: Обновление счетчиков непрочитанных | Context: {"user_id":2}
[2025-12-01 01:14:46] DEBUG: Получено сообщение | Context: {"connection_id":2888,"user_id":2,"type":"unsubscribe_chat"}
[2025-12-01 01:14:46] INFO: Отписка от чата | Context: {"connection_id":2888,"user_id":2,"chat_type":"transaction","chat_id":9,"chat_key":"transaction_9"}
[2025-12-01 01:14:46] DEBUG: Получено сообщение | Context: {"connection_id":2888,"user_id":2,"type":"unsubscribe_chat"}
[2025-12-01 01:14:46] INFO: Отписка от чата | Context: {"connection_id":2888,"user_id":2,"chat_type":"transaction","chat_id":8,"chat_key":"transaction_8"}
[2025-12-01 01:14:46] DEBUG: Получено сообщение | Context: {"connection_id":2888,"user_id":2,"type":"unsubscribe_chat"}
[2025-12-01 01:14:46] INFO: Отписка от чата | Context: {"connection_id":2888,"user_id":2,"chat_type":"transaction","chat_id":6,"chat_key":"transaction_6"}
[2025-12-01 01:14:46] INFO: Клиент отключился | Context: {"connection_id":2888,"user_id":2,"remote_address":"127.0.0.1"}
[2025-12-01 01:15:45] INFO: Новое подключение | Context: {"connection_id":4646,"remote_address":"127.0.0.1"}
[2025-12-01 01:15:45] DEBUG: Получено сообщение | Context: {"connection_id":4646,"user_id":null,"type":"auth"}
[2025-12-01 01:15:45] INFO: Пользователь аутентифицирован | Context: {"connection_id":4646,"user_id":2,"user_email":"admin@ogas","total_connections":1}
[2025-12-01 01:15:45] DEBUG: Получено сообщение | Context: {"connection_id":4646,"user_id":2,"type":"get_unread_counts"}
[2025-12-01 01:15:45] DEBUG: Запрос счетчиков непрочитанных | Context: {"connection_id":4646,"user_id":2}
[2025-12-01 01:15:46] DEBUG: Получено сообщение | Context: {"connection_id":4646,"user_id":2,"type":"mark_read"}
[2025-12-01 01:15:46] INFO: Сообщения отмечены как прочитанные | Context: {"connection_id":4646,"user_id":2,"chat_type":"transaction","chat_id":13}
[2025-12-01 01:15:46] DEBUG: Обновление счетчиков непрочитанных | Context: {"user_id":2}
[2025-12-01 01:15:46] DEBUG: Получено сообщение | Context: {"connection_id":4646,"user_id":2,"type":"get_unread_counts"}
[2025-12-01 01:15:46] DEBUG: Запрос счетчиков непрочитанных | Context: {"connection_id":4646,"user_id":2}
[2025-12-01 01:15:46] DEBUG: Получено сообщение | Context: {"connection_id":4646,"user_id":2,"type":"get_unread_counts"}
[2025-12-01 01:15:46] DEBUG: Запрос счетчиков непрочитанных | Context: {"connection_id":4646,"user_id":2}
[2025-12-01 01:15:46] DEBUG: Получено сообщение | Context: {"connection_id":4646,"user_id":2,"type":"get_unread_counts"}
[2025-12-01 01:15:46] DEBUG: Запрос счетчиков непрочитанных | Context: {"connection_id":4646,"user_id":2}
[2025-12-01 01:15:48] DEBUG: Периодическое обновление счетчиков | Context: {"users_count":1}
[2025-12-01 01:15:48] DEBUG: Обновление счетчиков непрочитанных | Context: {"user_id":2}
[2025-12-01 01:15:51] DEBUG: Периодическое обновление счетчиков | Context: {"users_count":1}
[2025-12-01 01:15:51] DEBUG: Обновление счетчиков непрочитанных | Context: {"user_id":2}
[2025-12-01 01:15:53] DEBUG: Получено сообщение | Context: {"connection_id":4646,"user_id":2,"type":"confirm_transaction"}
[2025-12-01 01:15:53] INFO: Транзакция подтверждена через WebSocket | Context: {"connection_id":4646,"user_id":2,"transaction_id":13,"seller_confirmed":true,"buyer_confirmed":false,"both_confirmed":false}
[2025-12-01 01:15:53] DEBUG: Обновление счетчиков непрочитанных | Context: {"user_id":2}
[2025-12-01 01:15:53] DEBUG: Обновление счетчиков непрочитанных | Context: {"user_id":6}
[2025-12-01 01:15:53] DEBUG: Получено сообщение | Context: {"connection_id":4646,"user_id":2,"type":"get_unread_counts"}
[2025-12-01 01:15:53] DEBUG: Запрос счетчиков непрочитанных | Context: {"connection_id":4646,"user_id":2}
[2025-12-01 01:15:53] DEBUG: Получено сообщение | Context: {"connection_id":4646,"user_id":2,"type":"get_unread_counts"}
[2025-12-01 01:15:53] DEBUG: Запрос счетчиков непрочитанных | Context: {"connection_id":4646,"user_id":2}
[2025-12-01 01:15:54] DEBUG: Периодическое обновление счетчиков | Context: {"users_count":1}
[2025-12-01 01:15:54] DEBUG: Обновление счетчиков непрочитанных | Context: {"user_id":2}
[2025-12-01 01:15:57] DEBUG: Периодическое обновление счетчиков | Context: {"users_count":1}
[2025-12-01 01:15:57] DEBUG: Обновление счетчиков непрочитанных | Context: {"user_id":2}
[2025-12-01 01:16:00] DEBUG: Периодическое обновление счетчиков | Context: {"users_count":1}
[2025-12-01 01:16:00] DEBUG: Обновление счетчиков непрочитанных | Context: {"user_id":2}
[2025-12-01 01:16:03] DEBUG: Периодическое обновление счетчиков | Context: {"users_count":1}
[2025-12-01 01:16:03] DEBUG: Обновление счетчиков непрочитанных | Context: {"user_id":2}
[2025-12-01 01:16:06] DEBUG: Периодическое обновление счетчиков | Context: {"users_count":1}
[2025-12-01 01:16:06] DEBUG: Обновление счетчиков непрочитанных | Context: {"user_id":2}
[2025-12-01 01:16:09] DEBUG: Периодическое обновление счетчиков | Context: {"users_count":1}
[2025-12-01 01:16:09] DEBUG: Обновление счетчиков непрочитанных | Context: {"user_id":2}
[2025-12-01 01:16:12] DEBUG: Периодическое обновление счетчиков | Context: {"users_count":1}
[2025-12-01 01:16:12] DEBUG: Обновление счетчиков непрочитанных | Context: {"user_id":2}
[2025-12-01 01:16:15] DEBUG: Периодическое обновление счетчиков | Context: {"users_count":1}
[2025-12-01 01:16:15] DEBUG: Обновление счетчиков непрочитанных | Context: {"user_id":2}
[2025-12-01 01:16:18] DEBUG: Периодическое обновление счетчиков | Context: {"users_count":1}
[2025-12-01 01:16:18] DEBUG: Обновление счетчиков непрочитанных | Context: {"user_id":2}
[2025-12-01 01:16:21] DEBUG: Периодическое обновление счетчиков | Context: {"users_count":1}
[2025-12-01 01:16:21] DEBUG: Обновление счетчиков непрочитанных | Context: {"user_id":2}
[2025-12-01 01:16:24] DEBUG: Периодическое обновление счетчиков | Context: {"users_count":1}
[2025-12-01 01:16:24] DEBUG: Обновление счетчиков непрочитанных | Context: {"user_id":2}
[2025-12-01 01:16:27] DEBUG: Периодическое обновление счетчиков | Context: {"users_count":1}
[2025-12-01 01:16:27] DEBUG: Обновление счетчиков непрочитанных | Context: {"user_id":2}
[2025-12-01 01:16:30] DEBUG: Периодическое обновление счетчиков | Context: {"users_count":1}
[2025-12-01 01:16:30] DEBUG: Обновление счетчиков непрочитанных | Context: {"user_id":2}
[2025-12-01 01:16:33] DEBUG: Периодическое обновление счетчиков | Context: {"users_count":1}
[2025-12-01 01:16:33] DEBUG: Обновление счетчиков непрочитанных | Context: {"user_id":2}
[2025-12-01 01:16:36] DEBUG: Периодическое обновление счетчиков | Context: {"users_count":1}
[2025-12-01 01:16:36] DEBUG: Обновление счетчиков непрочитанных | Context: {"user_id":2}
[2025-12-01 01:16:39] DEBUG: Периодическое обновление счетчиков | Context: {"users_count":1}
[2025-12-01 01:16:39] DEBUG: Обновление счетчиков непрочитанных | Context: {"user_id":2}
[2025-12-01 01:16:42] DEBUG: Периодическое обновление счетчиков | Context: {"users_count":1}
[2025-12-01 01:16:42] DEBUG: Обновление счетчиков непрочитанных | Context: {"user_id":2}
[2025-12-01 01:16:45] DEBUG: Периодическое обновление счетчиков | Context: {"users_count":1}
[2025-12-01 01:16:45] DEBUG: Обновление счетчиков непрочитанных | Context: {"user_id":2}
[2025-12-01 01:16:48] DEBUG: Периодическое обновление счетчиков | Context: {"users_count":1}
[2025-12-01 01:16:48] DEBUG: Обновление счетчиков непрочитанных | Context: {"user_id":2}
[2025-12-01 01:16:51] DEBUG: Периодическое обновление счетчиков | Context: {"users_count":1}
[2025-12-01 01:16:51] DEBUG: Обновление счетчиков непрочитанных | Context: {"user_id":2}
[2025-12-01 01:16:54] DEBUG: Периодическое обновление счетчиков | Context: {"users_count":1}
[2025-12-01 01:16:54] DEBUG: Обновление счетчиков непрочитанных | Context: {"user_id":2}
[2025-12-01 01:16:57] DEBUG: Периодическое обновление счетчиков | Context: {"users_count":1}
[2025-12-01 01:16:57] DEBUG: Обновление счетчиков непрочитанных | Context: {"user_id":2}
[2025-12-01 01:17:00] DEBUG: Периодическое обновление счетчиков | Context: {"users_count":1}
[2025-12-01 01:17:00] DEBUG: Обновление счетчиков непрочитанных | Context: {"user_id":2}
[2025-12-01 01:17:03] DEBUG: Периодическое обновление счетчиков | Context: {"users_count":1}
[2025-12-01 01:17:03] DEBUG: Обновление счетчиков непрочитанных | Context: {"user_id":2}
[2025-12-01 01:17:06] DEBUG: Периодическое обновление счетчиков | Context: {"users_count":1}
[2025-12-01 01:17:06] DEBUG: Обновление счетчиков непрочитанных | Context: {"user_id":2}
[2025-12-01 01:17:09] DEBUG: Периодическое обновление счетчиков | Context: {"users_count":1}
[2025-12-01 01:17:09] DEBUG: Обновление счетчиков непрочитанных | Context: {"user_id":2}
[2025-12-01 01:17:12] DEBUG: Периодическое обновление счетчиков | Context: {"users_count":1}
[2025-12-01 01:17:12] DEBUG: Обновление счетчиков непрочитанных | Context: {"user_id":2}
[2025-12-01 01:17:15] DEBUG: Периодическое обновление счетчиков | Context: {"users_count":1}
[2025-12-01 01:17:15] DEBUG: Обновление счетчиков непрочитанных | Context: {"user_id":2}
[2025-12-01 01:17:18] DEBUG: Периодическое обновление счетчиков | Context: {"users_count":1}
[2025-12-01 01:17:18] DEBUG: Обновление счетчиков непрочитанных | Context: {"user_id":2}
[2025-12-01 01:17:21] DEBUG: Периодическое обновление счетчиков | Context: {"users_count":1}
[2025-12-01 01:17:21] DEBUG: Обновление счетчиков непрочитанных | Context: {"user_id":2}
[2025-12-01 01:17:24] DEBUG: Периодическое обновление счетчиков | Context: {"users_count":1}
[2025-12-01 01:17:24] DEBUG: Обновление счетчиков непрочитанных | Context: {"user_id":2}
[2025-12-01 01:17:27] DEBUG: Периодическое обновление счетчиков | Context: {"users_count":1}
[2025-12-01 01:17:27] DEBUG: Обновление счетчиков непрочитанных | Context: {"user_id":2}
[2025-12-01 01:17:30] DEBUG: Периодическое обновление счетчиков | Context: {"users_count":1}
[2025-12-01 01:17:30] DEBUG: Обновление счетчиков непрочитанных | Context: {"user_id":2}
[2025-12-01 01:17:32] DEBUG: Получено сообщение | Context: {"connection_id":4646,"user_id":2,"type":"get_unread_counts"}
[2025-12-01 01:17:32] DEBUG: Запрос счетчиков непрочитанных | Context: {"connection_id":4646,"user_id":2}
[2025-12-01 01:17:33] DEBUG: Периодическое обновление счетчиков | Context: {"users_count":1}
[2025-12-01 01:17:33] DEBUG: Обновление счетчиков непрочитанных | Context: {"user_id":2}
[2025-12-01 01:17:36] DEBUG: Периодическое обновление счетчиков | Context: {"users_count":1}
[2025-12-01 01:17:36] DEBUG: Обновление счетчиков непрочитанных | Context: {"user_id":2}
[2025-12-01 01:17:39] DEBUG: Периодическое обновление счетчиков | Context: {"users_count":1}
[2025-12-01 01:17:39] DEBUG: Обновление счетчиков непрочитанных | Context: {"user_id":2}
[2025-12-01 01:17:42] DEBUG: Периодическое обновление счетчиков | Context: {"users_count":1}
[2025-12-01 01:17:42] DEBUG: Обновление счетчиков непрочитанных | Context: {"user_id":2}
[2025-12-01 01:17:45] DEBUG: Периодическое обновление счетчиков | Context: {"users_count":1}
[2025-12-01 01:17:45] DEBUG: Обновление счетчиков непрочитанных | Context: {"user_id":2}
[2025-12-01 01:17:46] DEBUG: Получено сообщение | Context: {"connection_id":4646,"user_id":2,"type":"get_unread_counts"}
[2025-12-01 01:17:46] DEBUG: Запрос счетчиков непрочитанных | Context: {"connection_id":4646,"user_id":2}
[2025-12-01 01:17:48] DEBUG: Периодическое обновление счетчиков | Context: {"users_count":1}
[2025-12-01 01:17:48] DEBUG: Обновление счетчиков непрочитанных | Context: {"user_id":2}
[2025-12-01 01:17:51] DEBUG: Периодическое обновление счетчиков | Context: {"users_count":1}
[2025-12-01 01:17:51] DEBUG: Обновление счетчиков непрочитанных | Context: {"user_id":2}
[2025-12-01 01:17:54] DEBUG: Периодическое обновление счетчиков | Context: {"users_count":1}
[2025-12-01 01:17:54] DEBUG: Обновление счетчиков непрочитанных | Context: {"user_id":2}
[2025-12-01 01:17:57] DEBUG: Периодическое обновление счетчиков | Context: {"users_count":1}
[2025-12-01 01:17:57] DEBUG: Обновление счетчиков непрочитанных | Context: {"user_id":2}
[2025-12-01 01:18:00] DEBUG: Периодическое обновление счетчиков | Context: {"users_count":1}
[2025-12-01 01:18:00] DEBUG: Обновление счетчиков непрочитанных | Context: {"user_id":2}
[2025-12-01 01:18:03] DEBUG: Периодическое обновление счетчиков | Context: {"users_count":1}
[2025-12-01 01:18:03] DEBUG: Обновление счетчиков непрочитанных | Context: {"user_id":2}
[2025-12-01 01:18:06] DEBUG: Периодическое обновление счетчиков | Context: {"users_count":1}
[2025-12-01 01:18:06] DEBUG: Обновление счетчиков непрочитанных | Context: {"user_id":2}
[2025-12-01 01:18:09] DEBUG: Периодическое обновление счетчиков | Context: {"users_count":1}
[2025-12-01 01:18:09] DEBUG: Обновление счетчиков непрочитанных | Context: {"user_id":2}
[2025-12-01 01:18:12] DEBUG: Периодическое обновление счетчиков | Context: {"users_count":1}
[2025-12-01 01:18:12] DEBUG: Обновление счетчиков непрочитанных | Context: {"user_id":2}
[2025-12-01 01:18:12] INFO: Клиент отключился | Context: {"connection_id":4646,"user_id":2,"remote_address":"127.0.0.1"}
[2025-12-01 01:18:20] INFO: Новое подключение | Context: {"connection_id":4899,"remote_address":"127.0.0.1"}
[2025-12-01 01:18:20] DEBUG: Получено сообщение | Context: {"connection_id":4899,"user_id":null,"type":"auth"}
[2025-12-01 01:18:20] INFO: Пользователь аутентифицирован | Context: {"connection_id":4899,"user_id":2,"user_email":"admin@ogas","total_connections":1}
[2025-12-01 01:18:20] DEBUG: Получено сообщение | Context: {"connection_id":4899,"user_id":2,"type":"get_unread_counts"}
[2025-12-01 01:18:20] DEBUG: Запрос счетчиков непрочитанных | Context: {"connection_id":4899,"user_id":2}
[2025-12-01 01:18:20] DEBUG: Получено сообщение | Context: {"connection_id":4899,"user_id":2,"type":"mark_read"}
[2025-12-01 01:18:20] INFO: Сообщения отмечены как прочитанные | Context: {"connection_id":4899,"user_id":2,"chat_type":"transaction","chat_id":12}
[2025-12-01 01:18:20] DEBUG: Обновление счетчиков непрочитанных | Context: {"user_id":2}
[2025-12-01 01:18:20] DEBUG: Получено сообщение | Context: {"connection_id":4899,"user_id":2,"type":"get_unread_counts"}
[2025-12-01 01:18:20] DEBUG: Запрос счетчиков непрочитанных | Context: {"connection_id":4899,"user_id":2}
[2025-12-01 01:18:20] DEBUG: Получено сообщение | Context: {"connection_id":4899,"user_id":2,"type":"get_unread_counts"}
[2025-12-01 01:18:20] DEBUG: Запрос счетчиков непрочитанных | Context: {"connection_id":4899,"user_id":2}
[2025-12-01 01:18:20] DEBUG: Получено сообщение | Context: {"connection_id":4899,"user_id":2,"type":"get_unread_counts"}
[2025-12-01 01:18:20] DEBUG: Запрос счетчиков непрочитанных | Context: {"connection_id":4899,"user_id":2}
[2025-12-01 01:18:21] INFO: Клиент отключился | Context: {"connection_id":4899,"user_id":2,"remote_address":"127.0.0.1"}
[2025-12-01 01:40:11] INFO: WebSocket сервер инициализирован | Context: {"logging_enabled":true}
[2025-12-01 01:40:11] INFO: WebSocket сервер запущен | Context: {"ssl_enabled":true,"port":8082,"host":"mysuite.mercusysddns.com","url":"wss:\/\/mysuite.mercusysddns.com:8082"}
[2025-12-01 01:50:59] INFO: WebSocket сервер инициализирован | Context: {"logging_enabled":true}
[2025-12-01 01:50:59] INFO: WebSocket сервер запущен | Context: {"ssl_enabled":true,"port":8082,"host":"mysuite.mercusysddns.com","url":"wss:\/\/mysuite.mercusysddns.com:8082"}
[2025-12-01 01:58:23] INFO: Новое подключение | Context: {"connection_id":82,"remote_address":"127.0.0.1"}
[2025-12-01 01:58:23] DEBUG: Получено сообщение | Context: {"connection_id":82,"user_id":null,"type":"auth"}
[2025-12-01 01:58:23] INFO: Пользователь аутентифицирован | Context: {"connection_id":82,"user_id":2,"user_email":"admin@ogas","total_connections":1}
[2025-12-01 01:58:23] DEBUG: Получено сообщение | Context: {"connection_id":82,"user_id":2,"type":"get_unread_counts"}
[2025-12-01 01:58:23] DEBUG: Запрос счетчиков непрочитанных | Context: {"connection_id":82,"user_id":2}
[2025-12-01 01:58:23] DEBUG: Получено сообщение | Context: {"connection_id":82,"user_id":2,"type":"mark_read"}
[2025-12-01 01:58:23] INFO: Сообщения отмечены как прочитанные | Context: {"connection_id":82,"user_id":2,"chat_type":"transaction","chat_id":14}
[2025-12-01 01:58:23] DEBUG: Обновление счетчиков непрочитанных | Context: {"user_id":2}
[2025-12-01 01:58:23] DEBUG: Получено сообщение | Context: {"connection_id":82,"user_id":2,"type":"get_unread_counts"}
[2025-12-01 01:58:23] DEBUG: Запрос счетчиков непрочитанных | Context: {"connection_id":82,"user_id":2}
[2025-12-01 01:58:23] DEBUG: Получено сообщение | Context: {"connection_id":82,"user_id":2,"type":"get_unread_counts"}
[2025-12-01 01:58:23] DEBUG: Запрос счетчиков непрочитанных | Context: {"connection_id":82,"user_id":2}
[2025-12-01 01:58:24] DEBUG: Получено сообщение | Context: {"connection_id":82,"user_id":2,"type":"get_unread_counts"}
[2025-12-01 01:58:24] DEBUG: Запрос счетчиков непрочитанных | Context: {"connection_id":82,"user_id":2}
[2025-12-01 01:58:24] DEBUG: Периодическое обновление счетчиков | Context: {"users_count":1}
[2025-12-01 01:58:24] DEBUG: Обновление счетчиков непрочитанных | Context: {"user_id":2}
[2025-12-01 01:58:26] DEBUG: Получено сообщение | Context: {"connection_id":82,"user_id":2,"type":"confirm_transaction"}
[2025-12-01 01:58:26] INFO: Транзакция подтверждена через WebSocket | Context: {"connection_id":82,"user_id":2,"transaction_id":14,"seller_confirmed":true,"buyer_confirmed":false,"both_confirmed":false}
[2025-12-01 01:58:26] DEBUG: Обновление счетчиков непрочитанных | Context: {"user_id":2}
[2025-12-01 01:58:26] DEBUG: Обновление счетчиков непрочитанных | Context: {"user_id":6}
[2025-12-01 01:58:26] DEBUG: Получено сообщение | Context: {"connection_id":82,"user_id":2,"type":"get_unread_counts"}
[2025-12-01 01:58:26] DEBUG: Запрос счетчиков непрочитанных | Context: {"connection_id":82,"user_id":2}
[2025-12-01 01:58:26] DEBUG: Получено сообщение | Context: {"connection_id":82,"user_id":2,"type":"get_unread_counts"}
[2025-12-01 01:58:26] DEBUG: Запрос счетчиков непрочитанных | Context: {"connection_id":82,"user_id":2}
[2025-12-01 01:58:27] DEBUG: Периодическое обновление счетчиков | Context: {"users_count":1}
[2025-12-01 01:58:27] DEBUG: Обновление счетчиков непрочитанных | Context: {"user_id":2}
[2025-12-01 01:58:29] INFO: Клиент отключился | Context: {"connection_id":82,"user_id":2,"remote_address":"127.0.0.1"}
[2025-12-01 02:52:10] INFO: WebSocket сервер инициализирован | Context: {"logging_enabled":true}
[2025-12-01 02:52:10] INFO: WebSocket сервер запущен | Context: {"ssl_enabled":true,"port":8082,"host":"mysuite.mercusysddns.com","url":"wss:\/\/mysuite.mercusysddns.com:8082"}
[2025-12-01 03:01:01] INFO: WebSocket сервер инициализирован | Context: {"logging_enabled":true}
[2025-12-01 03:01:01] INFO: WebSocket сервер запущен | Context: {"ssl_enabled":true,"port":8082,"host":"mysuite.mercusysddns.com","url":"wss:\/\/mysuite.mercusysddns.com:8082"}
[2025-12-01 03:05:57] INFO: WebSocket сервер инициализирован | Context: {"logging_enabled":true}
[2025-12-01 03:05:57] INFO: WebSocket сервер запущен | Context: {"ssl_enabled":true,"port":8082,"host":"xn--80af6ao.xn--p1ai+1","url":"wss:\/\/xn--80af6ao.xn--p1ai+1:8082"}
[2025-12-03 17:07:46] INFO: WebSocket сервер инициализирован | Context: {"logging_enabled":true}
[2025-12-03 17:07:46] INFO: WebSocket сервер запущен | Context: {"ssl_enabled":true,"port":8082,"host":"xn--80af6ao.xn--p1ai","url":"wss:\/\/xn--80af6ao.xn--p1ai:8082"}
[2025-12-03 17:09:29] INFO: Новое подключение | Context: {"connection_id":68,"remote_address":"104.28.230.247"}
[2025-12-03 17:09:29] DEBUG: Получено сообщение | Context: {"connection_id":68,"user_id":null,"type":"auth"}
[2025-12-03 17:09:29] INFO: Пользователь аутентифицирован | Context: {"connection_id":68,"user_id":3,"user_email":"danil.vasilchenko2017@yandex.ru","total_connections":1}
[2025-12-03 17:09:29] DEBUG: Получено сообщение | Context: {"connection_id":68,"user_id":3,"type":"get_unread_counts"}
[2025-12-03 17:09:29] DEBUG: Запрос счетчиков непрочитанных | Context: {"connection_id":68,"user_id":3}
[2025-12-03 17:09:31] DEBUG: Периодическое обновление счетчиков | Context: {"users_count":1}
[2025-12-03 17:09:31] DEBUG: Обновление счетчиков непрочитанных | Context: {"user_id":3}
[2025-12-03 17:09:34] DEBUG: Периодическое обновление счетчиков | Context: {"users_count":1}
[2025-12-03 17:09:34] DEBUG: Обновление счетчиков непрочитанных | Context: {"user_id":3}
[2025-12-03 17:09:37] DEBUG: Периодическое обновление счетчиков | Context: {"users_count":1}
[2025-12-03 17:09:37] DEBUG: Обновление счетчиков непрочитанных | Context: {"user_id":3}
[2025-12-03 17:09:37] DEBUG: Получено сообщение | Context: {"connection_id":68,"user_id":3,"type":"subscribe_chat"}
[2025-12-03 17:09:37] INFO: Подписка на чат | Context: {"connection_id":68,"user_id":3,"chat_type":"transaction","chat_id":1,"chat_key":"transaction_1","total_subscribers":1}
[2025-12-03 17:09:37] DEBUG: Получено сообщение | Context: {"connection_id":68,"user_id":3,"type":"get_unread_counts"}
[2025-12-03 17:09:37] DEBUG: Запрос счетчиков непрочитанных | Context: {"connection_id":68,"user_id":3}
[2025-12-03 17:09:38] DEBUG: Получено сообщение | Context: {"connection_id":68,"user_id":3,"type":"unsubscribe_chat"}
[2025-12-03 17:09:38] INFO: Отписка от чата | Context: {"connection_id":68,"user_id":3,"chat_type":"transaction","chat_id":1,"chat_key":"transaction_1"}
[2025-12-03 17:09:38] DEBUG: Получено сообщение | Context: {"connection_id":68,"user_id":3,"type":"subscribe_chat"}
[2025-12-03 17:09:38] INFO: Подписка на чат | Context: {"connection_id":68,"user_id":3,"chat_type":"transaction","chat_id":1,"chat_key":"transaction_1","total_subscribers":1}
[2025-12-03 17:09:39] DEBUG: Получено сообщение | Context: {"connection_id":68,"user_id":3,"type":"get_unread_counts"}
[2025-12-03 17:09:39] DEBUG: Запрос счетчиков непрочитанных | Context: {"connection_id":68,"user_id":3}
[2025-12-03 17:09:39] DEBUG: Получено сообщение | Context: {"connection_id":68,"user_id":3,"type":"unsubscribe_chat"}
[2025-12-03 17:09:39] INFO: Отписка от чата | Context: {"connection_id":68,"user_id":3,"chat_type":"transaction","chat_id":1,"chat_key":"transaction_1"}
[2025-12-03 17:09:39] DEBUG: Получено сообщение | Context: {"connection_id":68,"user_id":3,"type":"subscribe_chat"}
[2025-12-03 17:09:39] INFO: Подписка на чат | Context: {"connection_id":68,"user_id":3,"chat_type":"transaction","chat_id":1,"chat_key":"transaction_1","total_subscribers":1}
[2025-12-03 17:09:40] DEBUG: Получено сообщение | Context: {"connection_id":68,"user_id":3,"type":"get_unread_counts"}
[2025-12-03 17:09:40] DEBUG: Запрос счетчиков непрочитанных | Context: {"connection_id":68,"user_id":3}
[2025-12-03 17:09:40] DEBUG: Периодическое обновление счетчиков | Context: {"users_count":1}
[2025-12-03 17:09:40] DEBUG: Обновление счетчиков непрочитанных | Context: {"user_id":3}
[2025-12-03 17:09:41] DEBUG: Получено сообщение | Context: {"connection_id":68,"user_id":3,"type":"unsubscribe_chat"}
[2025-12-03 17:09:41] INFO: Отписка от чата | Context: {"connection_id":68,"user_id":3,"chat_type":"transaction","chat_id":1,"chat_key":"transaction_1"}
[2025-12-03 17:09:41] DEBUG: Получено сообщение | Context: {"connection_id":68,"user_id":3,"type":"subscribe_chat"}
[2025-12-03 17:09:41] INFO: Подписка на чат | Context: {"connection_id":68,"user_id":3,"chat_type":"transaction","chat_id":1,"chat_key":"transaction_1","total_subscribers":1}
[2025-12-03 17:09:41] DEBUG: Получено сообщение | Context: {"connection_id":68,"user_id":3,"type":"unsubscribe_chat"}
[2025-12-03 17:09:41] INFO: Отписка от чата | Context: {"connection_id":68,"user_id":3,"chat_type":"transaction","chat_id":1,"chat_key":"transaction_1"}
[2025-12-03 17:09:41] DEBUG: Получено сообщение | Context: {"connection_id":68,"user_id":3,"type":"subscribe_chat"}
[2025-12-03 17:09:41] INFO: Подписка на чат | Context: {"connection_id":68,"user_id":3,"chat_type":"transaction","chat_id":1,"chat_key":"transaction_1","total_subscribers":1}
[2025-12-03 17:09:41] DEBUG: Получено сообщение | Context: {"connection_id":68,"user_id":3,"type":"get_unread_counts"}
[2025-12-03 17:09:41] DEBUG: Запрос счетчиков непрочитанных | Context: {"connection_id":68,"user_id":3}
[2025-12-03 17:09:42] DEBUG: Получено сообщение | Context: {"connection_id":68,"user_id":3,"type":"get_unread_counts"}
[2025-12-03 17:09:42] DEBUG: Запрос счетчиков непрочитанных | Context: {"connection_id":68,"user_id":3}
[2025-12-03 17:09:43] DEBUG: Периодическое обновление счетчиков | Context: {"users_count":1}
[2025-12-03 17:09:43] DEBUG: Обновление счетчиков непрочитанных | Context: {"user_id":3}
[2025-12-03 17:09:44] INFO: Клиент отключился | Context: {"connection_id":68,"user_id":3,"remote_address":"104.28.230.247"}
[2025-12-03 17:10:25] INFO: Новое подключение | Context: {"connection_id":198,"remote_address":"104.28.230.247"}
[2025-12-03 17:10:25] DEBUG: Получено сообщение | Context: {"connection_id":198,"user_id":null,"type":"auth"}
[2025-12-03 17:10:25] INFO: Пользователь аутентифицирован | Context: {"connection_id":198,"user_id":3,"user_email":"danil.vasilchenko2017@yandex.ru","total_connections":1}
[2025-12-03 17:10:25] DEBUG: Получено сообщение | Context: {"connection_id":198,"user_id":3,"type":"get_unread_counts"}
[2025-12-03 17:10:25] DEBUG: Запрос счетчиков непрочитанных | Context: {"connection_id":198,"user_id":3}
[2025-12-03 17:10:25] DEBUG: Периодическое обновление счетчиков | Context: {"users_count":1}
[2025-12-03 17:10:25] DEBUG: Обновление счетчиков непрочитанных | Context: {"user_id":3}
[2025-12-03 17:10:26] INFO: Клиент отключился | Context: {"connection_id":198,"user_id":3,"remote_address":"104.28.230.247"}
[2025-12-03 17:11:05] INFO: Новое подключение | Context: {"connection_id":217,"remote_address":"104.28.230.247"}
[2025-12-03 17:11:05] DEBUG: Получено сообщение | Context: {"connection_id":217,"user_id":null,"type":"auth"}
[2025-12-03 17:11:05] INFO: Пользователь аутентифицирован | Context: {"connection_id":217,"user_id":3,"user_email":"danil.vasilchenko2017@yandex.ru","total_connections":1}
[2025-12-03 17:11:05] DEBUG: Получено сообщение | Context: {"connection_id":217,"user_id":3,"type":"get_unread_counts"}
[2025-12-03 17:11:05] DEBUG: Запрос счетчиков непрочитанных | Context: {"connection_id":217,"user_id":3}
[2025-12-03 17:11:05] DEBUG: Получено сообщение | Context: {"connection_id":217,"user_id":3,"type":"subscribe_chat"}
[2025-12-03 17:11:05] INFO: Подписка на чат | Context: {"connection_id":217,"user_id":3,"chat_type":"support","chat_id":1,"chat_key":"support_1","total_subscribers":1}
[2025-12-03 17:11:07] DEBUG: Периодическое обновление счетчиков | Context: {"users_count":1}
[2025-12-03 17:11:07] DEBUG: Обновление счетчиков непрочитанных | Context: {"user_id":3}
[2025-12-03 17:11:10] DEBUG: Периодическое обновление счетчиков | Context: {"users_count":1}
[2025-12-03 17:11:10] DEBUG: Обновление счетчиков непрочитанных | Context: {"user_id":3}
[2025-12-03 17:11:13] DEBUG: Периодическое обновление счетчиков | Context: {"users_count":1}
[2025-12-03 17:11:13] DEBUG: Обновление счетчиков непрочитанных | Context: {"user_id":3}
[2025-12-03 17:11:16] DEBUG: Периодическое обновление счетчиков | Context: {"users_count":1}
[2025-12-03 17:11:16] DEBUG: Обновление счетчиков непрочитанных | Context: {"user_id":3}
[2025-12-03 17:11:19] DEBUG: Периодическое обновление счетчиков | Context: {"users_count":1}
[2025-12-03 17:11:19] DEBUG: Обновление счетчиков непрочитанных | Context: {"user_id":3}
[2025-12-03 17:11:22] DEBUG: Периодическое обновление счетчиков | Context: {"users_count":1}
[2025-12-03 17:11:22] DEBUG: Обновление счетчиков непрочитанных | Context: {"user_id":3}
[2025-12-03 17:11:25] DEBUG: Периодическое обновление счетчиков | Context: {"users_count":1}
[2025-12-03 17:11:25] DEBUG: Обновление счетчиков непрочитанных | Context: {"user_id":3}
[2025-12-03 17:11:28] DEBUG: Периодическое обновление счетчиков | Context: {"users_count":1}
[2025-12-03 17:11:28] DEBUG: Обновление счетчиков непрочитанных | Context: {"user_id":3}
[2025-12-03 17:11:31] DEBUG: Периодическое обновление счетчиков | Context: {"users_count":1}
[2025-12-03 17:11:31] DEBUG: Обновление счетчиков непрочитанных | Context: {"user_id":3}
[2025-12-03 17:11:34] DEBUG: Периодическое обновление счетчиков | Context: {"users_count":1}
[2025-12-03 17:11:34] DEBUG: Обновление счетчиков непрочитанных | Context: {"user_id":3}
[2025-12-03 17:11:37] DEBUG: Периодическое обновление счетчиков | Context: {"users_count":1}
[2025-12-03 17:11:37] DEBUG: Обновление счетчиков непрочитанных | Context: {"user_id":3}
[2025-12-03 17:11:40] DEBUG: Периодическое обновление счетчиков | Context: {"users_count":1}
[2025-12-03 17:11:40] DEBUG: Обновление счетчиков непрочитанных | Context: {"user_id":3}
[2025-12-03 17:11:43] DEBUG: Периодическое обновление счетчиков | Context: {"users_count":1}
[2025-12-03 17:11:43] DEBUG: Обновление счетчиков непрочитанных | Context: {"user_id":3}
[2025-12-03 17:11:46] DEBUG: Периодическое обновление счетчиков | Context: {"users_count":1}
[2025-12-03 17:11:46] DEBUG: Обновление счетчиков непрочитанных | Context: {"user_id":3}
[2025-12-03 17:11:49] DEBUG: Периодическое обновление счетчиков | Context: {"users_count":1}
[2025-12-03 17:11:49] DEBUG: Обновление счетчиков непрочитанных | Context: {"user_id":3}
[2025-12-03 17:11:52] DEBUG: Периодическое обновление счетчиков | Context: {"users_count":1}
[2025-12-03 17:11:52] DEBUG: Обновление счетчиков непрочитанных | Context: {"user_id":3}
[2025-12-03 17:11:55] DEBUG: Периодическое обновление счетчиков | Context: {"users_count":1}
[2025-12-03 17:11:55] DEBUG: Обновление счетчиков непрочитанных | Context: {"user_id":3}
[2025-12-03 17:11:58] INFO: Клиент отключился | Context: {"connection_id":217,"user_id":3,"remote_address":"104.28.230.247"}
[2025-12-03 18:16:33] INFO: WebSocket сервер инициализирован | Context: {"logging_enabled":true}
[2025-12-03 18:16:33] INFO: WebSocket сервер запущен | Context: {"ssl_enabled":true,"port":8082,"host":"xn--80af6ao.xn--p1ai","url":"wss:\/\/xn--80af6ao.xn--p1ai:8082"}
[2025-12-03 18:16:35] INFO: Новое подключение | Context: {"connection_id":68,"remote_address":"192.168.1.102"}
[2025-12-03 18:16:35] DEBUG: Получено сообщение | Context: {"connection_id":68,"user_id":null,"type":"auth"}
[2025-12-03 18:16:35] INFO: Пользователь аутентифицирован | Context: {"connection_id":68,"user_id":4,"user_email":"User1@example.com","total_connections":1}
[2025-12-03 18:16:35] DEBUG: Получено сообщение | Context: {"connection_id":68,"user_id":4,"type":"get_unread_counts"}
[2025-12-03 18:16:35] DEBUG: Запрос счетчиков непрочитанных | Context: {"connection_id":68,"user_id":4}
[2025-12-03 18:16:36] DEBUG: Периодическое обновление счетчиков | Context: {"users_count":1}
[2025-12-03 18:16:36] DEBUG: Обновление счетчиков непрочитанных | Context: {"user_id":4}
[2025-12-03 18:16:39] DEBUG: Периодическое обновление счетчиков | Context: {"users_count":1}
[2025-12-03 18:16:39] DEBUG: Обновление счетчиков непрочитанных | Context: {"user_id":4}
[2025-12-03 18:16:42] DEBUG: Периодическое обновление счетчиков | Context: {"users_count":1}
[2025-12-03 18:16:42] DEBUG: Обновление счетчиков непрочитанных | Context: {"user_id":4}
[2025-12-03 18:16:45] DEBUG: Периодическое обновление счетчиков | Context: {"users_count":1}
[2025-12-03 18:16:45] DEBUG: Обновление счетчиков непрочитанных | Context: {"user_id":4}
[2025-12-03 18:16:47] DEBUG: Получено сообщение | Context: {"connection_id":68,"user_id":4,"type":"confirm_transaction"}
[2025-12-03 18:16:47] INFO: Транзакция подтверждена через WebSocket | Context: {"connection_id":68,"user_id":4,"transaction_id":2,"seller_confirmed":true,"buyer_confirmed":false,"both_confirmed":false}
[2025-12-03 18:16:47] DEBUG: Обновление счетчиков непрочитанных | Context: {"user_id":4}
[2025-12-03 18:16:47] DEBUG: Обновление счетчиков непрочитанных | Context: {"user_id":1}
[2025-12-03 18:16:47] DEBUG: Получено сообщение | Context: {"connection_id":68,"user_id":4,"type":"get_unread_counts"}
[2025-12-03 18:16:47] DEBUG: Запрос счетчиков непрочитанных | Context: {"connection_id":68,"user_id":4}
[2025-12-03 18:16:47] DEBUG: Получено сообщение | Context: {"connection_id":68,"user_id":4,"type":"get_unread_counts"}
[2025-12-03 18:16:47] DEBUG: Запрос счетчиков непрочитанных | Context: {"connection_id":68,"user_id":4}
[2025-12-03 18:16:48] DEBUG: Периодическое обновление счетчиков | Context: {"users_count":1}
[2025-12-03 18:16:48] DEBUG: Обновление счетчиков непрочитанных | Context: {"user_id":4}
[2025-12-03 18:16:51] DEBUG: Периодическое обновление счетчиков | Context: {"users_count":1}
[2025-12-03 18:16:51] DEBUG: Обновление счетчиков непрочитанных | Context: {"user_id":4}
[2025-12-03 18:16:54] DEBUG: Периодическое обновление счетчиков | Context: {"users_count":1}
[2025-12-03 18:16:54] DEBUG: Обновление счетчиков непрочитанных | Context: {"user_id":4}
[2025-12-03 18:16:57] DEBUG: Периодическое обновление счетчиков | Context: {"users_count":1}
[2025-12-03 18:16:57] DEBUG: Обновление счетчиков непрочитанных | Context: {"user_id":4}
[2025-12-03 18:17:00] DEBUG: Периодическое обновление счетчиков | Context: {"users_count":1}
[2025-12-03 18:17:00] DEBUG: Обновление счетчиков непрочитанных | Context: {"user_id":4}
[2025-12-03 18:17:03] DEBUG: Периодическое обновление счетчиков | Context: {"users_count":1}
[2025-12-03 18:17:03] DEBUG: Обновление счетчиков непрочитанных | Context: {"user_id":4}
[2025-12-03 18:17:06] DEBUG: Периодическое обновление счетчиков | Context: {"users_count":1}
[2025-12-03 18:17:06] DEBUG: Обновление счетчиков непрочитанных | Context: {"user_id":4}
[2025-12-03 18:17:09] DEBUG: Периодическое обновление счетчиков | Context: {"users_count":1}
[2025-12-03 18:17:09] DEBUG: Обновление счетчиков непрочитанных | Context: {"user_id":4}
[2025-12-03 18:17:12] DEBUG: Периодическое обновление счетчиков | Context: {"users_count":1}
[2025-12-03 18:17:12] DEBUG: Обновление счетчиков непрочитанных | Context: {"user_id":4}
[2025-12-03 18:17:15] DEBUG: Периодическое обновление счетчиков | Context: {"users_count":1}
[2025-12-03 18:17:15] DEBUG: Обновление счетчиков непрочитанных | Context: {"user_id":4}
[2025-12-03 18:17:18] DEBUG: Периодическое обновление счетчиков | Context: {"users_count":1}
[2025-12-03 18:17:18] DEBUG: Обновление счетчиков непрочитанных | Context: {"user_id":4}
[2025-12-03 18:17:21] DEBUG: Периодическое обновление счетчиков | Context: {"users_count":1}
[2025-12-03 18:17:21] DEBUG: Обновление счетчиков непрочитанных | Context: {"user_id":4}
[2025-12-03 18:17:24] DEBUG: Периодическое обновление счетчиков | Context: {"users_count":1}
[2025-12-03 18:17:24] DEBUG: Обновление счетчиков непрочитанных | Context: {"user_id":4}
[2025-12-03 18:17:27] DEBUG: Периодическое обновление счетчиков | Context: {"users_count":1}
[2025-12-03 18:17:27] DEBUG: Обновление счетчиков непрочитанных | Context: {"user_id":4}
[2025-12-03 18:17:30] DEBUG: Периодическое обновление счетчиков | Context: {"users_count":1}
[2025-12-03 18:17:30] DEBUG: Обновление счетчиков непрочитанных | Context: {"user_id":4}
[2025-12-03 18:17:33] DEBUG: Периодическое обновление счетчиков | Context: {"users_count":1}
[2025-12-03 18:17:33] DEBUG: Обновление счетчиков непрочитанных | Context: {"user_id":4}
[2025-12-03 18:17:34] INFO: Клиент отключился | Context: {"connection_id":68,"user_id":4,"remote_address":"192.168.1.102"}
[2025-12-03 18:17:34] INFO: Новое подключение | Context: {"connection_id":218,"remote_address":"192.168.1.102"}
[2025-12-03 18:17:34] DEBUG: Получено сообщение | Context: {"connection_id":218,"user_id":null,"type":"auth"}
[2025-12-03 18:17:34] INFO: Пользователь аутентифицирован | Context: {"connection_id":218,"user_id":4,"user_email":"User1@example.com","total_connections":1}
[2025-12-03 18:17:34] DEBUG: Получено сообщение | Context: {"connection_id":218,"user_id":4,"type":"get_unread_counts"}
[2025-12-03 18:17:34] DEBUG: Запрос счетчиков непрочитанных | Context: {"connection_id":218,"user_id":4}
[2025-12-03 18:17:35] DEBUG: Получено сообщение | Context: {"connection_id":218,"user_id":4,"type":"mark_read"}
[2025-12-03 18:17:35] INFO: Сообщения отмечены как прочитанные | Context: {"connection_id":218,"user_id":4,"chat_type":"transaction","chat_id":2}
[2025-12-03 18:17:35] DEBUG: Обновление счетчиков непрочитанных | Context: {"user_id":4}
[2025-12-03 18:17:35] DEBUG: Получено сообщение | Context: {"connection_id":218,"user_id":4,"type":"get_unread_counts"}
[2025-12-03 18:17:35] DEBUG: Запрос счетчиков непрочитанных | Context: {"connection_id":218,"user_id":4}
[2025-12-03 18:17:35] DEBUG: Получено сообщение | Context: {"connection_id":218,"user_id":4,"type":"get_unread_counts"}
[2025-12-03 18:17:35] DEBUG: Запрос счетчиков непрочитанных | Context: {"connection_id":218,"user_id":4}
[2025-12-03 18:17:35] DEBUG: Получено сообщение | Context: {"connection_id":218,"user_id":4,"type":"get_unread_counts"}
[2025-12-03 18:17:35] DEBUG: Запрос счетчиков непрочитанных | Context: {"connection_id":218,"user_id":4}
[2025-12-03 18:17:36] DEBUG: Периодическое обновление счетчиков | Context: {"users_count":1}
[2025-12-03 18:17:36] DEBUG: Обновление счетчиков непрочитанных | Context: {"user_id":4}
[2025-12-03 18:17:39] DEBUG: Периодическое обновление счетчиков | Context: {"users_count":1}
[2025-12-03 18:17:39] DEBUG: Обновление счетчиков непрочитанных | Context: {"user_id":4}
[2025-12-03 18:17:43] DEBUG: Периодическое обновление счетчиков | Context: {"users_count":1}
[2025-12-03 18:17:43] DEBUG: Обновление счетчиков непрочитанных | Context: {"user_id":4}
[2025-12-03 18:17:46] DEBUG: Периодическое обновление счетчиков | Context: {"users_count":1}
[2025-12-03 18:17:46] DEBUG: Обновление счетчиков непрочитанных | Context: {"user_id":4}
[2025-12-03 18:17:46] INFO: Клиент отключился | Context: {"connection_id":218,"user_id":4,"remote_address":"192.168.1.102"}
[2025-12-03 18:17:46] INFO: Новое подключение | Context: {"connection_id":268,"remote_address":"192.168.1.102"}
[2025-12-03 18:17:46] DEBUG: Получено сообщение | Context: {"connection_id":268,"user_id":null,"type":"auth"}
[2025-12-03 18:17:46] INFO: Пользователь аутентифицирован | Context: {"connection_id":268,"user_id":4,"user_email":"User1@example.com","total_connections":1}
[2025-12-03 18:17:46] DEBUG: Получено сообщение | Context: {"connection_id":268,"user_id":4,"type":"get_unread_counts"}
[2025-12-03 18:17:46] DEBUG: Запрос счетчиков непрочитанных | Context: {"connection_id":268,"user_id":4}
[2025-12-03 18:17:47] DEBUG: Получено сообщение | Context: {"connection_id":268,"user_id":4,"type":"mark_read"}
[2025-12-03 18:17:47] INFO: Сообщения отмечены как прочитанные | Context: {"connection_id":268,"user_id":4,"chat_type":"transaction","chat_id":2}
[2025-12-03 18:17:47] DEBUG: Обновление счетчиков непрочитанных | Context: {"user_id":4}
[2025-12-03 18:17:47] DEBUG: Получено сообщение | Context: {"connection_id":268,"user_id":4,"type":"get_unread_counts"}
[2025-12-03 18:17:47] DEBUG: Запрос счетчиков непрочитанных | Context: {"connection_id":268,"user_id":4}
[2025-12-03 18:17:47] DEBUG: Получено сообщение | Context: {"connection_id":268,"user_id":4,"type":"get_unread_counts"}
[2025-12-03 18:17:47] DEBUG: Запрос счетчиков непрочитанных | Context: {"connection_id":268,"user_id":4}
[2025-12-03 18:17:48] INFO: Клиент отключился | Context: {"connection_id":268,"user_id":4,"remote_address":"192.168.1.102"}
[2025-12-03 18:19:13] INFO: Новое подключение | Context: {"connection_id":297,"remote_address":"192.168.1.102"}
[2025-12-03 18:19:13] DEBUG: Получено сообщение | Context: {"connection_id":297,"user_id":null,"type":"auth"}
[2025-12-03 18:19:13] INFO: Пользователь аутентифицирован | Context: {"connection_id":297,"user_id":2,"user_email":"admin@ogas","total_connections":1}
[2025-12-03 18:19:13] DEBUG: Получено сообщение | Context: {"connection_id":297,"user_id":2,"type":"get_unread_counts"}
[2025-12-03 18:19:13] DEBUG: Запрос счетчиков непрочитанных | Context: {"connection_id":297,"user_id":2}
[2025-12-03 18:19:14] DEBUG: Получено сообщение | Context: {"connection_id":297,"user_id":2,"type":"mark_read"}
[2025-12-03 18:19:14] INFO: Сообщения отмечены как прочитанные | Context: {"connection_id":297,"user_id":2,"chat_type":"transaction","chat_id":3}
[2025-12-03 18:19:14] DEBUG: Обновление счетчиков непрочитанных | Context: {"user_id":2}
[2025-12-03 18:19:14] DEBUG: Получено сообщение | Context: {"connection_id":297,"user_id":2,"type":"get_unread_counts"}
[2025-12-03 18:19:14] DEBUG: Запрос счетчиков непрочитанных | Context: {"connection_id":297,"user_id":2}
[2025-12-03 18:19:14] DEBUG: Получено сообщение | Context: {"connection_id":297,"user_id":2,"type":"get_unread_counts"}
[2025-12-03 18:19:14] DEBUG: Запрос счетчиков непрочитанных | Context: {"connection_id":297,"user_id":2}
[2025-12-03 18:19:14] DEBUG: Получено сообщение | Context: {"connection_id":297,"user_id":2,"type":"get_unread_counts"}
[2025-12-03 18:19:14] DEBUG: Запрос счетчиков непрочитанных | Context: {"connection_id":297,"user_id":2}
[2025-12-03 18:19:14] DEBUG: Получено сообщение | Context: {"connection_id":297,"user_id":2,"type":"subscribe_chat"}
[2025-12-03 18:19:14] INFO: Подписка на чат | Context: {"connection_id":297,"user_id":2,"chat_type":"transaction","chat_id":3,"chat_key":"transaction_3","total_subscribers":1}
[2025-12-03 18:19:15] DEBUG: Получено сообщение | Context: {"connection_id":297,"user_id":2,"type":"mark_read"}
[2025-12-03 18:19:15] INFO: Сообщения отмечены как прочитанные | Context: {"connection_id":297,"user_id":2,"chat_type":"transaction","chat_id":3}
[2025-12-03 18:19:15] DEBUG: Обновление счетчиков непрочитанных | Context: {"user_id":2}
[2025-12-03 18:19:15] DEBUG: Получено сообщение | Context: {"connection_id":297,"user_id":2,"type":"get_unread_counts"}
[2025-12-03 18:19:15] DEBUG: Запрос счетчиков непрочитанных | Context: {"connection_id":297,"user_id":2}
[2025-12-03 18:19:15] DEBUG: Получено сообщение | Context: {"connection_id":297,"user_id":2,"type":"get_unread_counts"}
[2025-12-03 18:19:15] DEBUG: Запрос счетчиков непрочитанных | Context: {"connection_id":297,"user_id":2}
[2025-12-03 18:19:16] DEBUG: Периодическое обновление счетчиков | Context: {"users_count":1}
[2025-12-03 18:19:16] DEBUG: Обновление счетчиков непрочитанных | Context: {"user_id":2}
[2025-12-03 18:19:17] INFO: Новое подключение | Context: {"connection_id":350,"remote_address":"192.168.1.102"}
[2025-12-03 18:19:17] DEBUG: Получено сообщение | Context: {"connection_id":350,"user_id":null,"type":"auth"}
[2025-12-03 18:19:17] INFO: Пользователь аутентифицирован | Context: {"connection_id":350,"user_id":4,"user_email":"User1@example.com","total_connections":1}
[2025-12-03 18:19:17] DEBUG: Получено сообщение | Context: {"connection_id":350,"user_id":4,"type":"get_unread_counts"}
[2025-12-03 18:19:17] DEBUG: Запрос счетчиков непрочитанных | Context: {"connection_id":350,"user_id":4}
[2025-12-03 18:19:17] DEBUG: Получено сообщение | Context: {"connection_id":350,"user_id":4,"type":"mark_read"}
[2025-12-03 18:19:17] INFO: Сообщения отмечены как прочитанные | Context: {"connection_id":350,"user_id":4,"chat_type":"transaction","chat_id":3}
[2025-12-03 18:19:17] DEBUG: Обновление счетчиков непрочитанных | Context: {"user_id":4}
[2025-12-03 18:19:17] DEBUG: Получено сообщение | Context: {"connection_id":350,"user_id":4,"type":"get_unread_counts"}
[2025-12-03 18:19:17] DEBUG: Запрос счетчиков непрочитанных | Context: {"connection_id":350,"user_id":4}
[2025-12-03 18:19:17] DEBUG: Получено сообщение | Context: {"connection_id":350,"user_id":4,"type":"get_unread_counts"}
[2025-12-03 18:19:17] DEBUG: Запрос счетчиков непрочитанных | Context: {"connection_id":350,"user_id":4}
[2025-12-03 18:19:19] DEBUG: Получено сообщение | Context: {"connection_id":297,"user_id":2,"type":"confirm_transaction"}
[2025-12-03 18:19:19] INFO: Транзакция подтверждена через WebSocket | Context: {"connection_id":297,"user_id":2,"transaction_id":3,"seller_confirmed":true,"buyer_confirmed":false,"both_confirmed":false}
[2025-12-03 18:19:19] DEBUG: Обновление счетчиков непрочитанных | Context: {"user_id":2}
[2025-12-03 18:19:19] DEBUG: Обновление счетчиков непрочитанных | Context: {"user_id":4}
[2025-12-03 18:19:19] DEBUG: Получено сообщение | Context: {"connection_id":297,"user_id":2,"type":"get_unread_counts"}
[2025-12-03 18:19:19] DEBUG: Запрос счетчиков непрочитанных | Context: {"connection_id":297,"user_id":2}
[2025-12-03 18:19:19] DEBUG: Получено сообщение | Context: {"connection_id":297,"user_id":2,"type":"get_unread_counts"}
[2025-12-03 18:19:19] DEBUG: Запрос счетчиков непрочитанных | Context: {"connection_id":297,"user_id":2}
[2025-12-03 18:19:19] DEBUG: Получено сообщение | Context: {"connection_id":350,"user_id":4,"type":"get_unread_counts"}
[2025-12-03 18:19:19] DEBUG: Запрос счетчиков непрочитанных | Context: {"connection_id":350,"user_id":4}
[2025-12-03 18:19:19] DEBUG: Получено сообщение | Context: {"connection_id":350,"user_id":4,"type":"get_unread_counts"}
[2025-12-03 18:19:19] DEBUG: Запрос счетчиков непрочитанных | Context: {"connection_id":350,"user_id":4}
[2025-12-03 18:19:19] DEBUG: Получено сообщение | Context: {"connection_id":350,"user_id":4,"type":"mark_read"}
[2025-12-03 18:19:19] INFO: Сообщения отмечены как прочитанные | Context: {"connection_id":350,"user_id":4,"chat_type":"transaction","chat_id":3}
[2025-12-03 18:19:19] DEBUG: Обновление счетчиков непрочитанных | Context: {"user_id":4}
[2025-12-03 18:19:19] DEBUG: Получено сообщение | Context: {"connection_id":350,"user_id":4,"type":"get_unread_counts"}
[2025-12-03 18:19:19] DEBUG: Запрос счетчиков непрочитанных | Context: {"connection_id":350,"user_id":4}
[2025-12-03 18:19:19] DEBUG: Периодическое обновление счетчиков | Context: {"users_count":2}
[2025-12-03 18:19:19] DEBUG: Обновление счетчиков непрочитанных | Context: {"user_id":2}
[2025-12-03 18:19:19] DEBUG: Обновление счетчиков непрочитанных | Context: {"user_id":4}
[2025-12-03 18:19:21] DEBUG: Получено сообщение | Context: {"connection_id":350,"user_id":4,"type":"confirm_transaction"}
[2025-12-03 18:19:21] INFO: Транзакция подтверждена через WebSocket | Context: {"connection_id":350,"user_id":4,"transaction_id":3,"seller_confirmed":true,"buyer_confirmed":true,"both_confirmed":true}
[2025-12-03 18:19:21] DEBUG: Обновление счетчиков непрочитанных | Context: {"user_id":2}
[2025-12-03 18:19:21] DEBUG: Обновление счетчиков непрочитанных | Context: {"user_id":4}
[2025-12-03 18:19:21] DEBUG: Получено сообщение | Context: {"connection_id":350,"user_id":4,"type":"get_unread_counts"}
[2025-12-03 18:19:21] DEBUG: Запрос счетчиков непрочитанных | Context: {"connection_id":350,"user_id":4}
[2025-12-03 18:19:21] DEBUG: Получено сообщение | Context: {"connection_id":297,"user_id":2,"type":"get_unread_counts"}
[2025-12-03 18:19:21] DEBUG: Запрос счетчиков непрочитанных | Context: {"connection_id":297,"user_id":2}
[2025-12-03 18:19:21] DEBUG: Получено сообщение | Context: {"connection_id":297,"user_id":2,"type":"get_unread_counts"}
[2025-12-03 18:19:21] DEBUG: Запрос счетчиков непрочитанных | Context: {"connection_id":297,"user_id":2}
[2025-12-03 18:19:21] DEBUG: Получено сообщение | Context: {"connection_id":350,"user_id":4,"type":"get_unread_counts"}
[2025-12-03 18:19:21] DEBUG: Запрос счетчиков непрочитанных | Context: {"connection_id":350,"user_id":4}
[2025-12-03 18:19:22] DEBUG: Периодическое обновление счетчиков | Context: {"users_count":2}
[2025-12-03 18:19:22] DEBUG: Обновление счетчиков непрочитанных | Context: {"user_id":2}
[2025-12-03 18:19:22] DEBUG: Обновление счетчиков непрочитанных | Context: {"user_id":4}
[2025-12-03 18:19:25] DEBUG: Периодическое обновление счетчиков | Context: {"users_count":2}
[2025-12-03 18:19:25] DEBUG: Обновление счетчиков непрочитанных | Context: {"user_id":2}
[2025-12-03 18:19:25] DEBUG: Обновление счетчиков непрочитанных | Context: {"user_id":4}
[2025-12-03 18:19:28] DEBUG: Периодическое обновление счетчиков | Context: {"users_count":2}
[2025-12-03 18:19:28] DEBUG: Обновление счетчиков непрочитанных | Context: {"user_id":2}
[2025-12-03 18:19:28] DEBUG: Обновление счетчиков непрочитанных | Context: {"user_id":4}
[2025-12-03 18:19:31] DEBUG: Периодическое обновление счетчиков | Context: {"users_count":2}
[2025-12-03 18:19:31] DEBUG: Обновление счетчиков непрочитанных | Context: {"user_id":2}
[2025-12-03 18:19:31] DEBUG: Обновление счетчиков непрочитанных | Context: {"user_id":4}
[2025-12-03 18:19:34] DEBUG: Периодическое обновление счетчиков | Context: {"users_count":2}
[2025-12-03 18:19:34] DEBUG: Обновление счетчиков непрочитанных | Context: {"user_id":2}
[2025-12-03 18:19:34] DEBUG: Обновление счетчиков непрочитанных | Context: {"user_id":4}
[2025-12-03 18:19:37] DEBUG: Периодическое обновление счетчиков | Context: {"users_count":2}
[2025-12-03 18:19:37] DEBUG: Обновление счетчиков непрочитанных | Context: {"user_id":2}
[2025-12-03 18:19:37] DEBUG: Обновление счетчиков непрочитанных | Context: {"user_id":4}
[2025-12-03 18:19:40] DEBUG: Периодическое обновление счетчиков | Context: {"users_count":2}
[2025-12-03 18:19:40] DEBUG: Обновление счетчиков непрочитанных | Context: {"user_id":2}
[2025-12-03 18:19:40] DEBUG: Обновление счетчиков непрочитанных | Context: {"user_id":4}
[2025-12-03 18:19:43] DEBUG: Периодическое обновление счетчиков | Context: {"users_count":2}
[2025-12-03 18:19:43] DEBUG: Обновление счетчиков непрочитанных | Context: {"user_id":2}
[2025-12-03 18:19:43] DEBUG: Обновление счетчиков непрочитанных | Context: {"user_id":4}
[2025-12-03 18:19:46] DEBUG: Периодическое обновление счетчиков | Context: {"users_count":2}
[2025-12-03 18:19:46] DEBUG: Обновление счетчиков непрочитанных | Context: {"user_id":2}
[2025-12-03 18:19:46] DEBUG: Обновление счетчиков непрочитанных | Context: {"user_id":4}
[2025-12-03 18:19:49] DEBUG: Периодическое обновление счетчиков | Context: {"users_count":2}
[2025-12-03 18:19:49] DEBUG: Обновление счетчиков непрочитанных | Context: {"user_id":2}
[2025-12-03 18:19:49] DEBUG: Обновление счетчиков непрочитанных | Context: {"user_id":4}
[2025-12-03 18:19:52] DEBUG: Периодическое обновление счетчиков | Context: {"users_count":2}
[2025-12-03 18:19:52] DEBUG: Обновление счетчиков непрочитанных | Context: {"user_id":2}
[2025-12-03 18:19:52] DEBUG: Обновление счетчиков непрочитанных | Context: {"user_id":4}
[2025-12-03 18:19:55] DEBUG: Периодическое обновление счетчиков | Context: {"users_count":2}
[2025-12-03 18:19:55] DEBUG: Обновление счетчиков непрочитанных | Context: {"user_id":2}
[2025-12-03 18:19:55] DEBUG: Обновление счетчиков непрочитанных | Context: {"user_id":4}
[2025-12-03 18:19:58] DEBUG: Периодическое обновление счетчиков | Context: {"users_count":2}
[2025-12-03 18:19:58] DEBUG: Обновление счетчиков непрочитанных | Context: {"user_id":2}
[2025-12-03 18:19:58] DEBUG: Обновление счетчиков непрочитанных | Context: {"user_id":4}
[2025-12-03 18:20:01] DEBUG: Периодическое обновление счетчиков | Context: {"users_count":2}
[2025-12-03 18:20:01] DEBUG: Обновление счетчиков непрочитанных | Context: {"user_id":2}
[2025-12-03 18:20:01] DEBUG: Обновление счетчиков непрочитанных | Context: {"user_id":4}
[2025-12-03 18:20:04] DEBUG: Периодическое обновление счетчиков | Context: {"users_count":2}
[2025-12-03 18:20:04] DEBUG: Обновление счетчиков непрочитанных | Context: {"user_id":2}
[2025-12-03 18:20:04] DEBUG: Обновление счетчиков непрочитанных | Context: {"user_id":4}
[2025-12-03 18:20:07] DEBUG: Периодическое обновление счетчиков | Context: {"users_count":2}
[2025-12-03 18:20:07] DEBUG: Обновление счетчиков непрочитанных | Context: {"user_id":2}
[2025-12-03 18:20:07] DEBUG: Обновление счетчиков непрочитанных | Context: {"user_id":4}
[2025-12-03 18:20:10] DEBUG: Периодическое обновление счетчиков | Context: {"users_count":2}
[2025-12-03 18:20:10] DEBUG: Обновление счетчиков непрочитанных | Context: {"user_id":2}
[2025-12-03 18:20:10] DEBUG: Обновление счетчиков непрочитанных | Context: {"user_id":4}
[2025-12-03 18:20:13] DEBUG: Периодическое обновление счетчиков | Context: {"users_count":2}
[2025-12-03 18:20:13] DEBUG: Обновление счетчиков непрочитанных | Context: {"user_id":2}
[2025-12-03 18:20:13] DEBUG: Обновление счетчиков непрочитанных | Context: {"user_id":4}
[2025-12-03 18:20:16] DEBUG: Периодическое обновление счетчиков | Context: {"users_count":2}
[2025-12-03 18:20:16] DEBUG: Обновление счетчиков непрочитанных | Context: {"user_id":2}
[2025-12-03 18:20:16] DEBUG: Обновление счетчиков непрочитанных | Context: {"user_id":4}
[2025-12-03 18:20:17] INFO: Клиент отключился | Context: {"connection_id":350,"user_id":4,"remote_address":"192.168.1.102"}
[2025-12-03 18:20:19] DEBUG: Периодическое обновление счетчиков | Context: {"users_count":1}
[2025-12-03 18:20:19] DEBUG: Обновление счетчиков непрочитанных | Context: {"user_id":2}
[2025-12-03 18:20:22] DEBUG: Периодическое обновление счетчиков | Context: {"users_count":1}
[2025-12-03 18:20:22] DEBUG: Обновление счетчиков непрочитанных | Context: {"user_id":2}
[2025-12-03 18:20:25] DEBUG: Периодическое обновление счетчиков | Context: {"users_count":1}
[2025-12-03 18:20:25] DEBUG: Обновление счетчиков непрочитанных | Context: {"user_id":2}
[2025-12-03 18:20:28] DEBUG: Периодическое обновление счетчиков | Context: {"users_count":1}
[2025-12-03 18:20:28] DEBUG: Обновление счетчиков непрочитанных | Context: {"user_id":2}
[2025-12-03 18:20:31] DEBUG: Периодическое обновление счетчиков | Context: {"users_count":1}
[2025-12-03 18:20:31] DEBUG: Обновление счетчиков непрочитанных | Context: {"user_id":2}
[2025-12-03 18:20:34] DEBUG: Периодическое обновление счетчиков | Context: {"users_count":1}
[2025-12-03 18:20:34] DEBUG: Обновление счетчиков непрочитанных | Context: {"user_id":2}
[2025-12-03 18:20:37] DEBUG: Периодическое обновление счетчиков | Context: {"users_count":1}
[2025-12-03 18:20:37] DEBUG: Обновление счетчиков непрочитанных | Context: {"user_id":2}
[2025-12-03 18:20:40] DEBUG: Периодическое обновление счетчиков | Context: {"users_count":1}
[2025-12-03 18:20:40] DEBUG: Обновление счетчиков непрочитанных | Context: {"user_id":2}
[2025-12-03 18:20:43] DEBUG: Периодическое обновление счетчиков | Context: {"users_count":1}
[2025-12-03 18:20:43] DEBUG: Обновление счетчиков непрочитанных | Context: {"user_id":2}
[2025-12-03 18:20:44] INFO: Новое подключение | Context: {"connection_id":595,"remote_address":"192.168.1.102"}
[2025-12-03 18:20:44] DEBUG: Получено сообщение | Context: {"connection_id":595,"user_id":null,"type":"auth"}
[2025-12-03 18:20:44] INFO: Пользователь аутентифицирован | Context: {"connection_id":595,"user_id":4,"user_email":"User1@example.com","total_connections":1}
[2025-12-03 18:20:44] DEBUG: Получено сообщение | Context: {"connection_id":595,"user_id":4,"type":"get_unread_counts"}
[2025-12-03 18:20:44] DEBUG: Запрос счетчиков непрочитанных | Context: {"connection_id":595,"user_id":4}
[2025-12-03 18:20:44] DEBUG: Получено сообщение | Context: {"connection_id":595,"user_id":4,"type":"mark_read"}
[2025-12-03 18:20:44] INFO: Сообщения отмечены как прочитанные | Context: {"connection_id":595,"user_id":4,"chat_type":"transaction","chat_id":3}
[2025-12-03 18:20:44] DEBUG: Обновление счетчиков непрочитанных | Context: {"user_id":4}
[2025-12-03 18:20:44] DEBUG: Получено сообщение | Context: {"connection_id":595,"user_id":4,"type":"get_unread_counts"}
[2025-12-03 18:20:44] DEBUG: Запрос счетчиков непрочитанных | Context: {"connection_id":595,"user_id":4}
[2025-12-03 18:20:44] DEBUG: Получено сообщение | Context: {"connection_id":595,"user_id":4,"type":"get_unread_counts"}
[2025-12-03 18:20:44] DEBUG: Запрос счетчиков непрочитанных | Context: {"connection_id":595,"user_id":4}
[2025-12-03 18:20:45] DEBUG: Получено сообщение | Context: {"connection_id":595,"user_id":4,"type":"subscribe_chat"}
[2025-12-03 18:20:45] INFO: Подписка на чат | Context: {"connection_id":595,"user_id":4,"chat_type":"transaction","chat_id":2,"chat_key":"transaction_2","total_subscribers":1}
[2025-12-03 18:20:45] DEBUG: Получено сообщение | Context: {"connection_id":595,"user_id":4,"type":"mark_read"}
[2025-12-03 18:20:45] INFO: Сообщения отмечены как прочитанные | Context: {"connection_id":595,"user_id":4,"chat_type":"transaction","chat_id":2}
[2025-12-03 18:20:45] DEBUG: Обновление счетчиков непрочитанных | Context: {"user_id":4}
[2025-12-03 18:20:45] DEBUG: Получено сообщение | Context: {"connection_id":595,"user_id":4,"type":"get_unread_counts"}
[2025-12-03 18:20:45] DEBUG: Запрос счетчиков непрочитанных | Context: {"connection_id":595,"user_id":4}
[2025-12-03 18:20:45] DEBUG: Получено сообщение | Context: {"connection_id":595,"user_id":4,"type":"unsubscribe_chat"}
[2025-12-03 18:20:45] INFO: Отписка от чата | Context: {"connection_id":595,"user_id":4,"chat_type":"transaction","chat_id":2,"chat_key":"transaction_2"}
[2025-12-03 18:20:45] INFO: Клиент отключился | Context: {"connection_id":595,"user_id":4,"remote_address":"192.168.1.102"}
[2025-12-03 18:20:46] DEBUG: Периодическое обновление счетчиков | Context: {"users_count":1}
[2025-12-03 18:20:46] DEBUG: Обновление счетчиков непрочитанных | Context: {"user_id":2}
[2025-12-03 18:20:47] INFO: Новое подключение | Context: {"connection_id":646,"remote_address":"192.168.1.102"}
[2025-12-03 18:20:47] DEBUG: Получено сообщение | Context: {"connection_id":646,"user_id":null,"type":"auth"}
[2025-12-03 18:20:47] INFO: Пользователь аутентифицирован | Context: {"connection_id":646,"user_id":4,"user_email":"User1@example.com","total_connections":1}
[2025-12-03 18:20:47] DEBUG: Получено сообщение | Context: {"connection_id":646,"user_id":4,"type":"get_unread_counts"}
[2025-12-03 18:20:47] DEBUG: Запрос счетчиков непрочитанных | Context: {"connection_id":646,"user_id":4}
[2025-12-03 18:20:47] DEBUG: Получено сообщение | Context: {"connection_id":646,"user_id":4,"type":"get_unread_counts"}
[2025-12-03 18:20:47] DEBUG: Запрос счетчиков непрочитанных | Context: {"connection_id":646,"user_id":4}
[2025-12-03 18:20:48] DEBUG: Получено сообщение | Context: {"connection_id":646,"user_id":4,"type":"mark_read"}
[2025-12-03 18:20:48] INFO: Сообщения отмечены как прочитанные | Context: {"connection_id":646,"user_id":4,"chat_type":"transaction","chat_id":3}
[2025-12-03 18:20:48] DEBUG: Обновление счетчиков непрочитанных | Context: {"user_id":4}
[2025-12-03 18:20:48] DEBUG: Получено сообщение | Context: {"connection_id":646,"user_id":4,"type":"get_unread_counts"}
[2025-12-03 18:20:48] DEBUG: Запрос счетчиков непрочитанных | Context: {"connection_id":646,"user_id":4}
[2025-12-03 18:20:48] DEBUG: Получено сообщение | Context: {"connection_id":646,"user_id":4,"type":"get_unread_counts"}
[2025-12-03 18:20:48] DEBUG: Запрос счетчиков непрочитанных | Context: {"connection_id":646,"user_id":4}
[2025-12-03 18:20:49] DEBUG: Периодическое обновление счетчиков | Context: {"users_count":2}
[2025-12-03 18:20:49] DEBUG: Обновление счетчиков непрочитанных | Context: {"user_id":2}
[2025-12-03 18:20:49] DEBUG: Обновление счетчиков непрочитанных | Context: {"user_id":4}
[2025-12-03 18:20:52] DEBUG: Периодическое обновление счетчиков | Context: {"users_count":2}
[2025-12-03 18:20:52] DEBUG: Обновление счетчиков непрочитанных | Context: {"user_id":2}
[2025-12-03 18:20:52] DEBUG: Обновление счетчиков непрочитанных | Context: {"user_id":4}
[2025-12-03 18:20:55] DEBUG: Периодическое обновление счетчиков | Context: {"users_count":2}
[2025-12-03 18:20:55] DEBUG: Обновление счетчиков непрочитанных | Context: {"user_id":2}
[2025-12-03 18:20:55] DEBUG: Обновление счетчиков непрочитанных | Context: {"user_id":4}
[2025-12-03 18:20:58] DEBUG: Периодическое обновление счетчиков | Context: {"users_count":2}
[2025-12-03 18:20:58] DEBUG: Обновление счетчиков непрочитанных | Context: {"user_id":2}
[2025-12-03 18:20:58] DEBUG: Обновление счетчиков непрочитанных | Context: {"user_id":4}
[2025-12-03 18:21:01] DEBUG: Периодическое обновление счетчиков | Context: {"users_count":2}
[2025-12-03 18:21:01] DEBUG: Обновление счетчиков непрочитанных | Context: {"user_id":2}
[2025-12-03 18:21:01] DEBUG: Обновление счетчиков непрочитанных | Context: {"user_id":4}
[2025-12-03 18:21:04] DEBUG: Периодическое обновление счетчиков | Context: {"users_count":2}
[2025-12-03 18:21:04] DEBUG: Обновление счетчиков непрочитанных | Context: {"user_id":2}
[2025-12-03 18:21:04] DEBUG: Обновление счетчиков непрочитанных | Context: {"user_id":4}
[2025-12-03 18:21:07] DEBUG: Периодическое обновление счетчиков | Context: {"users_count":2}
[2025-12-03 18:21:07] DEBUG: Обновление счетчиков непрочитанных | Context: {"user_id":2}
[2025-12-03 18:21:07] DEBUG: Обновление счетчиков непрочитанных | Context: {"user_id":4}
[2025-12-03 18:21:10] DEBUG: Периодическое обновление счетчиков | Context: {"users_count":2}
[2025-12-03 18:21:10] DEBUG: Обновление счетчиков непрочитанных | Context: {"user_id":2}
[2025-12-03 18:21:10] DEBUG: Обновление счетчиков непрочитанных | Context: {"user_id":4}
[2025-12-03 18:21:13] DEBUG: Периодическое обновление счетчиков | Context: {"users_count":2}
[2025-12-03 18:21:13] DEBUG: Обновление счетчиков непрочитанных | Context: {"user_id":2}
[2025-12-03 18:21:13] DEBUG: Обновление счетчиков непрочитанных | Context: {"user_id":4}
[2025-12-03 18:21:16] DEBUG: Периодическое обновление счетчиков | Context: {"users_count":2}
[2025-12-03 18:21:16] DEBUG: Обновление счетчиков непрочитанных | Context: {"user_id":2}
[2025-12-03 18:21:16] DEBUG: Обновление счетчиков непрочитанных | Context: {"user_id":4}
[2025-12-03 18:21:19] DEBUG: Периодическое обновление счетчиков | Context: {"users_count":2}
[2025-12-03 18:21:19] DEBUG: Обновление счетчиков непрочитанных | Context: {"user_id":2}
[2025-12-03 18:21:19] DEBUG: Обновление счетчиков непрочитанных | Context: {"user_id":4}
[2025-12-03 18:21:22] DEBUG: Периодическое обновление счетчиков | Context: {"users_count":2}
[2025-12-03 18:21:22] DEBUG: Обновление счетчиков непрочитанных | Context: {"user_id":2}
[2025-12-03 18:21:22] DEBUG: Обновление счетчиков непрочитанных | Context: {"user_id":4}
[2025-12-03 18:21:25] DEBUG: Периодическое обновление счетчиков | Context: {"users_count":2}
[2025-12-03 18:21:25] DEBUG: Обновление счетчиков непрочитанных | Context: {"user_id":2}
[2025-12-03 18:21:25] DEBUG: Обновление счетчиков непрочитанных | Context: {"user_id":4}
[2025-12-03 18:21:28] DEBUG: Периодическое обновление счетчиков | Context: {"users_count":2}
[2025-12-03 18:21:28] DEBUG: Обновление счетчиков непрочитанных | Context: {"user_id":2}
[2025-12-03 18:21:28] DEBUG: Обновление счетчиков непрочитанных | Context: {"user_id":4}
[2025-12-03 18:21:31] DEBUG: Периодическое обновление счетчиков | Context: {"users_count":2}
[2025-12-03 18:21:31] DEBUG: Обновление счетчиков непрочитанных | Context: {"user_id":2}
[2025-12-03 18:21:31] DEBUG: Обновление счетчиков непрочитанных | Context: {"user_id":4}
[2025-12-03 18:21:34] DEBUG: Периодическое обновление счетчиков | Context: {"users_count":2}
[2025-12-03 18:21:34] DEBUG: Обновление счетчиков непрочитанных | Context: {"user_id":2}
[2025-12-03 18:21:34] DEBUG: Обновление счетчиков непрочитанных | Context: {"user_id":4}
[2025-12-03 18:21:37] DEBUG: Периодическое обновление счетчиков | Context: {"users_count":2}
[2025-12-03 18:21:37] DEBUG: Обновление счетчиков непрочитанных | Context: {"user_id":2}
[2025-12-03 18:21:37] DEBUG: Обновление счетчиков непрочитанных | Context: {"user_id":4}
[2025-12-03 18:21:40] DEBUG: Периодическое обновление счетчиков | Context: {"users_count":2}
[2025-12-03 18:21:40] DEBUG: Обновление счетчиков непрочитанных | Context: {"user_id":2}
[2025-12-03 18:21:40] DEBUG: Обновление счетчиков непрочитанных | Context: {"user_id":4}
[2025-12-03 18:21:43] DEBUG: Периодическое обновление счетчиков | Context: {"users_count":2}
[2025-12-03 18:21:43] DEBUG: Обновление счетчиков непрочитанных | Context: {"user_id":2}
[2025-12-03 18:21:43] DEBUG: Обновление счетчиков непрочитанных | Context: {"user_id":4}
[2025-12-03 18:21:44] DEBUG: Получено сообщение | Context: {"connection_id":297,"user_id":2,"type":"unsubscribe_chat"}
[2025-12-03 18:21:44] INFO: Отписка от чата | Context: {"connection_id":297,"user_id":2,"chat_type":"transaction","chat_id":3,"chat_key":"transaction_3"}
[2025-12-03 18:21:44] INFO: Клиент отключился | Context: {"connection_id":297,"user_id":2,"remote_address":"192.168.1.102"}
[2025-12-03 18:21:44] INFO: Новое подключение | Context: {"connection_id":797,"remote_address":"192.168.1.102"}
[2025-12-03 18:21:44] DEBUG: Получено сообщение | Context: {"connection_id":797,"user_id":null,"type":"auth"}
[2025-12-03 18:21:44] INFO: Пользователь аутентифицирован | Context: {"connection_id":797,"user_id":2,"user_email":"admin@ogas","total_connections":1}
[2025-12-03 18:21:44] DEBUG: Получено сообщение | Context: {"connection_id":797,"user_id":2,"type":"get_unread_counts"}
[2025-12-03 18:21:44] DEBUG: Запрос счетчиков непрочитанных | Context: {"connection_id":797,"user_id":2}
[2025-12-03 18:21:44] DEBUG: Получено сообщение | Context: {"connection_id":797,"user_id":2,"type":"mark_read"}
[2025-12-03 18:21:44] INFO: Сообщения отмечены как прочитанные | Context: {"connection_id":797,"user_id":2,"chat_type":"transaction","chat_id":3}
[2025-12-03 18:21:44] DEBUG: Обновление счетчиков непрочитанных | Context: {"user_id":2}
[2025-12-03 18:21:44] DEBUG: Получено сообщение | Context: {"connection_id":797,"user_id":2,"type":"get_unread_counts"}
[2025-12-03 18:21:44] DEBUG: Запрос счетчиков непрочитанных | Context: {"connection_id":797,"user_id":2}
[2025-12-03 18:21:44] DEBUG: Получено сообщение | Context: {"connection_id":797,"user_id":2,"type":"get_unread_counts"}
[2025-12-03 18:21:44] DEBUG: Запрос счетчиков непрочитанных | Context: {"connection_id":797,"user_id":2}
[2025-12-03 18:21:44] DEBUG: Получено сообщение | Context: {"connection_id":797,"user_id":2,"type":"get_unread_counts"}
[2025-12-03 18:21:44] DEBUG: Запрос счетчиков непрочитанных | Context: {"connection_id":797,"user_id":2}
[2025-12-03 18:21:46] DEBUG: Периодическое обновление счетчиков | Context: {"users_count":2}
[2025-12-03 18:21:46] DEBUG: Обновление счетчиков непрочитанных | Context: {"user_id":4}
[2025-12-03 18:21:46] DEBUG: Обновление счетчиков непрочитанных | Context: {"user_id":2}
[2025-12-03 18:21:49] DEBUG: Периодическое обновление счетчиков | Context: {"users_count":2}
[2025-12-03 18:21:49] DEBUG: Обновление счетчиков непрочитанных | Context: {"user_id":4}
[2025-12-03 18:21:49] DEBUG: Обновление счетчиков непрочитанных | Context: {"user_id":2}
[2025-12-03 18:21:51] DEBUG: Получено сообщение | Context: {"connection_id":797,"user_id":2,"type":"subscribe_chat"}
[2025-12-03 18:21:51] INFO: Подписка на чат | Context: {"connection_id":797,"user_id":2,"chat_type":"transaction","chat_id":3,"chat_key":"transaction_3","total_subscribers":1}
[2025-12-03 18:21:52] DEBUG: Получено сообщение | Context: {"connection_id":797,"user_id":2,"type":"mark_read"}
[2025-12-03 18:21:52] INFO: Сообщения отмечены как прочитанные | Context: {"connection_id":797,"user_id":2,"chat_type":"transaction","chat_id":3}
[2025-12-03 18:21:52] DEBUG: Обновление счетчиков непрочитанных | Context: {"user_id":2}
[2025-12-03 18:21:52] DEBUG: Получено сообщение | Context: {"connection_id":797,"user_id":2,"type":"get_unread_counts"}
[2025-12-03 18:21:52] DEBUG: Запрос счетчиков непрочитанных | Context: {"connection_id":797,"user_id":2}
[2025-12-03 18:21:52] DEBUG: Получено сообщение | Context: {"connection_id":797,"user_id":2,"type":"get_unread_counts"}
[2025-12-03 18:21:52] DEBUG: Запрос счетчиков непрочитанных | Context: {"connection_id":797,"user_id":2}
[2025-12-03 18:21:52] DEBUG: Периодическое обновление счетчиков | Context: {"users_count":2}
[2025-12-03 18:21:52] DEBUG: Обновление счетчиков непрочитанных | Context: {"user_id":4}
[2025-12-03 18:21:52] DEBUG: Обновление счетчиков непрочитанных | Context: {"user_id":2}
[2025-12-03 18:21:55] DEBUG: Периодическое обновление счетчиков | Context: {"users_count":2}
[2025-12-03 18:21:55] DEBUG: Обновление счетчиков непрочитанных | Context: {"user_id":4}
[2025-12-03 18:21:55] DEBUG: Обновление счетчиков непрочитанных | Context: {"user_id":2}
[2025-12-03 18:21:56] INFO: Клиент отключился | Context: {"connection_id":646,"user_id":4,"remote_address":"192.168.1.102"}
[2025-12-03 18:21:57] INFO: Новое подключение | Context: {"connection_id":872,"remote_address":"192.168.1.102"}
[2025-12-03 18:21:57] DEBUG: Получено сообщение | Context: {"connection_id":872,"user_id":null,"type":"auth"}
[2025-12-03 18:21:57] INFO: Пользователь аутентифицирован | Context: {"connection_id":872,"user_id":4,"user_email":"User1@example.com","total_connections":1}
[2025-12-03 18:21:57] DEBUG: Получено сообщение | Context: {"connection_id":872,"user_id":4,"type":"get_unread_counts"}
[2025-12-03 18:21:57] DEBUG: Запрос счетчиков непрочитанных | Context: {"connection_id":872,"user_id":4}
[2025-12-03 18:21:57] DEBUG: Получено сообщение | Context: {"connection_id":872,"user_id":4,"type":"mark_read"}
[2025-12-03 18:21:57] INFO: Сообщения отмечены как прочитанные | Context: {"connection_id":872,"user_id":4,"chat_type":"transaction","chat_id":3}
[2025-12-03 18:21:57] DEBUG: Обновление счетчиков непрочитанных | Context: {"user_id":4}
[2025-12-03 18:21:57] DEBUG: Получено сообщение | Context: {"connection_id":872,"user_id":4,"type":"get_unread_counts"}
[2025-12-03 18:21:57] DEBUG: Запрос счетчиков непрочитанных | Context: {"connection_id":872,"user_id":4}
[2025-12-03 18:21:57] DEBUG: Получено сообщение | Context: {"connection_id":872,"user_id":4,"type":"get_unread_counts"}
[2025-12-03 18:21:57] DEBUG: Запрос счетчиков непрочитанных | Context: {"connection_id":872,"user_id":4}
[2025-12-03 18:21:58] DEBUG: Периодическое обновление счетчиков | Context: {"users_count":2}
[2025-12-03 18:21:58] DEBUG: Обновление счетчиков непрочитанных | Context: {"user_id":2}
[2025-12-03 18:21:58] DEBUG: Обновление счетчиков непрочитанных | Context: {"user_id":4}
[2025-12-03 18:22:00] INFO: Клиент отключился | Context: {"connection_id":872,"user_id":4,"remote_address":"192.168.1.102"}
[2025-12-03 18:22:01] DEBUG: Периодическое обновление счетчиков | Context: {"users_count":1}
[2025-12-03 18:22:01] DEBUG: Обновление счетчиков непрочитанных | Context: {"user_id":2}
[2025-12-03 18:22:04] DEBUG: Периодическое обновление счетчиков | Context: {"users_count":1}
[2025-12-03 18:22:04] DEBUG: Обновление счетчиков непрочитанных | Context: {"user_id":2}
[2025-12-03 18:22:07] DEBUG: Периодическое обновление счетчиков | Context: {"users_count":1}
[2025-12-03 18:22:07] DEBUG: Обновление счетчиков непрочитанных | Context: {"user_id":2}
[2025-12-03 18:22:10] DEBUG: Периодическое обновление счетчиков | Context: {"users_count":1}
[2025-12-03 18:22:10] DEBUG: Обновление счетчиков непрочитанных | Context: {"user_id":2}
[2025-12-03 18:22:13] DEBUG: Периодическое обновление счетчиков | Context: {"users_count":1}
[2025-12-03 18:22:13] DEBUG: Обновление счетчиков непрочитанных | Context: {"user_id":2}
[2025-12-03 18:22:16] DEBUG: Периодическое обновление счетчиков | Context: {"users_count":1}
[2025-12-03 18:22:16] DEBUG: Обновление счетчиков непрочитанных | Context: {"user_id":2}
[2025-12-03 18:22:19] DEBUG: Периодическое обновление счетчиков | Context: {"users_count":1}
[2025-12-03 18:22:19] DEBUG: Обновление счетчиков непрочитанных | Context: {"user_id":2}
[2025-12-03 18:22:22] DEBUG: Периодическое обновление счетчиков | Context: {"users_count":1}
[2025-12-03 18:22:22] DEBUG: Обновление счетчиков непрочитанных | Context: {"user_id":2}
[2025-12-03 18:22:25] DEBUG: Периодическое обновление счетчиков | Context: {"users_count":1}
[2025-12-03 18:22:25] DEBUG: Обновление счетчиков непрочитанных | Context: {"user_id":2}
[2025-12-03 18:22:28] DEBUG: Периодическое обновление счетчиков | Context: {"users_count":1}
[2025-12-03 18:22:28] DEBUG: Обновление счетчиков непрочитанных | Context: {"user_id":2}
[2025-12-03 18:22:31] DEBUG: Периодическое обновление счетчиков | Context: {"users_count":1}
[2025-12-03 18:22:31] DEBUG: Обновление счетчиков непрочитанных | Context: {"user_id":2}
[2025-12-03 18:22:34] DEBUG: Периодическое обновление счетчиков | Context: {"users_count":1}
[2025-12-03 18:22:34] DEBUG: Обновление счетчиков непрочитанных | Context: {"user_id":2}
[2025-12-03 18:22:37] DEBUG: Периодическое обновление счетчиков | Context: {"users_count":1}
[2025-12-03 18:22:37] DEBUG: Обновление счетчиков непрочитанных | Context: {"user_id":2}
[2025-12-03 18:22:40] DEBUG: Периодическое обновление счетчиков | Context: {"users_count":1}
[2025-12-03 18:22:40] DEBUG: Обновление счетчиков непрочитанных | Context: {"user_id":2}
[2025-12-03 18:22:43] DEBUG: Периодическое обновление счетчиков | Context: {"users_count":1}
[2025-12-03 18:22:43] DEBUG: Обновление счетчиков непрочитанных | Context: {"user_id":2}
[2025-12-03 18:22:46] DEBUG: Периодическое обновление счетчиков | Context: {"users_count":1}
[2025-12-03 18:22:46] DEBUG: Обновление счетчиков непрочитанных | Context: {"user_id":2}
[2025-12-03 18:22:49] DEBUG: Периодическое обновление счетчиков | Context: {"users_count":1}
[2025-12-03 18:22:49] DEBUG: Обновление счетчиков непрочитанных | Context: {"user_id":2}
[2025-12-03 18:22:52] DEBUG: Периодическое обновление счетчиков | Context: {"users_count":1}
[2025-12-03 18:22:52] DEBUG: Обновление счетчиков непрочитанных | Context: {"user_id":2}
[2025-12-03 18:22:55] DEBUG: Периодическое обновление счетчиков | Context: {"users_count":1}
[2025-12-03 18:22:55] DEBUG: Обновление счетчиков непрочитанных | Context: {"user_id":2}
[2025-12-03 18:22:58] DEBUG: Периодическое обновление счетчиков | Context: {"users_count":1}
[2025-12-03 18:22:58] DEBUG: Обновление счетчиков непрочитанных | Context: {"user_id":2}
[2025-12-03 18:23:01] DEBUG: Периодическое обновление счетчиков | Context: {"users_count":1}
[2025-12-03 18:23:01] DEBUG: Обновление счетчиков непрочитанных | Context: {"user_id":2}
[2025-12-03 18:23:04] DEBUG: Периодическое обновление счетчиков | Context: {"users_count":1}
[2025-12-03 18:23:04] DEBUG: Обновление счетчиков непрочитанных | Context: {"user_id":2}
[2025-12-03 18:23:07] DEBUG: Периодическое обновление счетчиков | Context: {"users_count":1}
[2025-12-03 18:23:07] DEBUG: Обновление счетчиков непрочитанных | Context: {"user_id":2}
[2025-12-03 18:23:10] DEBUG: Периодическое обновление счетчиков | Context: {"users_count":1}
[2025-12-03 18:23:10] DEBUG: Обновление счетчиков непрочитанных | Context: {"user_id":2}
[2025-12-03 18:23:13] DEBUG: Периодическое обновление счетчиков | Context: {"users_count":1}
[2025-12-03 18:23:13] DEBUG: Обновление счетчиков непрочитанных | Context: {"user_id":2}
[2025-12-03 18:23:16] DEBUG: Получено сообщение | Context: {"connection_id":797,"user_id":2,"type":"unsubscribe_chat"}
[2025-12-03 18:23:16] INFO: Отписка от чата | Context: {"connection_id":797,"user_id":2,"chat_type":"transaction","chat_id":3,"chat_key":"transaction_3"}
[2025-12-03 18:23:16] INFO: Клиент отключился | Context: {"connection_id":797,"user_id":2,"remote_address":"192.168.1.102"}
[2025-12-03 18:23:17] INFO: Новое подключение | Context: {"connection_id":1013,"remote_address":"192.168.1.102"}
[2025-12-03 18:23:17] DEBUG: Получено сообщение | Context: {"connection_id":1013,"user_id":null,"type":"auth"}
[2025-12-03 18:23:17] INFO: Пользователь аутентифицирован | Context: {"connection_id":1013,"user_id":2,"user_email":"admin@ogas","total_connections":1}
[2025-12-03 18:23:17] DEBUG: Получено сообщение | Context: {"connection_id":1013,"user_id":2,"type":"get_unread_counts"}
[2025-12-03 18:23:17] DEBUG: Запрос счетчиков непрочитанных | Context: {"connection_id":1013,"user_id":2}
[2025-12-03 18:23:17] DEBUG: Получено сообщение | Context: {"connection_id":1013,"user_id":2,"type":"mark_read"}
[2025-12-03 18:23:17] INFO: Сообщения отмечены как прочитанные | Context: {"connection_id":1013,"user_id":2,"chat_type":"transaction","chat_id":3}
[2025-12-03 18:23:17] DEBUG: Обновление счетчиков непрочитанных | Context: {"user_id":2}
[2025-12-03 18:23:17] DEBUG: Получено сообщение | Context: {"connection_id":1013,"user_id":2,"type":"get_unread_counts"}
[2025-12-03 18:23:17] DEBUG: Запрос счетчиков непрочитанных | Context: {"connection_id":1013,"user_id":2}
[2025-12-03 18:23:17] DEBUG: Получено сообщение | Context: {"connection_id":1013,"user_id":2,"type":"get_unread_counts"}
[2025-12-03 18:23:17] DEBUG: Запрос счетчиков непрочитанных | Context: {"connection_id":1013,"user_id":2}
[2025-12-03 18:23:19] DEBUG: Периодическое обновление счетчиков | Context: {"users_count":1}
[2025-12-03 18:23:19] DEBUG: Обновление счетчиков непрочитанных | Context: {"user_id":2}
[2025-12-03 18:23:22] DEBUG: Периодическое обновление счетчиков | Context: {"users_count":1}
[2025-12-03 18:23:22] DEBUG: Обновление счетчиков непрочитанных | Context: {"user_id":2}
[2025-12-03 18:23:25] DEBUG: Периодическое обновление счетчиков | Context: {"users_count":1}
[2025-12-03 18:23:25] DEBUG: Обновление счетчиков непрочитанных | Context: {"user_id":2}
[2025-12-03 18:23:28] DEBUG: Периодическое обновление счетчиков | Context: {"users_count":1}
[2025-12-03 18:23:28] DEBUG: Обновление счетчиков непрочитанных | Context: {"user_id":2}
[2025-12-03 18:23:31] DEBUG: Периодическое обновление счетчиков | Context: {"users_count":1}
[2025-12-03 18:23:31] DEBUG: Обновление счетчиков непрочитанных | Context: {"user_id":2}
[2025-12-03 18:23:34] DEBUG: Периодическое обновление счетчиков | Context: {"users_count":1}
[2025-12-03 18:23:34] DEBUG: Обновление счетчиков непрочитанных | Context: {"user_id":2}
[2025-12-03 18:23:37] DEBUG: Периодическое обновление счетчиков | Context: {"users_count":1}
[2025-12-03 18:23:37] DEBUG: Обновление счетчиков непрочитанных | Context: {"user_id":2}
[2025-12-03 18:23:40] DEBUG: Периодическое обновление счетчиков | Context: {"users_count":1}
[2025-12-03 18:23:40] DEBUG: Обновление счетчиков непрочитанных | Context: {"user_id":2}
[2025-12-03 18:23:43] DEBUG: Периодическое обновление счетчиков | Context: {"users_count":1}
[2025-12-03 18:23:43] DEBUG: Обновление счетчиков непрочитанных | Context: {"user_id":2}
[2025-12-03 18:23:46] DEBUG: Периодическое обновление счетчиков | Context: {"users_count":1}
[2025-12-03 18:23:46] DEBUG: Обновление счетчиков непрочитанных | Context: {"user_id":2}
[2025-12-03 18:23:49] DEBUG: Периодическое обновление счетчиков | Context: {"users_count":1}
[2025-12-03 18:23:49] DEBUG: Обновление счетчиков непрочитанных | Context: {"user_id":2}
[2025-12-03 18:23:52] DEBUG: Периодическое обновление счетчиков | Context: {"users_count":1}
[2025-12-03 18:23:52] DEBUG: Обновление счетчиков непрочитанных | Context: {"user_id":2}
[2025-12-03 18:23:55] DEBUG: Периодическое обновление счетчиков | Context: {"users_count":1}
[2025-12-03 18:23:55] DEBUG: Обновление счетчиков непрочитанных | Context: {"user_id":2}
[2025-12-03 18:23:58] DEBUG: Периодическое обновление счетчиков | Context: {"users_count":1}
[2025-12-03 18:23:58] DEBUG: Обновление счетчиков непрочитанных | Context: {"user_id":2}
[2025-12-03 18:24:01] DEBUG: Периодическое обновление счетчиков | Context: {"users_count":1}
[2025-12-03 18:24:01] DEBUG: Обновление счетчиков непрочитанных | Context: {"user_id":2}
[2025-12-03 18:24:05] DEBUG: Периодическое обновление счетчиков | Context: {"users_count":1}
[2025-12-03 18:24:05] DEBUG: Обновление счетчиков непрочитанных | Context: {"user_id":2}
[2025-12-03 18:24:08] DEBUG: Периодическое обновление счетчиков | Context: {"users_count":1}
[2025-12-03 18:24:08] DEBUG: Обновление счетчиков непрочитанных | Context: {"user_id":2}
[2025-12-03 18:24:11] DEBUG: Периодическое обновление счетчиков | Context: {"users_count":1}
[2025-12-03 18:24:11] DEBUG: Обновление счетчиков непрочитанных | Context: {"user_id":2}
[2025-12-03 18:24:14] DEBUG: Периодическое обновление счетчиков | Context: {"users_count":1}
[2025-12-03 18:24:14] DEBUG: Обновление счетчиков непрочитанных | Context: {"user_id":2}
[2025-12-03 18:24:17] DEBUG: Периодическое обновление счетчиков | Context: {"users_count":1}
[2025-12-03 18:24:17] DEBUG: Обновление счетчиков непрочитанных | Context: {"user_id":2}
[2025-12-03 18:24:20] DEBUG: Периодическое обновление счетчиков | Context: {"users_count":1}
[2025-12-03 18:24:20] DEBUG: Обновление счетчиков непрочитанных | Context: {"user_id":2}
[2025-12-03 18:24:23] DEBUG: Периодическое обновление счетчиков | Context: {"users_count":1}
[2025-12-03 18:24:23] DEBUG: Обновление счетчиков непрочитанных | Context: {"user_id":2}
[2025-12-03 18:24:26] DEBUG: Периодическое обновление счетчиков | Context: {"users_count":1}
[2025-12-03 18:24:26] DEBUG: Обновление счетчиков непрочитанных | Context: {"user_id":2}
[2025-12-03 18:24:29] DEBUG: Периодическое обновление счетчиков | Context: {"users_count":1}
[2025-12-03 18:24:29] DEBUG: Обновление счетчиков непрочитанных | Context: {"user_id":2}
[2025-12-03 18:24:32] DEBUG: Периодическое обновление счетчиков | Context: {"users_count":1}
[2025-12-03 18:24:32] DEBUG: Обновление счетчиков непрочитанных | Context: {"user_id":2}
[2025-12-03 18:24:35] DEBUG: Периодическое обновление счетчиков | Context: {"users_count":1}
[2025-12-03 18:24:35] DEBUG: Обновление счетчиков непрочитанных | Context: {"user_id":2}
[2025-12-03 18:24:38] DEBUG: Периодическое обновление счетчиков | Context: {"users_count":1}
[2025-12-03 18:24:38] DEBUG: Обновление счетчиков непрочитанных | Context: {"user_id":2}
[2025-12-03 18:24:41] DEBUG: Периодическое обновление счетчиков | Context: {"users_count":1}
[2025-12-03 18:24:41] DEBUG: Обновление счетчиков непрочитанных | Context: {"user_id":2}
[2025-12-03 18:24:44] DEBUG: Периодическое обновление счетчиков | Context: {"users_count":1}
[2025-12-03 18:24:44] DEBUG: Обновление счетчиков непрочитанных | Context: {"user_id":2}
[2025-12-03 18:24:47] DEBUG: Периодическое обновление счетчиков | Context: {"users_count":1}
[2025-12-03 18:24:47] DEBUG: Обновление счетчиков непрочитанных | Context: {"user_id":2}
[2025-12-03 18:24:50] DEBUG: Периодическое обновление счетчиков | Context: {"users_count":1}
[2025-12-03 18:24:50] DEBUG: Обновление счетчиков непрочитанных | Context: {"user_id":2}
[2025-12-03 18:24:53] DEBUG: Периодическое обновление счетчиков | Context: {"users_count":1}
[2025-12-03 18:24:53] DEBUG: Обновление счетчиков непрочитанных | Context: {"user_id":2}
[2025-12-03 18:24:56] DEBUG: Периодическое обновление счетчиков | Context: {"users_count":1}
[2025-12-03 18:24:56] DEBUG: Обновление счетчиков непрочитанных | Context: {"user_id":2}
[2025-12-03 18:24:59] DEBUG: Периодическое обновление счетчиков | Context: {"users_count":1}
[2025-12-03 18:24:59] DEBUG: Обновление счетчиков непрочитанных | Context: {"user_id":2}
[2025-12-03 18:25:02] DEBUG: Периодическое обновление счетчиков | Context: {"users_count":1}
[2025-12-03 18:25:02] DEBUG: Обновление счетчиков непрочитанных | Context: {"user_id":2}
[2025-12-03 18:25:05] DEBUG: Периодическое обновление счетчиков | Context: {"users_count":1}
[2025-12-03 18:25:05] DEBUG: Обновление счетчиков непрочитанных | Context: {"user_id":2}
[2025-12-03 18:25:08] DEBUG: Периодическое обновление счетчиков | Context: {"users_count":1}
[2025-12-03 18:25:08] DEBUG: Обновление счетчиков непрочитанных | Context: {"user_id":2}
[2025-12-03 18:25:11] DEBUG: Периодическое обновление счетчиков | Context: {"users_count":1}
[2025-12-03 18:25:11] DEBUG: Обновление счетчиков непрочитанных | Context: {"user_id":2}
[2025-12-03 18:25:14] DEBUG: Периодическое обновление счетчиков | Context: {"users_count":1}
[2025-12-03 18:25:14] DEBUG: Обновление счетчиков непрочитанных | Context: {"user_id":2}
[2025-12-03 18:25:17] DEBUG: Периодическое обновление счетчиков | Context: {"users_count":1}
[2025-12-03 18:25:17] DEBUG: Обновление счетчиков непрочитанных | Context: {"user_id":2}
[2025-12-03 18:25:20] DEBUG: Периодическое обновление счетчиков | Context: {"users_count":1}
[2025-12-03 18:25:20] DEBUG: Обновление счетчиков непрочитанных | Context: {"user_id":2}
[2025-12-03 18:25:23] DEBUG: Периодическое обновление счетчиков | Context: {"users_count":1}
[2025-12-03 18:25:23] DEBUG: Обновление счетчиков непрочитанных | Context: {"user_id":2}
[2025-12-03 18:25:26] DEBUG: Периодическое обновление счетчиков | Context: {"users_count":1}
[2025-12-03 18:25:26] DEBUG: Обновление счетчиков непрочитанных | Context: {"user_id":2}
[2025-12-03 18:25:29] DEBUG: Периодическое обновление счетчиков | Context: {"users_count":1}
[2025-12-03 18:25:29] DEBUG: Обновление счетчиков непрочитанных | Context: {"user_id":2}
[2025-12-03 18:25:32] DEBUG: Периодическое обновление счетчиков | Context: {"users_count":1}
[2025-12-03 18:25:32] DEBUG: Обновление счетчиков непрочитанных | Context: {"user_id":2}
[2025-12-03 18:25:35] DEBUG: Периодическое обновление счетчиков | Context: {"users_count":1}
[2025-12-03 18:25:35] DEBUG: Обновление счетчиков непрочитанных | Context: {"user_id":2}
[2025-12-03 18:25:38] DEBUG: Периодическое обновление счетчиков | Context: {"users_count":1}
[2025-12-03 18:25:38] DEBUG: Обновление счетчиков непрочитанных | Context: {"user_id":2}
[2025-12-03 18:25:41] DEBUG: Периодическое обновление счетчиков | Context: {"users_count":1}
[2025-12-03 18:25:41] DEBUG: Обновление счетчиков непрочитанных | Context: {"user_id":2}
[2025-12-03 18:25:44] DEBUG: Периодическое обновление счетчиков | Context: {"users_count":1}
[2025-12-03 18:25:44] DEBUG: Обновление счетчиков непрочитанных | Context: {"user_id":2}
[2025-12-03 18:25:47] DEBUG: Периодическое обновление счетчиков | Context: {"users_count":1}
[2025-12-03 18:25:47] DEBUG: Обновление счетчиков непрочитанных | Context: {"user_id":2}
[2025-12-03 18:25:50] DEBUG: Периодическое обновление счетчиков | Context: {"users_count":1}
[2025-12-03 18:25:50] DEBUG: Обновление счетчиков непрочитанных | Context: {"user_id":2}
[2025-12-03 18:25:53] DEBUG: Периодическое обновление счетчиков | Context: {"users_count":1}
[2025-12-03 18:25:53] DEBUG: Обновление счетчиков непрочитанных | Context: {"user_id":2}
[2025-12-03 18:25:56] DEBUG: Периодическое обновление счетчиков | Context: {"users_count":1}
[2025-12-03 18:25:56] DEBUG: Обновление счетчиков непрочитанных | Context: {"user_id":2}
[2025-12-03 18:25:59] DEBUG: Периодическое обновление счетчиков | Context: {"users_count":1}
[2025-12-03 18:25:59] DEBUG: Обновление счетчиков непрочитанных | Context: {"user_id":2}
[2025-12-03 18:26:02] DEBUG: Периодическое обновление счетчиков | Context: {"users_count":1}
[2025-12-03 18:26:02] DEBUG: Обновление счетчиков непрочитанных | Context: {"user_id":2}
[2025-12-03 18:26:05] DEBUG: Периодическое обновление счетчиков | Context: {"users_count":1}
[2025-12-03 18:26:05] DEBUG: Обновление счетчиков непрочитанных | Context: {"user_id":2}
[2025-12-03 18:26:08] DEBUG: Периодическое обновление счетчиков | Context: {"users_count":1}
[2025-12-03 18:26:08] DEBUG: Обновление счетчиков непрочитанных | Context: {"user_id":2}
[2025-12-03 18:26:11] DEBUG: Периодическое обновление счетчиков | Context: {"users_count":1}
[2025-12-03 18:26:11] DEBUG: Обновление счетчиков непрочитанных | Context: {"user_id":2}
[2025-12-03 18:26:14] DEBUG: Периодическое обновление счетчиков | Context: {"users_count":1}
[2025-12-03 18:26:14] DEBUG: Обновление счетчиков непрочитанных | Context: {"user_id":2}
[2025-12-03 18:26:17] DEBUG: Периодическое обновление счетчиков | Context: {"users_count":1}
[2025-12-03 18:26:17] DEBUG: Обновление счетчиков непрочитанных | Context: {"user_id":2}
[2025-12-03 18:26:20] DEBUG: Периодическое обновление счетчиков | Context: {"users_count":1}
[2025-12-03 18:26:20] DEBUG: Обновление счетчиков непрочитанных | Context: {"user_id":2}
[2025-12-03 18:26:23] DEBUG: Периодическое обновление счетчиков | Context: {"users_count":1}
[2025-12-03 18:26:23] DEBUG: Обновление счетчиков непрочитанных | Context: {"user_id":2}
[2025-12-03 18:26:26] DEBUG: Периодическое обновление счетчиков | Context: {"users_count":1}
[2025-12-03 18:26:26] DEBUG: Обновление счетчиков непрочитанных | Context: {"user_id":2}
[2025-12-03 18:26:29] DEBUG: Периодическое обновление счетчиков | Context: {"users_count":1}
[2025-12-03 18:26:29] DEBUG: Обновление счетчиков непрочитанных | Context: {"user_id":2}
[2025-12-03 18:26:32] DEBUG: Периодическое обновление счетчиков | Context: {"users_count":1}
[2025-12-03 18:26:32] DEBUG: Обновление счетчиков непрочитанных | Context: {"user_id":2}
[2025-12-03 18:26:35] DEBUG: Периодическое обновление счетчиков | Context: {"users_count":1}
[2025-12-03 18:26:35] DEBUG: Обновление счетчиков непрочитанных | Context: {"user_id":2}
[2025-12-03 18:26:38] DEBUG: Периодическое обновление счетчиков | Context: {"users_count":1}
[2025-12-03 18:26:38] DEBUG: Обновление счетчиков непрочитанных | Context: {"user_id":2}
[2025-12-03 18:26:41] DEBUG: Периодическое обновление счетчиков | Context: {"users_count":1}
[2025-12-03 18:26:41] DEBUG: Обновление счетчиков непрочитанных | Context: {"user_id":2}
[2025-12-03 18:26:44] DEBUG: Периодическое обновление счетчиков | Context: {"users_count":1}
[2025-12-03 18:26:44] DEBUG: Обновление счетчиков непрочитанных | Context: {"user_id":2}
[2025-12-03 18:26:47] DEBUG: Периодическое обновление счетчиков | Context: {"users_count":1}
[2025-12-03 18:26:47] DEBUG: Обновление счетчиков непрочитанных | Context: {"user_id":2}
[2025-12-03 18:26:50] DEBUG: Периодическое обновление счетчиков | Context: {"users_count":1}
[2025-12-03 18:26:50] DEBUG: Обновление счетчиков непрочитанных | Context: {"user_id":2}
[2025-12-03 18:26:53] DEBUG: Периодическое обновление счетчиков | Context: {"users_count":1}
[2025-12-03 18:26:53] DEBUG: Обновление счетчиков непрочитанных | Context: {"user_id":2}
[2025-12-03 18:26:56] DEBUG: Периодическое обновление счетчиков | Context: {"users_count":1}
[2025-12-03 18:26:56] DEBUG: Обновление счетчиков непрочитанных | Context: {"user_id":2}
[2025-12-03 18:26:59] DEBUG: Периодическое обновление счетчиков | Context: {"users_count":1}
[2025-12-03 18:26:59] DEBUG: Обновление счетчиков непрочитанных | Context: {"user_id":2}
[2025-12-03 18:27:02] DEBUG: Периодическое обновление счетчиков | Context: {"users_count":1}
[2025-12-03 18:27:02] DEBUG: Обновление счетчиков непрочитанных | Context: {"user_id":2}
[2025-12-03 18:27:05] DEBUG: Периодическое обновление счетчиков | Context: {"users_count":1}
[2025-12-03 18:27:05] DEBUG: Обновление счетчиков непрочитанных | Context: {"user_id":2}
[2025-12-03 18:27:08] DEBUG: Периодическое обновление счетчиков | Context: {"users_count":1}
[2025-12-03 18:27:08] DEBUG: Обновление счетчиков непрочитанных | Context: {"user_id":2}
[2025-12-03 18:27:11] DEBUG: Периодическое обновление счетчиков | Context: {"users_count":1}
[2025-12-03 18:27:11] DEBUG: Обновление счетчиков непрочитанных | Context: {"user_id":2}
[2025-12-03 18:27:14] DEBUG: Периодическое обновление счетчиков | Context: {"users_count":1}
[2025-12-03 18:27:14] DEBUG: Обновление счетчиков непрочитанных | Context: {"user_id":2}
[2025-12-03 18:27:17] DEBUG: Периодическое обновление счетчиков | Context: {"users_count":1}
[2025-12-03 18:27:17] DEBUG: Обновление счетчиков непрочитанных | Context: {"user_id":2}
[2025-12-03 18:27:20] DEBUG: Периодическое обновление счетчиков | Context: {"users_count":1}
[2025-12-03 18:27:20] DEBUG: Обновление счетчиков непрочитанных | Context: {"user_id":2}
[2025-12-03 18:27:23] DEBUG: Периодическое обновление счетчиков | Context: {"users_count":1}
[2025-12-03 18:27:23] DEBUG: Обновление счетчиков непрочитанных | Context: {"user_id":2}
[2025-12-03 18:27:26] DEBUG: Периодическое обновление счетчиков | Context: {"users_count":1}
[2025-12-03 18:27:26] DEBUG: Обновление счетчиков непрочитанных | Context: {"user_id":2}
[2025-12-03 18:27:29] DEBUG: Периодическое обновление счетчиков | Context: {"users_count":1}
[2025-12-03 18:27:29] DEBUG: Обновление счетчиков непрочитанных | Context: {"user_id":2}
[2025-12-03 18:27:32] DEBUG: Периодическое обновление счетчиков | Context: {"users_count":1}
[2025-12-03 18:27:32] DEBUG: Обновление счетчиков непрочитанных | Context: {"user_id":2}
[2025-12-03 18:27:35] DEBUG: Периодическое обновление счетчиков | Context: {"users_count":1}
[2025-12-03 18:27:35] DEBUG: Обновление счетчиков непрочитанных | Context: {"user_id":2}
[2025-12-03 18:27:38] DEBUG: Периодическое обновление счетчиков | Context: {"users_count":1}
[2025-12-03 18:27:38] DEBUG: Обновление счетчиков непрочитанных | Context: {"user_id":2}
[2025-12-03 18:27:41] DEBUG: Периодическое обновление счетчиков | Context: {"users_count":1}
[2025-12-03 18:27:41] DEBUG: Обновление счетчиков непрочитанных | Context: {"user_id":2}
[2025-12-03 18:27:44] DEBUG: Периодическое обновление счетчиков | Context: {"users_count":1}
[2025-12-03 18:27:44] DEBUG: Обновление счетчиков непрочитанных | Context: {"user_id":2}
[2025-12-03 18:27:47] DEBUG: Периодическое обновление счетчиков | Context: {"users_count":1}
[2025-12-03 18:27:47] DEBUG: Обновление счетчиков непрочитанных | Context: {"user_id":2}
[2025-12-03 18:27:49] DEBUG: Получено сообщение | Context: {"connection_id":1013,"user_id":2,"type":"subscribe_chat"}
[2025-12-03 18:27:49] INFO: Подписка на чат | Context: {"connection_id":1013,"user_id":2,"chat_type":"transaction","chat_id":3,"chat_key":"transaction_3","total_subscribers":1}
[2025-12-03 18:27:49] DEBUG: Получено сообщение | Context: {"connection_id":1013,"user_id":2,"type":"mark_read"}
[2025-12-03 18:27:49] INFO: Сообщения отмечены как прочитанные | Context: {"connection_id":1013,"user_id":2,"chat_type":"transaction","chat_id":3}
[2025-12-03 18:27:49] DEBUG: Обновление счетчиков непрочитанных | Context: {"user_id":2}
[2025-12-03 18:27:49] DEBUG: Получено сообщение | Context: {"connection_id":1013,"user_id":2,"type":"get_unread_counts"}
[2025-12-03 18:27:49] DEBUG: Запрос счетчиков непрочитанных | Context: {"connection_id":1013,"user_id":2}
[2025-12-03 18:27:50] DEBUG: Получено сообщение | Context: {"connection_id":1013,"user_id":2,"type":"get_unread_counts"}
[2025-12-03 18:27:50] DEBUG: Запрос счетчиков непрочитанных | Context: {"connection_id":1013,"user_id":2}
[2025-12-03 18:27:50] DEBUG: Периодическое обновление счетчиков | Context: {"users_count":1}
[2025-12-03 18:27:50] DEBUG: Обновление счетчиков непрочитанных | Context: {"user_id":2}
[2025-12-03 18:27:52] INFO: Новое подключение | Context: {"connection_id":1424,"remote_address":"192.168.1.102"}
[2025-12-03 18:27:52] DEBUG: Получено сообщение | Context: {"connection_id":1424,"user_id":null,"type":"auth"}
[2025-12-03 18:27:52] INFO: Пользователь аутентифицирован | Context: {"connection_id":1424,"user_id":4,"user_email":"User1@example.com","total_connections":1}
[2025-12-03 18:27:52] DEBUG: Получено сообщение | Context: {"connection_id":1424,"user_id":4,"type":"get_unread_counts"}
[2025-12-03 18:27:52] DEBUG: Запрос счетчиков непрочитанных | Context: {"connection_id":1424,"user_id":4}
[2025-12-03 18:27:52] DEBUG: Получено сообщение | Context: {"connection_id":1424,"user_id":4,"type":"mark_read"}
[2025-12-03 18:27:52] INFO: Сообщения отмечены как прочитанные | Context: {"connection_id":1424,"user_id":4,"chat_type":"transaction","chat_id":3}
[2025-12-03 18:27:52] DEBUG: Обновление счетчиков непрочитанных | Context: {"user_id":4}
[2025-12-03 18:27:52] DEBUG: Получено сообщение | Context: {"connection_id":1424,"user_id":4,"type":"get_unread_counts"}
[2025-12-03 18:27:52] DEBUG: Запрос счетчиков непрочитанных | Context: {"connection_id":1424,"user_id":4}
[2025-12-03 18:27:52] DEBUG: Получено сообщение | Context: {"connection_id":1424,"user_id":4,"type":"get_unread_counts"}
[2025-12-03 18:27:52] DEBUG: Запрос счетчиков непрочитанных | Context: {"connection_id":1424,"user_id":4}
[2025-12-03 18:27:53] DEBUG: Периодическое обновление счетчиков | Context: {"users_count":2}
[2025-12-03 18:27:53] DEBUG: Обновление счетчиков непрочитанных | Context: {"user_id":2}
[2025-12-03 18:27:53] DEBUG: Обновление счетчиков непрочитанных | Context: {"user_id":4}
[2025-12-03 18:27:56] DEBUG: Периодическое обновление счетчиков | Context: {"users_count":2}
[2025-12-03 18:27:56] DEBUG: Обновление счетчиков непрочитанных | Context: {"user_id":2}
[2025-12-03 18:27:56] DEBUG: Обновление счетчиков непрочитанных | Context: {"user_id":4}
[2025-12-03 18:27:59] DEBUG: Периодическое обновление счетчиков | Context: {"users_count":2}
[2025-12-03 18:27:59] DEBUG: Обновление счетчиков непрочитанных | Context: {"user_id":2}
[2025-12-03 18:27:59] DEBUG: Обновление счетчиков непрочитанных | Context: {"user_id":4}
[2025-12-03 18:28:02] DEBUG: Периодическое обновление счетчиков | Context: {"users_count":2}
[2025-12-03 18:28:02] DEBUG: Обновление счетчиков непрочитанных | Context: {"user_id":2}
[2025-12-03 18:28:02] DEBUG: Обновление счетчиков непрочитанных | Context: {"user_id":4}
[2025-12-03 18:28:05] DEBUG: Периодическое обновление счетчиков | Context: {"users_count":2}
[2025-12-03 18:28:05] DEBUG: Обновление счетчиков непрочитанных | Context: {"user_id":2}
[2025-12-03 18:28:05] DEBUG: Обновление счетчиков непрочитанных | Context: {"user_id":4}
[2025-12-03 18:28:08] DEBUG: Периодическое обновление счетчиков | Context: {"users_count":2}
[2025-12-03 18:28:08] DEBUG: Обновление счетчиков непрочитанных | Context: {"user_id":2}
[2025-12-03 18:28:08] DEBUG: Обновление счетчиков непрочитанных | Context: {"user_id":4}
[2025-12-03 18:28:09] DEBUG: Получено сообщение | Context: {"connection_id":1013,"user_id":2,"type":"unsubscribe_chat"}
[2025-12-03 18:28:09] INFO: Отписка от чата | Context: {"connection_id":1013,"user_id":2,"chat_type":"transaction","chat_id":3,"chat_key":"transaction_3"}
[2025-12-03 18:28:09] DEBUG: Получено сообщение | Context: {"connection_id":1013,"user_id":2,"type":"subscribe_chat"}
[2025-12-03 18:28:09] INFO: Подписка на чат | Context: {"connection_id":1013,"user_id":2,"chat_type":"transaction","chat_id":3,"chat_key":"transaction_3","total_subscribers":1}
[2025-12-03 18:28:09] DEBUG: Получено сообщение | Context: {"connection_id":1013,"user_id":2,"type":"mark_read"}
[2025-12-03 18:28:09] INFO: Сообщения отмечены как прочитанные | Context: {"connection_id":1013,"user_id":2,"chat_type":"transaction","chat_id":3}
[2025-12-03 18:28:09] DEBUG: Обновление счетчиков непрочитанных | Context: {"user_id":2}
[2025-12-03 18:28:09] DEBUG: Получено сообщение | Context: {"connection_id":1013,"user_id":2,"type":"get_unread_counts"}
[2025-12-03 18:28:09] DEBUG: Запрос счетчиков непрочитанных | Context: {"connection_id":1013,"user_id":2}
[2025-12-03 18:28:09] DEBUG: Получено сообщение | Context: {"connection_id":1013,"user_id":2,"type":"get_unread_counts"}
[2025-12-03 18:28:09] DEBUG: Запрос счетчиков непрочитанных | Context: {"connection_id":1013,"user_id":2}
[2025-12-03 18:28:11] DEBUG: Периодическое обновление счетчиков | Context: {"users_count":2}
[2025-12-03 18:28:11] DEBUG: Обновление счетчиков непрочитанных | Context: {"user_id":2}
[2025-12-03 18:28:11] DEBUG: Обновление счетчиков непрочитанных | Context: {"user_id":4}
[2025-12-03 18:28:12] DEBUG: Получено сообщение | Context: {"connection_id":1424,"user_id":4,"type":"subscribe_chat"}
[2025-12-03 18:28:12] INFO: Подписка на чат | Context: {"connection_id":1424,"user_id":4,"chat_type":"transaction","chat_id":3,"chat_key":"transaction_3","total_subscribers":2}
[2025-12-03 18:28:12] DEBUG: Получено сообщение | Context: {"connection_id":1424,"user_id":4,"type":"mark_read"}
[2025-12-03 18:28:12] INFO: Сообщения отмечены как прочитанные | Context: {"connection_id":1424,"user_id":4,"chat_type":"transaction","chat_id":3}
[2025-12-03 18:28:12] DEBUG: Обновление счетчиков непрочитанных | Context: {"user_id":4}
[2025-12-03 18:28:12] DEBUG: Получено сообщение | Context: {"connection_id":1424,"user_id":4,"type":"get_unread_counts"}
[2025-12-03 18:28:12] DEBUG: Запрос счетчиков непрочитанных | Context: {"connection_id":1424,"user_id":4}
[2025-12-03 18:28:13] DEBUG: Получено сообщение | Context: {"connection_id":1424,"user_id":4,"type":"get_unread_counts"}
[2025-12-03 18:28:13] DEBUG: Запрос счетчиков непрочитанных | Context: {"connection_id":1424,"user_id":4}
[2025-12-03 18:28:14] DEBUG: Периодическое обновление счетчиков | Context: {"users_count":2}
[2025-12-03 18:28:14] DEBUG: Обновление счетчиков непрочитанных | Context: {"user_id":2}
[2025-12-03 18:28:14] DEBUG: Обновление счетчиков непрочитанных | Context: {"user_id":4}
[2025-12-03 18:28:17] DEBUG: Получено сообщение | Context: {"connection_id":1424,"user_id":4,"type":"unsubscribe_chat"}
[2025-12-03 18:28:17] INFO: Отписка от чата | Context: {"connection_id":1424,"user_id":4,"chat_type":"transaction","chat_id":3,"chat_key":"transaction_3"}
[2025-12-03 18:28:17] INFO: Клиент отключился | Context: {"connection_id":1424,"user_id":4,"remote_address":"192.168.1.102"}
[2025-12-03 18:28:17] DEBUG: Периодическое обновление счетчиков | Context: {"users_count":1}
[2025-12-03 18:28:17] DEBUG: Обновление счетчиков непрочитанных | Context: {"user_id":2}
[2025-12-03 18:28:20] DEBUG: Периодическое обновление счетчиков | Context: {"users_count":1}
[2025-12-03 18:28:20] DEBUG: Обновление счетчиков непрочитанных | Context: {"user_id":2}
[2025-12-03 18:28:23] DEBUG: Периодическое обновление счетчиков | Context: {"users_count":1}
[2025-12-03 18:28:23] DEBUG: Обновление счетчиков непрочитанных | Context: {"user_id":2}
[2025-12-03 18:28:26] DEBUG: Периодическое обновление счетчиков | Context: {"users_count":1}
[2025-12-03 18:28:26] DEBUG: Обновление счетчиков непрочитанных | Context: {"user_id":2}
[2025-12-03 18:28:29] DEBUG: Периодическое обновление счетчиков | Context: {"users_count":1}
[2025-12-03 18:28:29] DEBUG: Обновление счетчиков непрочитанных | Context: {"user_id":2}
[2025-12-03 18:28:32] DEBUG: Периодическое обновление счетчиков | Context: {"users_count":1}
[2025-12-03 18:28:32] DEBUG: Обновление счетчиков непрочитанных | Context: {"user_id":2}
[2025-12-03 18:28:35] DEBUG: Периодическое обновление счетчиков | Context: {"users_count":1}
[2025-12-03 18:28:35] DEBUG: Обновление счетчиков непрочитанных | Context: {"user_id":2}
[2025-12-03 18:28:38] DEBUG: Периодическое обновление счетчиков | Context: {"users_count":1}
[2025-12-03 18:28:38] DEBUG: Обновление счетчиков непрочитанных | Context: {"user_id":2}
[2025-12-03 18:28:41] DEBUG: Периодическое обновление счетчиков | Context: {"users_count":1}
[2025-12-03 18:28:41] DEBUG: Обновление счетчиков непрочитанных | Context: {"user_id":2}
[2025-12-03 18:28:44] DEBUG: Периодическое обновление счетчиков | Context: {"users_count":1}
[2025-12-03 18:28:44] DEBUG: Обновление счетчиков непрочитанных | Context: {"user_id":2}
[2025-12-03 18:28:47] DEBUG: Периодическое обновление счетчиков | Context: {"users_count":1}
[2025-12-03 18:28:47] DEBUG: Обновление счетчиков непрочитанных | Context: {"user_id":2}
[2025-12-03 18:28:50] DEBUG: Периодическое обновление счетчиков | Context: {"users_count":1}
[2025-12-03 18:28:50] DEBUG: Обновление счетчиков непрочитанных | Context: {"user_id":2}
[2025-12-03 18:28:53] DEBUG: Периодическое обновление счетчиков | Context: {"users_count":1}
[2025-12-03 18:28:53] DEBUG: Обновление счетчиков непрочитанных | Context: {"user_id":2}
[2025-12-03 18:28:56] DEBUG: Получено сообщение | Context: {"connection_id":1013,"user_id":2,"type":"unsubscribe_chat"}
[2025-12-03 18:28:56] INFO: Отписка от чата | Context: {"connection_id":1013,"user_id":2,"chat_type":"transaction","chat_id":3,"chat_key":"transaction_3"}
[2025-12-03 18:28:56] INFO: Клиент отключился | Context: {"connection_id":1013,"user_id":2,"remote_address":"192.168.1.102"}
[2025-12-03 19:47:44] INFO: WebSocket сервер инициализирован | Context: {"logging_enabled":true}
[2025-12-03 19:47:44] INFO: WebSocket сервер запущен | Context: {"ssl_enabled":true,"port":8082,"host":"xn--80af6ao.xn--p1ai","url":"wss:\/\/xn--80af6ao.xn--p1ai:8082"}
[2025-12-03 19:47:46] INFO: Уведомление о создании векселя отправлено участникам | Context: {"transaction_id":3,"bill_id":3,"participants_count":2}
[2025-12-03 19:47:46] INFO: Обработан файловый триггер о создании векселя | Context: {"transaction_id":3,"bill_id":3}
[2025-12-03 19:47:46] INFO: Уведомление о создании векселя отправлено участникам | Context: {"transaction_id":3,"bill_id":4,"participants_count":2}
[2025-12-03 19:47:46] INFO: Обработан файловый триггер о создании векселя | Context: {"transaction_id":3,"bill_id":4}
[2025-12-03 19:47:57] INFO: Новое подключение | Context: {"connection_id":81,"remote_address":"192.168.1.102"}
[2025-12-03 19:47:57] DEBUG: Получено сообщение | Context: {"connection_id":81,"user_id":null,"type":"auth"}
[2025-12-03 19:47:57] INFO: Пользователь аутентифицирован | Context: {"connection_id":81,"user_id":2,"user_email":"admin@ogas","total_connections":1}
[2025-12-03 19:47:57] DEBUG: Получено сообщение | Context: {"connection_id":81,"user_id":2,"type":"get_unread_counts"}
[2025-12-03 19:47:57] DEBUG: Запрос счетчиков непрочитанных | Context: {"connection_id":81,"user_id":2}
[2025-12-03 19:47:57] DEBUG: Получено сообщение | Context: {"connection_id":81,"user_id":2,"type":"mark_read"}
[2025-12-03 19:47:57] INFO: Сообщения отмечены как прочитанные | Context: {"connection_id":81,"user_id":2,"chat_type":"transaction","chat_id":3}
[2025-12-03 19:47:57] DEBUG: Обновление счетчиков непрочитанных | Context: {"user_id":2}
[2025-12-03 19:47:57] DEBUG: Получено сообщение | Context: {"connection_id":81,"user_id":2,"type":"get_unread_counts"}
[2025-12-03 19:47:57] DEBUG: Запрос счетчиков непрочитанных | Context: {"connection_id":81,"user_id":2}
[2025-12-03 19:47:58] DEBUG: Получено сообщение | Context: {"connection_id":81,"user_id":2,"type":"get_unread_counts"}
[2025-12-03 19:47:58] DEBUG: Запрос счетчиков непрочитанных | Context: {"connection_id":81,"user_id":2}
[2025-12-03 19:47:59] DEBUG: Периодическое обновление счетчиков | Context: {"users_count":1}
[2025-12-03 19:47:59] DEBUG: Обновление счетчиков непрочитанных | Context: {"user_id":2}
[2025-12-03 19:48:02] DEBUG: Периодическое обновление счетчиков | Context: {"users_count":1}
[2025-12-03 19:48:02] DEBUG: Обновление счетчиков непрочитанных | Context: {"user_id":2}
[2025-12-03 19:48:05] DEBUG: Периодическое обновление счетчиков | Context: {"users_count":1}
[2025-12-03 19:48:05] DEBUG: Обновление счетчиков непрочитанных | Context: {"user_id":2}
[2025-12-03 19:48:08] DEBUG: Периодическое обновление счетчиков | Context: {"users_count":1}
[2025-12-03 19:48:08] DEBUG: Обновление счетчиков непрочитанных | Context: {"user_id":2}
[2025-12-03 19:48:11] DEBUG: Периодическое обновление счетчиков | Context: {"users_count":1}
[2025-12-03 19:48:11] DEBUG: Обновление счетчиков непрочитанных | Context: {"user_id":2}
[2025-12-03 19:48:13] INFO: Клиент отключился | Context: {"connection_id":81,"user_id":2,"remote_address":"192.168.1.102"}
[2025-12-03 20:12:21] INFO: WebSocket сервер инициализирован | Context: {"logging_enabled":true}
[2025-12-03 20:12:21] INFO: WebSocket сервер запущен | Context: {"ssl_enabled":true,"port":8082,"host":"xn--80af6ao.xn--p1ai","url":"wss:\/\/xn--80af6ao.xn--p1ai:8082"}
[2025-12-03 22:10:27] INFO: WebSocket сервер инициализирован | Context: {"logging_enabled":true}
[2025-12-03 22:10:27] INFO: WebSocket сервер запущен | Context: {"ssl_enabled":true,"port":8082,"host":"xn--80af6ao.xn--p1ai","url":"wss:\/\/xn--80af6ao.xn--p1ai:8082"}
[2025-12-03 22:14:23] INFO: Новое подключение | Context: {"connection_id":68,"remote_address":"127.0.0.1"}
[2025-12-03 22:16:52] INFO: Клиент отключился | Context: {"connection_id":68,"user_id":null,"remote_address":"127.0.0.1"}
[2025-12-03 22:16:52] INFO: Новое подключение | Context: {"connection_id":111,"remote_address":"127.0.0.1"}
[2025-12-03 22:16:52] DEBUG: Получено сообщение | Context: {"connection_id":111,"user_id":null,"type":"auth"}
[2025-12-03 22:16:52] ERROR: Ошибка проверки токена аутентификации | Context: {"user_id":3,"error":"SQLSTATE[42S22]: Column not found: 1054 Unknown column 'token' in 'field list'"}
[2025-12-03 22:16:52] WARNING: Неверный токен аутентификации | Context: {"connection_id":111,"user_id":3,"ip":"127.0.0.1"}
[2025-12-03 22:17:30] INFO: Клиент отключился | Context: {"connection_id":111,"user_id":null,"remote_address":"127.0.0.1"}
[2025-12-03 22:17:31] INFO: Новое подключение | Context: {"connection_id":127,"remote_address":"127.0.0.1"}
[2025-12-03 22:17:31] DEBUG: Получено сообщение | Context: {"connection_id":127,"user_id":null,"type":"auth"}
[2025-12-03 22:17:31] ERROR: Ошибка проверки токена аутентификации | Context: {"user_id":3,"error":"SQLSTATE[42S22]: Column not found: 1054 Unknown column 'token' in 'field list'"}
[2025-12-03 22:17:31] WARNING: Неверный токен аутентификации | Context: {"connection_id":127,"user_id":3,"ip":"127.0.0.1"}
[2025-12-03 22:18:33] INFO: Клиент отключился | Context: {"connection_id":127,"user_id":null,"remote_address":"127.0.0.1"}
[2025-12-03 22:18:45] INFO: Новое подключение | Context: {"connection_id":140,"remote_address":"127.0.0.1"}
[2025-12-03 22:18:45] DEBUG: Получено сообщение | Context: {"connection_id":140,"user_id":null,"type":"auth"}
[2025-12-03 22:18:45] ERROR: Ошибка проверки токена аутентификации | Context: {"user_id":3,"error":"SQLSTATE[42S22]: Column not found: 1054 Unknown column 'token' in 'field list'"}
[2025-12-03 22:18:45] WARNING: Неверный токен аутентификации | Context: {"connection_id":140,"user_id":3,"ip":"127.0.0.1"}
[2025-12-03 22:18:54] INFO: Клиент отключился | Context: {"connection_id":140,"user_id":null,"remote_address":"127.0.0.1"}
[2025-12-03 22:18:58] INFO: Новое подключение | Context: {"connection_id":153,"remote_address":"127.0.0.1"}
[2025-12-03 22:18:58] DEBUG: Получено сообщение | Context: {"connection_id":153,"user_id":null,"type":"auth"}
[2025-12-03 22:18:58] ERROR: Ошибка проверки токена аутентификации | Context: {"user_id":3,"error":"SQLSTATE[42S22]: Column not found: 1054 Unknown column 'token' in 'field list'"}
[2025-12-03 22:18:58] WARNING: Неверный токен аутентификации | Context: {"connection_id":153,"user_id":3,"ip":"127.0.0.1"}
[2025-12-03 22:19:50] INFO: Клиент отключился | Context: {"connection_id":153,"user_id":null,"remote_address":"127.0.0.1"}
[2025-12-03 22:19:55] WARNING: Превышен лимит подключений с IP | Context: {"ip":"127.0.0.1","connections":5,"connection_id":166}
[2025-12-03 22:19:55] INFO: Клиент отключился | Context: {"connection_id":166,"user_id":null,"remote_address":"127.0.0.1"}
[2025-12-03 22:19:56] WARNING: Превышен лимит подключений с IP | Context: {"ip":"127.0.0.1","connections":5,"connection_id":173}
[2025-12-03 22:19:56] INFO: Клиент отключился | Context: {"connection_id":173,"user_id":null,"remote_address":"127.0.0.1"}
[2025-12-03 22:19:57] WARNING: Превышен лимит подключений с IP | Context: {"ip":"127.0.0.1","connections":5,"connection_id":180}
[2025-12-03 22:19:57] INFO: Клиент отключился | Context: {"connection_id":180,"user_id":null,"remote_address":"127.0.0.1"}
[2025-12-03 22:19:58] WARNING: Превышен лимит подключений с IP | Context: {"ip":"127.0.0.1","connections":5,"connection_id":187}
[2025-12-03 22:19:58] INFO: Клиент отключился | Context: {"connection_id":187,"user_id":null,"remote_address":"127.0.0.1"}
[2025-12-03 22:19:59] WARNING: Превышен лимит подключений с IP | Context: {"ip":"127.0.0.1","connections":5,"connection_id":194}
[2025-12-03 22:19:59] INFO: Клиент отключился | Context: {"connection_id":194,"user_id":null,"remote_address":"127.0.0.1"}
[2025-12-03 22:20:00] WARNING: Превышен лимит подключений с IP | Context: {"ip":"127.0.0.1","connections":5,"connection_id":201}
[2025-12-03 22:20:00] INFO: Клиент отключился | Context: {"connection_id":201,"user_id":null,"remote_address":"127.0.0.1"}
[2025-12-03 22:20:01] WARNING: Превышен лимит подключений с IP | Context: {"ip":"127.0.0.1","connections":5,"connection_id":208}
[2025-12-03 22:20:01] INFO: Клиент отключился | Context: {"connection_id":208,"user_id":null,"remote_address":"127.0.0.1"}
[2025-12-03 22:20:02] WARNING: Превышен лимит подключений с IP | Context: {"ip":"127.0.0.1","connections":5,"connection_id":215}
[2025-12-03 22:20:02] INFO: Клиент отключился | Context: {"connection_id":215,"user_id":null,"remote_address":"127.0.0.1"}
[2025-12-03 22:20:03] WARNING: Превышен лимит подключений с IP | Context: {"ip":"127.0.0.1","connections":5,"connection_id":222}
[2025-12-03 22:20:03] INFO: Клиент отключился | Context: {"connection_id":222,"user_id":null,"remote_address":"127.0.0.1"}
[2025-12-03 22:20:04] WARNING: Превышен лимит подключений с IP | Context: {"ip":"127.0.0.1","connections":5,"connection_id":229}
[2025-12-03 22:20:04] INFO: Клиент отключился | Context: {"connection_id":229,"user_id":null,"remote_address":"127.0.0.1"}
[2025-12-03 22:20:05] WARNING: Превышен лимит подключений с IP | Context: {"ip":"127.0.0.1","connections":5,"connection_id":236}
[2025-12-03 22:20:05] INFO: Клиент отключился | Context: {"connection_id":236,"user_id":null,"remote_address":"127.0.0.1"}
[2025-12-03 22:20:06] WARNING: Превышен лимит подключений с IP | Context: {"ip":"127.0.0.1","connections":5,"connection_id":243}
[2025-12-03 22:20:06] INFO: Клиент отключился | Context: {"connection_id":243,"user_id":null,"remote_address":"127.0.0.1"}
[2025-12-03 22:20:07] WARNING: Превышен лимит подключений с IP | Context: {"ip":"127.0.0.1","connections":5,"connection_id":250}
[2025-12-03 22:20:07] INFO: Клиент отключился | Context: {"connection_id":250,"user_id":null,"remote_address":"127.0.0.1"}
[2025-12-03 22:20:08] WARNING: Превышен лимит подключений с IP | Context: {"ip":"127.0.0.1","connections":5,"connection_id":257}
[2025-12-03 22:20:08] INFO: Клиент отключился | Context: {"connection_id":257,"user_id":null,"remote_address":"127.0.0.1"}
[2025-12-03 22:20:09] WARNING: Превышен лимит подключений с IP | Context: {"ip":"127.0.0.1","connections":5,"connection_id":264}
[2025-12-03 22:20:09] INFO: Клиент отключился | Context: {"connection_id":264,"user_id":null,"remote_address":"127.0.0.1"}
[2025-12-03 22:20:10] WARNING: Превышен лимит подключений с IP | Context: {"ip":"127.0.0.1","connections":5,"connection_id":271}
[2025-12-03 22:20:10] INFO: Клиент отключился | Context: {"connection_id":271,"user_id":null,"remote_address":"127.0.0.1"}
[2025-12-03 22:20:11] WARNING: Превышен лимит подключений с IP | Context: {"ip":"127.0.0.1","connections":5,"connection_id":278}
[2025-12-03 22:20:11] INFO: Клиент отключился | Context: {"connection_id":278,"user_id":null,"remote_address":"127.0.0.1"}
[2025-12-03 22:20:13] WARNING: Превышен лимит подключений с IP | Context: {"ip":"127.0.0.1","connections":5,"connection_id":285}
[2025-12-03 22:20:13] INFO: Клиент отключился | Context: {"connection_id":285,"user_id":null,"remote_address":"127.0.0.1"}
[2025-12-03 22:20:14] WARNING: Превышен лимит подключений с IP | Context: {"ip":"127.0.0.1","connections":5,"connection_id":292}
[2025-12-03 22:20:14] INFO: Клиент отключился | Context: {"connection_id":292,"user_id":null,"remote_address":"127.0.0.1"}
[2025-12-03 22:20:15] WARNING: Превышен лимит подключений с IP | Context: {"ip":"127.0.0.1","connections":5,"connection_id":299}
[2025-12-03 22:20:15] INFO: Клиент отключился | Context: {"connection_id":299,"user_id":null,"remote_address":"127.0.0.1"}
[2025-12-03 22:20:16] WARNING: Превышен лимит подключений с IP | Context: {"ip":"127.0.0.1","connections":5,"connection_id":306}
[2025-12-03 22:20:16] INFO: Клиент отключился | Context: {"connection_id":306,"user_id":null,"remote_address":"127.0.0.1"}
[2025-12-03 22:20:17] WARNING: Превышен лимит подключений с IP | Context: {"ip":"127.0.0.1","connections":5,"connection_id":313}
[2025-12-03 22:20:17] INFO: Клиент отключился | Context: {"connection_id":313,"user_id":null,"remote_address":"127.0.0.1"}
[2025-12-03 22:20:18] WARNING: Превышен лимит подключений с IP | Context: {"ip":"127.0.0.1","connections":5,"connection_id":320}
[2025-12-03 22:20:18] INFO: Клиент отключился | Context: {"connection_id":320,"user_id":null,"remote_address":"127.0.0.1"}
[2025-12-03 22:20:19] WARNING: Превышен лимит подключений с IP | Context: {"ip":"127.0.0.1","connections":5,"connection_id":327}
[2025-12-03 22:20:19] INFO: Клиент отключился | Context: {"connection_id":327,"user_id":null,"remote_address":"127.0.0.1"}
[2025-12-03 22:20:20] WARNING: Превышен лимит подключений с IP | Context: {"ip":"127.0.0.1","connections":5,"connection_id":334}
[2025-12-03 22:20:20] INFO: Клиент отключился | Context: {"connection_id":334,"user_id":null,"remote_address":"127.0.0.1"}
[2025-12-03 22:20:20] WARNING: Превышен лимит подключений с IP | Context: {"ip":"127.0.0.1","connections":5,"connection_id":341}
[2025-12-03 22:20:20] INFO: Клиент отключился | Context: {"connection_id":341,"user_id":null,"remote_address":"127.0.0.1"}
[2025-12-03 22:20:21] WARNING: Превышен лимит подключений с IP | Context: {"ip":"127.0.0.1","connections":5,"connection_id":348}
[2025-12-03 22:20:21] INFO: Клиент отключился | Context: {"connection_id":348,"user_id":null,"remote_address":"127.0.0.1"}
[2025-12-03 22:20:21] WARNING: Превышен лимит подключений с IP | Context: {"ip":"127.0.0.1","connections":5,"connection_id":355}
[2025-12-03 22:20:21] INFO: Клиент отключился | Context: {"connection_id":355,"user_id":null,"remote_address":"127.0.0.1"}
[2025-12-03 22:20:22] WARNING: Превышен лимит подключений с IP | Context: {"ip":"127.0.0.1","connections":5,"connection_id":362}
[2025-12-03 22:20:22] INFO: Клиент отключился | Context: {"connection_id":362,"user_id":null,"remote_address":"127.0.0.1"}
[2025-12-03 22:20:22] WARNING: Превышен лимит подключений с IP | Context: {"ip":"127.0.0.1","connections":5,"connection_id":369}
[2025-12-03 22:20:22] INFO: Клиент отключился | Context: {"connection_id":369,"user_id":null,"remote_address":"127.0.0.1"}
[2025-12-03 22:20:23] WARNING: Превышен лимит подключений с IP | Context: {"ip":"127.0.0.1","connections":5,"connection_id":376}
[2025-12-03 22:20:26] INFO: Клиент отключился | Context: {"connection_id":376,"user_id":null,"remote_address":"127.0.0.1"}
[2025-12-03 22:20:27] WARNING: Превышен лимит подключений с IP | Context: {"ip":"127.0.0.1","connections":5,"connection_id":383}
[2025-12-03 22:20:27] INFO: Клиент отключился | Context: {"connection_id":383,"user_id":null,"remote_address":"127.0.0.1"}
[2025-12-03 22:20:28] WARNING: Превышен лимит подключений с IP | Context: {"ip":"127.0.0.1","connections":5,"connection_id":390}
[2025-12-03 22:20:28] INFO: Клиент отключился | Context: {"connection_id":390,"user_id":null,"remote_address":"127.0.0.1"}
[2025-12-03 22:20:29] WARNING: Превышен лимит подключений с IP | Context: {"ip":"127.0.0.1","connections":5,"connection_id":397}
[2025-12-03 22:20:29] INFO: Клиент отключился | Context: {"connection_id":397,"user_id":null,"remote_address":"127.0.0.1"}
[2025-12-03 22:20:31] WARNING: Превышен лимит подключений с IP | Context: {"ip":"127.0.0.1","connections":5,"connection_id":404}
[2025-12-03 22:20:31] INFO: Клиент отключился | Context: {"connection_id":404,"user_id":null,"remote_address":"127.0.0.1"}
[2025-12-03 22:20:32] WARNING: Превышен лимит подключений с IP | Context: {"ip":"127.0.0.1","connections":5,"connection_id":411}
[2025-12-03 22:20:32] INFO: Клиент отключился | Context: {"connection_id":411,"user_id":null,"remote_address":"127.0.0.1"}
[2025-12-03 22:20:33] WARNING: Превышен лимит подключений с IP | Context: {"ip":"127.0.0.1","connections":5,"connection_id":418}
[2025-12-03 22:20:33] INFO: Клиент отключился | Context: {"connection_id":418,"user_id":null,"remote_address":"127.0.0.1"}
[2025-12-03 22:20:34] WARNING: Превышен лимит подключений с IP | Context: {"ip":"127.0.0.1","connections":5,"connection_id":425}
[2025-12-03 22:20:34] INFO: Клиент отключился | Context: {"connection_id":425,"user_id":null,"remote_address":"127.0.0.1"}
[2025-12-03 22:20:35] WARNING: Превышен лимит подключений с IP | Context: {"ip":"127.0.0.1","connections":5,"connection_id":432}
[2025-12-03 22:20:35] INFO: Клиент отключился | Context: {"connection_id":432,"user_id":null,"remote_address":"127.0.0.1"}
[2025-12-03 22:20:36] WARNING: Превышен лимит подключений с IP | Context: {"ip":"127.0.0.1","connections":5,"connection_id":439}
[2025-12-03 22:20:36] INFO: Клиент отключился | Context: {"connection_id":439,"user_id":null,"remote_address":"127.0.0.1"}
[2025-12-03 22:20:37] WARNING: Превышен лимит подключений с IP | Context: {"ip":"127.0.0.1","connections":5,"connection_id":446}
[2025-12-03 22:20:37] INFO: Клиент отключился | Context: {"connection_id":446,"user_id":null,"remote_address":"127.0.0.1"}
[2025-12-03 22:20:38] WARNING: Превышен лимит подключений с IP | Context: {"ip":"127.0.0.1","connections":5,"connection_id":453}
[2025-12-03 22:20:38] INFO: Клиент отключился | Context: {"connection_id":453,"user_id":null,"remote_address":"127.0.0.1"}
[2025-12-03 22:20:39] WARNING: Превышен лимит подключений с IP | Context: {"ip":"127.0.0.1","connections":5,"connection_id":460}
[2025-12-03 22:20:39] INFO: Клиент отключился | Context: {"connection_id":460,"user_id":null,"remote_address":"127.0.0.1"}
[2025-12-03 22:20:40] WARNING: Превышен лимит подключений с IP | Context: {"ip":"127.0.0.1","connections":5,"connection_id":467}
[2025-12-03 22:20:40] INFO: Клиент отключился | Context: {"connection_id":467,"user_id":null,"remote_address":"127.0.0.1"}
[2025-12-03 22:20:41] WARNING: Превышен лимит подключений с IP | Context: {"ip":"127.0.0.1","connections":5,"connection_id":474}
[2025-12-03 22:20:41] INFO: Клиент отключился | Context: {"connection_id":474,"user_id":null,"remote_address":"127.0.0.1"}
[2025-12-03 22:20:42] WARNING: Превышен лимит подключений с IP | Context: {"ip":"127.0.0.1","connections":5,"connection_id":481}
[2025-12-03 22:20:42] INFO: Клиент отключился | Context: {"connection_id":481,"user_id":null,"remote_address":"127.0.0.1"}
[2025-12-03 22:20:43] WARNING: Превышен лимит подключений с IP | Context: {"ip":"127.0.0.1","connections":5,"connection_id":488}
[2025-12-03 22:20:43] INFO: Клиент отключился | Context: {"connection_id":488,"user_id":null,"remote_address":"127.0.0.1"}
[2025-12-03 22:20:44] WARNING: Превышен лимит подключений с IP | Context: {"ip":"127.0.0.1","connections":5,"connection_id":495}
[2025-12-03 22:20:44] INFO: Клиент отключился | Context: {"connection_id":495,"user_id":null,"remote_address":"127.0.0.1"}
[2025-12-03 22:20:45] WARNING: Превышен лимит подключений с IP | Context: {"ip":"127.0.0.1","connections":5,"connection_id":502}
[2025-12-03 22:20:45] INFO: Клиент отключился | Context: {"connection_id":502,"user_id":null,"remote_address":"127.0.0.1"}
[2025-12-03 22:20:46] WARNING: Превышен лимит подключений с IP | Context: {"ip":"127.0.0.1","connections":5,"connection_id":509}
[2025-12-03 22:20:46] INFO: Клиент отключился | Context: {"connection_id":509,"user_id":null,"remote_address":"127.0.0.1"}
[2025-12-03 22:20:47] WARNING: Превышен лимит подключений с IP | Context: {"ip":"127.0.0.1","connections":5,"connection_id":516}
[2025-12-03 22:20:47] INFO: Клиент отключился | Context: {"connection_id":516,"user_id":null,"remote_address":"127.0.0.1"}
[2025-12-03 22:20:48] WARNING: Превышен лимит подключений с IP | Context: {"ip":"127.0.0.1","connections":5,"connection_id":523}
[2025-12-03 22:20:48] INFO: Клиент отключился | Context: {"connection_id":523,"user_id":null,"remote_address":"127.0.0.1"}
[2025-12-03 22:20:49] WARNING: Превышен лимит подключений с IP | Context: {"ip":"127.0.0.1","connections":5,"connection_id":530}
[2025-12-03 22:20:49] INFO: Клиент отключился | Context: {"connection_id":530,"user_id":null,"remote_address":"127.0.0.1"}
[2025-12-03 22:20:50] WARNING: Превышен лимит подключений с IP | Context: {"ip":"127.0.0.1","connections":5,"connection_id":537}
[2025-12-03 22:20:50] INFO: Клиент отключился | Context: {"connection_id":537,"user_id":null,"remote_address":"127.0.0.1"}
[2025-12-03 22:20:51] WARNING: Превышен лимит подключений с IP | Context: {"ip":"127.0.0.1","connections":5,"connection_id":544}
[2025-12-03 22:20:51] INFO: Клиент отключился | Context: {"connection_id":544,"user_id":null,"remote_address":"127.0.0.1"}
[2025-12-03 22:20:52] WARNING: Превышен лимит подключений с IP | Context: {"ip":"127.0.0.1","connections":5,"connection_id":551}
[2025-12-03 22:20:52] INFO: Клиент отключился | Context: {"connection_id":551,"user_id":null,"remote_address":"127.0.0.1"}
[2025-12-03 22:20:53] WARNING: Превышен лимит подключений с IP | Context: {"ip":"127.0.0.1","connections":5,"connection_id":558}
[2025-12-03 22:20:53] INFO: Клиент отключился | Context: {"connection_id":558,"user_id":null,"remote_address":"127.0.0.1"}
[2025-12-03 22:20:54] WARNING: Превышен лимит подключений с IP | Context: {"ip":"127.0.0.1","connections":5,"connection_id":565}
[2025-12-03 22:20:54] INFO: Клиент отключился | Context: {"connection_id":565,"user_id":null,"remote_address":"127.0.0.1"}
[2025-12-03 22:20:55] WARNING: Превышен лимит подключений с IP | Context: {"ip":"127.0.0.1","connections":5,"connection_id":572}
[2025-12-03 22:20:55] INFO: Клиент отключился | Context: {"connection_id":572,"user_id":null,"remote_address":"127.0.0.1"}
[2025-12-03 22:20:56] WARNING: Превышен лимит подключений с IP | Context: {"ip":"127.0.0.1","connections":5,"connection_id":579}
[2025-12-03 22:20:56] INFO: Клиент отключился | Context: {"connection_id":579,"user_id":null,"remote_address":"127.0.0.1"}
[2025-12-03 22:20:57] WARNING: Превышен лимит подключений с IP | Context: {"ip":"127.0.0.1","connections":5,"connection_id":586}
[2025-12-03 22:20:57] INFO: Клиент отключился | Context: {"connection_id":586,"user_id":null,"remote_address":"127.0.0.1"}
[2025-12-03 22:20:58] WARNING: Превышен лимит подключений с IP | Context: {"ip":"127.0.0.1","connections":5,"connection_id":593}
[2025-12-03 22:20:58] INFO: Клиент отключился | Context: {"connection_id":593,"user_id":null,"remote_address":"127.0.0.1"}
[2025-12-03 22:20:59] WARNING: Превышен лимит подключений с IP | Context: {"ip":"127.0.0.1","connections":5,"connection_id":600}
[2025-12-03 22:20:59] INFO: Клиент отключился | Context: {"connection_id":600,"user_id":null,"remote_address":"127.0.0.1"}
[2025-12-03 22:21:00] WARNING: Превышен лимит подключений с IP | Context: {"ip":"127.0.0.1","connections":5,"connection_id":607}
[2025-12-03 22:21:00] INFO: Клиент отключился | Context: {"connection_id":607,"user_id":null,"remote_address":"127.0.0.1"}
[2025-12-03 22:21:00] WARNING: Превышен лимит подключений с IP | Context: {"ip":"127.0.0.1","connections":5,"connection_id":614}
[2025-12-03 22:21:00] INFO: Клиент отключился | Context: {"connection_id":614,"user_id":null,"remote_address":"127.0.0.1"}
[2025-12-03 22:21:01] WARNING: Превышен лимит подключений с IP | Context: {"ip":"127.0.0.1","connections":5,"connection_id":621}
[2025-12-03 22:21:01] INFO: Клиент отключился | Context: {"connection_id":621,"user_id":null,"remote_address":"127.0.0.1"}
[2025-12-03 22:21:01] WARNING: Превышен лимит подключений с IP | Context: {"ip":"127.0.0.1","connections":5,"connection_id":628}
[2025-12-03 22:21:01] INFO: Клиент отключился | Context: {"connection_id":628,"user_id":null,"remote_address":"127.0.0.1"}
[2025-12-03 22:21:02] WARNING: Превышен лимит подключений с IP | Context: {"ip":"127.0.0.1","connections":5,"connection_id":635}
[2025-12-03 22:21:02] INFO: Клиент отключился | Context: {"connection_id":635,"user_id":null,"remote_address":"127.0.0.1"}
[2025-12-03 22:21:02] WARNING: Превышен лимит подключений с IP | Context: {"ip":"127.0.0.1","connections":5,"connection_id":642}
[2025-12-03 22:21:02] INFO: Клиент отключился | Context: {"connection_id":642,"user_id":null,"remote_address":"127.0.0.1"}
[2025-12-03 22:21:03] WARNING: Превышен лимит подключений с IP | Context: {"ip":"127.0.0.1","connections":5,"connection_id":649}
[2025-12-03 22:21:03] INFO: Клиент отключился | Context: {"connection_id":649,"user_id":null,"remote_address":"127.0.0.1"}
[2025-12-03 22:21:03] WARNING: Превышен лимит подключений с IP | Context: {"ip":"127.0.0.1","connections":5,"connection_id":656}
[2025-12-03 22:21:03] INFO: Клиент отключился | Context: {"connection_id":656,"user_id":null,"remote_address":"127.0.0.1"}
[2025-12-03 22:21:04] WARNING: Превышен лимит подключений с IP | Context: {"ip":"127.0.0.1","connections":5,"connection_id":663}
[2025-12-03 22:21:04] INFO: Клиент отключился | Context: {"connection_id":663,"user_id":null,"remote_address":"127.0.0.1"}
[2025-12-03 22:21:04] WARNING: Превышен лимит подключений с IP | Context: {"ip":"127.0.0.1","connections":5,"connection_id":670}
[2025-12-03 22:21:04] INFO: Клиент отключился | Context: {"connection_id":670,"user_id":null,"remote_address":"127.0.0.1"}
[2025-12-03 22:21:05] WARNING: Превышен лимит подключений с IP | Context: {"ip":"127.0.0.1","connections":5,"connection_id":677}
[2025-12-03 22:21:05] INFO: Клиент отключился | Context: {"connection_id":677,"user_id":null,"remote_address":"127.0.0.1"}
[2025-12-03 22:21:05] WARNING: Превышен лимит подключений с IP | Context: {"ip":"127.0.0.1","connections":5,"connection_id":684}
[2025-12-03 22:21:05] INFO: Клиент отключился | Context: {"connection_id":684,"user_id":null,"remote_address":"127.0.0.1"}
[2025-12-03 22:21:06] WARNING: Превышен лимит подключений с IP | Context: {"ip":"127.0.0.1","connections":5,"connection_id":691}
[2025-12-03 22:21:06] INFO: Клиент отключился | Context: {"connection_id":691,"user_id":null,"remote_address":"127.0.0.1"}
[2025-12-03 22:21:06] WARNING: Превышен лимит подключений с IP | Context: {"ip":"127.0.0.1","connections":5,"connection_id":698}
[2025-12-03 22:21:06] INFO: Клиент отключился | Context: {"connection_id":698,"user_id":null,"remote_address":"127.0.0.1"}
[2025-12-03 22:21:07] WARNING: Превышен лимит подключений с IP | Context: {"ip":"127.0.0.1","connections":5,"connection_id":705}
[2025-12-03 22:21:07] INFO: Клиент отключился | Context: {"connection_id":705,"user_id":null,"remote_address":"127.0.0.1"}
[2025-12-03 22:21:07] WARNING: Превышен лимит подключений с IP | Context: {"ip":"127.0.0.1","connections":5,"connection_id":712}
[2025-12-03 22:21:07] INFO: Клиент отключился | Context: {"connection_id":712,"user_id":null,"remote_address":"127.0.0.1"}
[2025-12-03 22:21:08] WARNING: Превышен лимит подключений с IP | Context: {"ip":"127.0.0.1","connections":5,"connection_id":719}
[2025-12-03 22:21:08] INFO: Клиент отключился | Context: {"connection_id":719,"user_id":null,"remote_address":"127.0.0.1"}
[2025-12-03 22:21:08] WARNING: Превышен лимит подключений с IP | Context: {"ip":"127.0.0.1","connections":5,"connection_id":726}
[2025-12-03 22:21:08] INFO: Клиент отключился | Context: {"connection_id":726,"user_id":null,"remote_address":"127.0.0.1"}
[2025-12-03 22:21:09] WARNING: Превышен лимит подключений с IP | Context: {"ip":"127.0.0.1","connections":5,"connection_id":733}
[2025-12-03 22:21:09] INFO: Клиент отключился | Context: {"connection_id":733,"user_id":null,"remote_address":"127.0.0.1"}
[2025-12-03 22:21:09] WARNING: Превышен лимит подключений с IP | Context: {"ip":"127.0.0.1","connections":5,"connection_id":740}
[2025-12-03 22:21:09] INFO: Клиент отключился | Context: {"connection_id":740,"user_id":null,"remote_address":"127.0.0.1"}
[2025-12-03 22:21:10] WARNING: Превышен лимит подключений с IP | Context: {"ip":"127.0.0.1","connections":5,"connection_id":747}
[2025-12-03 22:21:10] INFO: Клиент отключился | Context: {"connection_id":747,"user_id":null,"remote_address":"127.0.0.1"}
[2025-12-03 22:21:10] WARNING: Превышен лимит подключений с IP | Context: {"ip":"127.0.0.1","connections":5,"connection_id":754}
[2025-12-03 22:21:10] INFO: Клиент отключился | Context: {"connection_id":754,"user_id":null,"remote_address":"127.0.0.1"}
[2025-12-03 22:21:11] WARNING: Превышен лимит подключений с IP | Context: {"ip":"127.0.0.1","connections":5,"connection_id":761}
[2025-12-03 22:21:11] INFO: Клиент отключился | Context: {"connection_id":761,"user_id":null,"remote_address":"127.0.0.1"}
[2025-12-03 22:21:11] WARNING: Превышен лимит подключений с IP | Context: {"ip":"127.0.0.1","connections":5,"connection_id":769}
[2025-12-03 22:21:11] INFO: Клиент отключился | Context: {"connection_id":769,"user_id":null,"remote_address":"127.0.0.1"}
[2025-12-03 22:21:12] WARNING: Превышен лимит подключений с IP | Context: {"ip":"127.0.0.1","connections":5,"connection_id":776}
[2025-12-03 22:21:12] INFO: Клиент отключился | Context: {"connection_id":776,"user_id":null,"remote_address":"127.0.0.1"}
[2025-12-03 22:21:12] WARNING: Превышен лимит подключений с IP | Context: {"ip":"127.0.0.1","connections":5,"connection_id":783}
[2025-12-03 22:21:12] INFO: Клиент отключился | Context: {"connection_id":783,"user_id":null,"remote_address":"127.0.0.1"}
[2025-12-03 22:21:13] WARNING: Превышен лимит подключений с IP | Context: {"ip":"127.0.0.1","connections":5,"connection_id":790}
[2025-12-03 22:21:13] INFO: Клиент отключился | Context: {"connection_id":790,"user_id":null,"remote_address":"127.0.0.1"}
[2025-12-03 22:21:13] WARNING: Превышен лимит подключений с IP | Context: {"ip":"127.0.0.1","connections":5,"connection_id":797}
[2025-12-03 22:21:13] INFO: Клиент отключился | Context: {"connection_id":797,"user_id":null,"remote_address":"127.0.0.1"}
[2025-12-03 22:21:14] WARNING: Превышен лимит подключений с IP | Context: {"ip":"127.0.0.1","connections":5,"connection_id":804}
[2025-12-03 22:21:14] INFO: Клиент отключился | Context: {"connection_id":804,"user_id":null,"remote_address":"127.0.0.1"}
[2025-12-03 22:21:15] WARNING: Превышен лимит подключений с IP | Context: {"ip":"127.0.0.1","connections":5,"connection_id":811}
[2025-12-03 22:21:15] INFO: Клиент отключился | Context: {"connection_id":811,"user_id":null,"remote_address":"127.0.0.1"}
[2025-12-03 22:21:15] WARNING: Превышен лимит подключений с IP | Context: {"ip":"127.0.0.1","connections":5,"connection_id":818}
[2025-12-03 22:21:15] INFO: Клиент отключился | Context: {"connection_id":818,"user_id":null,"remote_address":"127.0.0.1"}
[2025-12-03 22:21:16] WARNING: Превышен лимит подключений с IP | Context: {"ip":"127.0.0.1","connections":5,"connection_id":825}
[2025-12-03 22:21:16] INFO: Клиент отключился | Context: {"connection_id":825,"user_id":null,"remote_address":"127.0.0.1"}
[2025-12-03 22:21:16] WARNING: Превышен лимит подключений с IP | Context: {"ip":"127.0.0.1","connections":5,"connection_id":832}
[2025-12-03 22:21:16] INFO: Клиент отключился | Context: {"connection_id":832,"user_id":null,"remote_address":"127.0.0.1"}
[2025-12-03 22:21:17] WARNING: Превышен лимит подключений с IP | Context: {"ip":"127.0.0.1","connections":5,"connection_id":839}
[2025-12-03 22:21:17] INFO: Клиент отключился | Context: {"connection_id":839,"user_id":null,"remote_address":"127.0.0.1"}
[2025-12-03 22:21:17] WARNING: Превышен лимит подключений с IP | Context: {"ip":"127.0.0.1","connections":5,"connection_id":846}
[2025-12-03 22:21:17] INFO: Клиент отключился | Context: {"connection_id":846,"user_id":null,"remote_address":"127.0.0.1"}
[2025-12-03 22:21:18] WARNING: Превышен лимит подключений с IP | Context: {"ip":"127.0.0.1","connections":5,"connection_id":853}
[2025-12-03 22:21:18] INFO: Клиент отключился | Context: {"connection_id":853,"user_id":null,"remote_address":"127.0.0.1"}
[2025-12-03 22:21:18] WARNING: Превышен лимит подключений с IP | Context: {"ip":"127.0.0.1","connections":5,"connection_id":860}
[2025-12-03 22:21:18] INFO: Клиент отключился | Context: {"connection_id":860,"user_id":null,"remote_address":"127.0.0.1"}
[2025-12-03 22:21:19] WARNING: Превышен лимит подключений с IP | Context: {"ip":"127.0.0.1","connections":5,"connection_id":867}
[2025-12-03 22:21:19] INFO: Клиент отключился | Context: {"connection_id":867,"user_id":null,"remote_address":"127.0.0.1"}
[2025-12-03 22:21:19] WARNING: Превышен лимит подключений с IP | Context: {"ip":"127.0.0.1","connections":5,"connection_id":874}
[2025-12-03 22:21:19] INFO: Клиент отключился | Context: {"connection_id":874,"user_id":null,"remote_address":"127.0.0.1"}
[2025-12-03 22:21:20] WARNING: Превышен лимит подключений с IP | Context: {"ip":"127.0.0.1","connections":5,"connection_id":881}
[2025-12-03 22:21:20] INFO: Клиент отключился | Context: {"connection_id":881,"user_id":null,"remote_address":"127.0.0.1"}
[2025-12-03 22:21:20] WARNING: Превышен лимит подключений с IP | Context: {"ip":"127.0.0.1","connections":5,"connection_id":888}
[2025-12-03 22:21:20] INFO: Клиент отключился | Context: {"connection_id":888,"user_id":null,"remote_address":"127.0.0.1"}
[2025-12-03 22:21:21] WARNING: Превышен лимит подключений с IP | Context: {"ip":"127.0.0.1","connections":5,"connection_id":895}
[2025-12-03 22:21:21] INFO: Клиент отключился | Context: {"connection_id":895,"user_id":null,"remote_address":"127.0.0.1"}
[2025-12-03 22:21:21] WARNING: Превышен лимит подключений с IP | Context: {"ip":"127.0.0.1","connections":5,"connection_id":902}
[2025-12-03 22:21:21] INFO: Клиент отключился | Context: {"connection_id":902,"user_id":null,"remote_address":"127.0.0.1"}
[2025-12-03 22:21:22] WARNING: Превышен лимит подключений с IP | Context: {"ip":"127.0.0.1","connections":5,"connection_id":909}
[2025-12-03 22:21:22] INFO: Клиент отключился | Context: {"connection_id":909,"user_id":null,"remote_address":"127.0.0.1"}
[2025-12-03 22:21:22] WARNING: Превышен лимит подключений с IP | Context: {"ip":"127.0.0.1","connections":5,"connection_id":916}
[2025-12-03 22:21:22] INFO: Клиент отключился | Context: {"connection_id":916,"user_id":null,"remote_address":"127.0.0.1"}
[2025-12-03 22:21:23] WARNING: Превышен лимит подключений с IP | Context: {"ip":"127.0.0.1","connections":5,"connection_id":923}
[2025-12-03 22:21:23] INFO: Клиент отключился | Context: {"connection_id":923,"user_id":null,"remote_address":"127.0.0.1"}
[2025-12-03 22:21:23] WARNING: Превышен лимит подключений с IP | Context: {"ip":"127.0.0.1","connections":5,"connection_id":930}
[2025-12-03 22:21:23] INFO: Клиент отключился | Context: {"connection_id":930,"user_id":null,"remote_address":"127.0.0.1"}
[2025-12-03 22:21:24] WARNING: Превышен лимит подключений с IP | Context: {"ip":"127.0.0.1","connections":5,"connection_id":937}
[2025-12-03 22:21:24] INFO: Клиент отключился | Context: {"connection_id":937,"user_id":null,"remote_address":"127.0.0.1"}
[2025-12-03 22:21:24] WARNING: Превышен лимит подключений с IP | Context: {"ip":"127.0.0.1","connections":5,"connection_id":944}
[2025-12-03 22:21:24] INFO: Клиент отключился | Context: {"connection_id":944,"user_id":null,"remote_address":"127.0.0.1"}
[2025-12-03 22:21:25] WARNING: Превышен лимит подключений с IP | Context: {"ip":"127.0.0.1","connections":5,"connection_id":951}
[2025-12-03 22:21:25] INFO: Клиент отключился | Context: {"connection_id":951,"user_id":null,"remote_address":"127.0.0.1"}
[2025-12-03 22:21:25] WARNING: Превышен лимит подключений с IP | Context: {"ip":"127.0.0.1","connections":5,"connection_id":958}
[2025-12-03 22:21:25] INFO: Клиент отключился | Context: {"connection_id":958,"user_id":null,"remote_address":"127.0.0.1"}
[2025-12-03 22:21:26] WARNING: Превышен лимит подключений с IP | Context: {"ip":"127.0.0.1","connections":5,"connection_id":965}
[2025-12-03 22:21:26] INFO: Клиент отключился | Context: {"connection_id":965,"user_id":null,"remote_address":"127.0.0.1"}
[2025-12-03 22:21:26] WARNING: Превышен лимит подключений с IP | Context: {"ip":"127.0.0.1","connections":5,"connection_id":972}
[2025-12-03 22:21:26] INFO: Клиент отключился | Context: {"connection_id":972,"user_id":null,"remote_address":"127.0.0.1"}
[2025-12-03 22:21:27] WARNING: Превышен лимит подключений с IP | Context: {"ip":"127.0.0.1","connections":5,"connection_id":979}
[2025-12-03 22:21:27] INFO: Клиент отключился | Context: {"connection_id":979,"user_id":null,"remote_address":"127.0.0.1"}
[2025-12-03 22:21:27] WARNING: Превышен лимит подключений с IP | Context: {"ip":"127.0.0.1","connections":5,"connection_id":986}
[2025-12-03 22:21:27] INFO: Клиент отключился | Context: {"connection_id":986,"user_id":null,"remote_address":"127.0.0.1"}
[2025-12-03 22:21:28] WARNING: Превышен лимит подключений с IP | Context: {"ip":"127.0.0.1","connections":5,"connection_id":993}
[2025-12-03 22:21:28] INFO: Клиент отключился | Context: {"connection_id":993,"user_id":null,"remote_address":"127.0.0.1"}
[2025-12-03 22:21:28] WARNING: Превышен лимит подключений с IP | Context: {"ip":"127.0.0.1","connections":5,"connection_id":1000}
[2025-12-03 22:21:28] INFO: Клиент отключился | Context: {"connection_id":1000,"user_id":null,"remote_address":"127.0.0.1"}
[2025-12-03 22:21:29] WARNING: Превышен лимит подключений с IP | Context: {"ip":"127.0.0.1","connections":5,"connection_id":1007}
[2025-12-03 22:21:29] INFO: Клиент отключился | Context: {"connection_id":1007,"user_id":null,"remote_address":"127.0.0.1"}
[2025-12-03 22:21:29] WARNING: Превышен лимит подключений с IP | Context: {"ip":"127.0.0.1","connections":5,"connection_id":1014}
[2025-12-03 22:21:29] INFO: Клиент отключился | Context: {"connection_id":1014,"user_id":null,"remote_address":"127.0.0.1"}
[2025-12-03 22:21:30] WARNING: Превышен лимит подключений с IP | Context: {"ip":"127.0.0.1","connections":5,"connection_id":1021}
[2025-12-03 22:21:30] INFO: Клиент отключился | Context: {"connection_id":1021,"user_id":null,"remote_address":"127.0.0.1"}
[2025-12-03 22:21:30] WARNING: Превышен лимит подключений с IP | Context: {"ip":"127.0.0.1","connections":5,"connection_id":1028}
[2025-12-03 22:21:30] INFO: Клиент отключился | Context: {"connection_id":1028,"user_id":null,"remote_address":"127.0.0.1"}
[2025-12-03 22:21:30] WARNING: Превышен лимит подключений с IP | Context: {"ip":"127.0.0.1","connections":5,"connection_id":1035}
[2025-12-03 22:21:30] INFO: Клиент отключился | Context: {"connection_id":1035,"user_id":null,"remote_address":"127.0.0.1"}
[2025-12-03 22:21:31] WARNING: Превышен лимит подключений с IP | Context: {"ip":"127.0.0.1","connections":5,"connection_id":1042}
[2025-12-03 22:21:31] INFO: Клиент отключился | Context: {"connection_id":1042,"user_id":null,"remote_address":"127.0.0.1"}
[2025-12-03 22:21:31] WARNING: Превышен лимит подключений с IP | Context: {"ip":"127.0.0.1","connections":5,"connection_id":1049}
[2025-12-03 22:21:31] INFO: Клиент отключился | Context: {"connection_id":1049,"user_id":null,"remote_address":"127.0.0.1"}
[2025-12-03 22:21:32] WARNING: Превышен лимит подключений с IP | Context: {"ip":"127.0.0.1","connections":5,"connection_id":1056}
[2025-12-03 22:21:32] INFO: Клиент отключился | Context: {"connection_id":1056,"user_id":null,"remote_address":"127.0.0.1"}
[2025-12-03 22:21:32] WARNING: Превышен лимит подключений с IP | Context: {"ip":"127.0.0.1","connections":5,"connection_id":1063}
[2025-12-03 22:21:32] INFO: Клиент отключился | Context: {"connection_id":1063,"user_id":null,"remote_address":"127.0.0.1"}
[2025-12-03 22:21:32] WARNING: Превышен лимит подключений с IP | Context: {"ip":"127.0.0.1","connections":5,"connection_id":1070}
[2025-12-03 22:21:32] INFO: Клиент отключился | Context: {"connection_id":1070,"user_id":null,"remote_address":"127.0.0.1"}
[2025-12-03 22:21:33] WARNING: Превышен лимит подключений с IP | Context: {"ip":"127.0.0.1","connections":5,"connection_id":1077}
[2025-12-03 22:21:33] INFO: Клиент отключился | Context: {"connection_id":1077,"user_id":null,"remote_address":"127.0.0.1"}
[2025-12-03 22:21:33] WARNING: Превышен лимит подключений с IP | Context: {"ip":"127.0.0.1","connections":5,"connection_id":1084}
[2025-12-03 22:21:33] INFO: Клиент отключился | Context: {"connection_id":1084,"user_id":null,"remote_address":"127.0.0.1"}
[2025-12-03 22:21:33] WARNING: Превышен лимит подключений с IP | Context: {"ip":"127.0.0.1","connections":5,"connection_id":1091}
[2025-12-03 22:21:33] INFO: Клиент отключился | Context: {"connection_id":1091,"user_id":null,"remote_address":"127.0.0.1"}
[2025-12-03 22:21:34] WARNING: Превышен лимит подключений с IP | Context: {"ip":"127.0.0.1","connections":5,"connection_id":1098}
[2025-12-03 22:21:34] INFO: Клиент отключился | Context: {"connection_id":1098,"user_id":null,"remote_address":"127.0.0.1"}
[2025-12-03 22:21:34] WARNING: Превышен лимит подключений с IP | Context: {"ip":"127.0.0.1","connections":5,"connection_id":1105}
[2025-12-03 22:21:34] INFO: Клиент отключился | Context: {"connection_id":1105,"user_id":null,"remote_address":"127.0.0.1"}
[2025-12-03 22:21:34] WARNING: Превышен лимит подключений с IP | Context: {"ip":"127.0.0.1","connections":5,"connection_id":1112}
[2025-12-03 22:21:34] INFO: Клиент отключился | Context: {"connection_id":1112,"user_id":null,"remote_address":"127.0.0.1"}
[2025-12-03 22:21:35] WARNING: Превышен лимит подключений с IP | Context: {"ip":"127.0.0.1","connections":5,"connection_id":1119}
[2025-12-03 22:21:35] INFO: Клиент отключился | Context: {"connection_id":1119,"user_id":null,"remote_address":"127.0.0.1"}
[2025-12-03 22:21:35] WARNING: Превышен лимит подключений с IP | Context: {"ip":"127.0.0.1","connections":5,"connection_id":1126}
[2025-12-03 22:21:35] INFO: Клиент отключился | Context: {"connection_id":1126,"user_id":null,"remote_address":"127.0.0.1"}
[2025-12-03 22:21:35] WARNING: Превышен лимит подключений с IP | Context: {"ip":"127.0.0.1","connections":5,"connection_id":1133}
[2025-12-03 22:21:35] INFO: Клиент отключился | Context: {"connection_id":1133,"user_id":null,"remote_address":"127.0.0.1"}
[2025-12-03 22:21:36] WARNING: Превышен лимит подключений с IP | Context: {"ip":"127.0.0.1","connections":5,"connection_id":1140}
[2025-12-03 22:21:36] INFO: Клиент отключился | Context: {"connection_id":1140,"user_id":null,"remote_address":"127.0.0.1"}
[2025-12-03 22:21:36] WARNING: Превышен лимит подключений с IP | Context: {"ip":"127.0.0.1","connections":5,"connection_id":1147}
[2025-12-03 22:21:36] INFO: Клиент отключился | Context: {"connection_id":1147,"user_id":null,"remote_address":"127.0.0.1"}
[2025-12-03 22:21:36] WARNING: Превышен лимит подключений с IP | Context: {"ip":"127.0.0.1","connections":5,"connection_id":1154}
[2025-12-03 22:21:36] INFO: Клиент отключился | Context: {"connection_id":1154,"user_id":null,"remote_address":"127.0.0.1"}
[2025-12-03 22:21:37] WARNING: Превышен лимит подключений с IP | Context: {"ip":"127.0.0.1","connections":5,"connection_id":1161}
[2025-12-03 22:21:37] INFO: Клиент отключился | Context: {"connection_id":1161,"user_id":null,"remote_address":"127.0.0.1"}
[2025-12-03 22:21:37] WARNING: Превышен лимит подключений с IP | Context: {"ip":"127.0.0.1","connections":5,"connection_id":1168}
[2025-12-03 22:21:37] INFO: Клиент отключился | Context: {"connection_id":1168,"user_id":null,"remote_address":"127.0.0.1"}
[2025-12-03 22:21:37] WARNING: Превышен лимит подключений с IP | Context: {"ip":"127.0.0.1","connections":5,"connection_id":1175}
[2025-12-03 22:21:37] INFO: Клиент отключился | Context: {"connection_id":1175,"user_id":null,"remote_address":"127.0.0.1"}
[2025-12-03 22:21:38] WARNING: Превышен лимит подключений с IP | Context: {"ip":"127.0.0.1","connections":5,"connection_id":1182}
[2025-12-03 22:21:38] INFO: Клиент отключился | Context: {"connection_id":1182,"user_id":null,"remote_address":"127.0.0.1"}
[2025-12-03 22:21:38] WARNING: Превышен лимит подключений с IP | Context: {"ip":"127.0.0.1","connections":5,"connection_id":1189}
[2025-12-03 22:21:38] INFO: Клиент отключился | Context: {"connection_id":1189,"user_id":null,"remote_address":"127.0.0.1"}
[2025-12-03 22:21:38] WARNING: Превышен лимит подключений с IP | Context: {"ip":"127.0.0.1","connections":5,"connection_id":1196}
[2025-12-03 22:21:38] INFO: Клиент отключился | Context: {"connection_id":1196,"user_id":null,"remote_address":"127.0.0.1"}
[2025-12-03 22:21:39] WARNING: Превышен лимит подключений с IP | Context: {"ip":"127.0.0.1","connections":5,"connection_id":1203}
[2025-12-03 22:21:39] INFO: Клиент отключился | Context: {"connection_id":1203,"user_id":null,"remote_address":"127.0.0.1"}
[2025-12-03 22:21:39] WARNING: Превышен лимит подключений с IP | Context: {"ip":"127.0.0.1","connections":5,"connection_id":1210}
[2025-12-03 22:21:39] INFO: Клиент отключился | Context: {"connection_id":1210,"user_id":null,"remote_address":"127.0.0.1"}
[2025-12-03 22:21:39] WARNING: Превышен лимит подключений с IP | Context: {"ip":"127.0.0.1","connections":5,"connection_id":1217}
[2025-12-03 22:21:39] INFO: Клиент отключился | Context: {"connection_id":1217,"user_id":null,"remote_address":"127.0.0.1"}
[2025-12-03 22:21:40] WARNING: Превышен лимит подключений с IP | Context: {"ip":"127.0.0.1","connections":5,"connection_id":1224}
[2025-12-03 22:21:40] INFO: Клиент отключился | Context: {"connection_id":1224,"user_id":null,"remote_address":"127.0.0.1"}
[2025-12-03 22:21:40] WARNING: Превышен лимит подключений с IP | Context: {"ip":"127.0.0.1","connections":5,"connection_id":1231}
[2025-12-03 22:21:40] INFO: Клиент отключился | Context: {"connection_id":1231,"user_id":null,"remote_address":"127.0.0.1"}
[2025-12-03 22:21:40] WARNING: Превышен лимит подключений с IP | Context: {"ip":"127.0.0.1","connections":5,"connection_id":1238}
[2025-12-03 22:21:40] INFO: Клиент отключился | Context: {"connection_id":1238,"user_id":null,"remote_address":"127.0.0.1"}
[2025-12-03 22:21:41] WARNING: Превышен лимит подключений с IP | Context: {"ip":"127.0.0.1","connections":5,"connection_id":1245}
[2025-12-03 22:21:41] INFO: Клиент отключился | Context: {"connection_id":1245,"user_id":null,"remote_address":"127.0.0.1"}
[2025-12-03 22:21:41] WARNING: Превышен лимит подключений с IP | Context: {"ip":"127.0.0.1","connections":5,"connection_id":1252}
[2025-12-03 22:21:41] INFO: Клиент отключился | Context: {"connection_id":1252,"user_id":null,"remote_address":"127.0.0.1"}
[2025-12-03 22:21:41] WARNING: Превышен лимит подключений с IP | Context: {"ip":"127.0.0.1","connections":5,"connection_id":1259}
[2025-12-03 22:21:41] INFO: Клиент отключился | Context: {"connection_id":1259,"user_id":null,"remote_address":"127.0.0.1"}
[2025-12-03 22:21:42] WARNING: Превышен лимит подключений с IP | Context: {"ip":"127.0.0.1","connections":5,"connection_id":1266}
[2025-12-03 22:21:42] INFO: Клиент отключился | Context: {"connection_id":1266,"user_id":null,"remote_address":"127.0.0.1"}
[2025-12-03 22:21:42] WARNING: Превышен лимит подключений с IP | Context: {"ip":"127.0.0.1","connections":5,"connection_id":1273}
[2025-12-03 22:21:42] INFO: Клиент отключился | Context: {"connection_id":1273,"user_id":null,"remote_address":"127.0.0.1"}
[2025-12-03 22:21:42] WARNING: Превышен лимит подключений с IP | Context: {"ip":"127.0.0.1","connections":5,"connection_id":1280}
[2025-12-03 22:21:42] INFO: Клиент отключился | Context: {"connection_id":1280,"user_id":null,"remote_address":"127.0.0.1"}
[2025-12-03 22:21:43] WARNING: Превышен лимит подключений с IP | Context: {"ip":"127.0.0.1","connections":5,"connection_id":1287}
[2025-12-03 22:21:43] INFO: Клиент отключился | Context: {"connection_id":1287,"user_id":null,"remote_address":"127.0.0.1"}
[2025-12-03 22:21:43] WARNING: Превышен лимит подключений с IP | Context: {"ip":"127.0.0.1","connections":5,"connection_id":1294}
[2025-12-03 22:21:43] INFO: Клиент отключился | Context: {"connection_id":1294,"user_id":null,"remote_address":"127.0.0.1"}
[2025-12-03 22:21:47] WARNING: Превышен лимит подключений с IP | Context: {"ip":"127.0.0.1","connections":5,"connection_id":1301}
[2025-12-03 22:21:47] INFO: Клиент отключился | Context: {"connection_id":1301,"user_id":null,"remote_address":"127.0.0.1"}
[2025-12-03 22:21:48] WARNING: Превышен лимит подключений с IP | Context: {"ip":"127.0.0.1","connections":5,"connection_id":1308}
[2025-12-03 22:21:48] INFO: Клиент отключился | Context: {"connection_id":1308,"user_id":null,"remote_address":"127.0.0.1"}
[2025-12-03 22:21:49] WARNING: Превышен лимит подключений с IP | Context: {"ip":"127.0.0.1","connections":5,"connection_id":1315}
[2025-12-03 22:21:49] INFO: Клиент отключился | Context: {"connection_id":1315,"user_id":null,"remote_address":"127.0.0.1"}
[2025-12-03 22:21:50] WARNING: Превышен лимит подключений с IP | Context: {"ip":"127.0.0.1","connections":5,"connection_id":1322}
[2025-12-03 22:21:50] INFO: Клиент отключился | Context: {"connection_id":1322,"user_id":null,"remote_address":"127.0.0.1"}
[2025-12-03 22:22:10] INFO: WebSocket сервер инициализирован | Context: {"logging_enabled":true}
[2025-12-03 22:22:10] INFO: WebSocket сервер запущен | Context: {"ssl_enabled":true,"port":8082,"host":"xn--80af6ao.xn--p1ai","url":"wss:\/\/xn--80af6ao.xn--p1ai:8082"}
[2025-12-03 22:24:32] INFO: WebSocket сервер инициализирован | Context: {"logging_enabled":true}
[2025-12-03 22:24:32] INFO: WebSocket сервер запущен | Context: {"ssl_enabled":true,"port":8082,"host":"xn--80af6ao.xn--p1ai","url":"wss:\/\/xn--80af6ao.xn--p1ai:8082"}
[2025-12-03 22:24:34] INFO: Новое подключение | Context: {"connection_id":68,"remote_address":"127.0.0.1"}
[2025-12-03 22:24:34] DEBUG: Получено сообщение | Context: {"connection_id":68,"user_id":null,"type":"auth"}
[2025-12-03 22:24:34] DEBUG: Попытка аутентификации | Context: {"connection_id":68,"user_id":3,"has_token":true,"token_length":64,"token_preview":"816ef894b8..."}
[2025-12-03 22:24:34] DEBUG: Токен не совпал с session_id, проверяем активную сессию | Context: {"user_id":3,"token_preview":"816ef894b8..."}
[2025-12-03 22:24:34] INFO: Разрешено подключение по активной сессии | Context: {"user_id":3,"has_token":true,"active_sessions":1}
[2025-12-03 22:24:34] DEBUG: Токен аутентификации валиден, продолжаем аутентификацию | Context: {"connection_id":68,"user_id":3}
[2025-12-03 22:24:34] WARNING: Попытка аутентификации неактивного пользователя | Context: {"connection_id":68,"user_id":3}
[2025-12-03 22:24:35] INFO: Клиент отключился | Context: {"connection_id":68,"user_id":null,"remote_address":"127.0.0.1"}
[2025-12-03 22:24:36] INFO: Новое подключение | Context: {"connection_id":122,"remote_address":"127.0.0.1"}
[2025-12-03 22:24:36] DEBUG: Получено сообщение | Context: {"connection_id":122,"user_id":null,"type":"auth"}
[2025-12-03 22:24:36] DEBUG: Попытка аутентификации | Context: {"connection_id":122,"user_id":3,"has_token":true,"token_length":64,"token_preview":"816ef894b8..."}
[2025-12-03 22:24:36] DEBUG: Токен не совпал с session_id, проверяем активную сессию | Context: {"user_id":3,"token_preview":"816ef894b8..."}
[2025-12-03 22:24:36] INFO: Разрешено подключение по активной сессии | Context: {"user_id":3,"has_token":true,"active_sessions":1}
[2025-12-03 22:24:36] DEBUG: Токен аутентификации валиден, продолжаем аутентификацию | Context: {"connection_id":122,"user_id":3}
[2025-12-03 22:24:36] WARNING: Попытка аутентификации неактивного пользователя | Context: {"connection_id":122,"user_id":3}
[2025-12-03 22:25:07] INFO: Клиент отключился | Context: {"connection_id":122,"user_id":null,"remote_address":"127.0.0.1"}
[2025-12-03 22:25:16] INFO: Новое подключение | Context: {"connection_id":141,"remote_address":"127.0.0.1"}
[2025-12-03 22:25:16] DEBUG: Получено сообщение | Context: {"connection_id":141,"user_id":null,"type":"auth"}
[2025-12-03 22:25:16] DEBUG: Попытка аутентификации | Context: {"connection_id":141,"user_id":3,"has_token":true,"token_length":64,"token_preview":"816ef894b8..."}
[2025-12-03 22:25:16] DEBUG: Токен не совпал с session_id, проверяем активную сессию | Context: {"user_id":3,"token_preview":"816ef894b8..."}
[2025-12-03 22:25:16] INFO: Разрешено подключение по активной сессии | Context: {"user_id":3,"has_token":true,"active_sessions":1}
[2025-12-03 22:25:16] DEBUG: Токен аутентификации валиден, продолжаем аутентификацию | Context: {"connection_id":141,"user_id":3}
[2025-12-03 22:25:16] WARNING: Попытка аутентификации неактивного пользователя | Context: {"connection_id":141,"user_id":3}
[2025-12-03 22:31:22] INFO: Клиент отключился | Context: {"connection_id":141,"user_id":null,"remote_address":"127.0.0.1"}
[2025-12-03 22:31:23] INFO: Новое подключение | Context: {"connection_id":160,"remote_address":"127.0.0.1"}
[2025-12-03 22:31:23] DEBUG: Получено сообщение | Context: {"connection_id":160,"user_id":null,"type":"auth"}
[2025-12-03 22:31:23] DEBUG: Попытка аутентификации | Context: {"connection_id":160,"user_id":3,"has_token":true,"token_length":64,"token_preview":"816ef894b8..."}
[2025-12-03 22:31:23] DEBUG: Токен не совпал с session_id, проверяем активную сессию | Context: {"user_id":3,"token_preview":"816ef894b8..."}
[2025-12-03 22:31:23] INFO: Разрешено подключение по активной сессии | Context: {"user_id":3,"has_token":true,"active_sessions":1}
[2025-12-03 22:31:23] DEBUG: Токен аутентификации валиден, продолжаем аутентификацию | Context: {"connection_id":160,"user_id":3}
[2025-12-03 22:31:23] WARNING: Попытка аутентификации неактивного пользователя | Context: {"connection_id":160,"user_id":3}
[2025-12-03 22:31:55] INFO: Клиент отключился | Context: {"connection_id":160,"user_id":null,"remote_address":"127.0.0.1"}
[2025-12-03 22:31:58] INFO: Новое подключение | Context: {"connection_id":179,"remote_address":"127.0.0.1"}
[2025-12-03 22:31:58] DEBUG: Получено сообщение | Context: {"connection_id":179,"user_id":null,"type":"auth"}
[2025-12-03 22:31:58] DEBUG: Попытка аутентификации | Context: {"connection_id":179,"user_id":3,"has_token":true,"token_length":64,"token_preview":"816ef894b8..."}
[2025-12-03 22:31:58] DEBUG: Токен не совпал с session_id, проверяем активную сессию | Context: {"user_id":3,"token_preview":"816ef894b8..."}
[2025-12-03 22:31:58] INFO: Разрешено подключение по активной сессии | Context: {"user_id":3,"has_token":true,"active_sessions":1}
[2025-12-03 22:31:58] DEBUG: Токен аутентификации валиден, продолжаем аутентификацию | Context: {"connection_id":179,"user_id":3}
[2025-12-03 22:31:58] WARNING: Попытка аутентификации неактивного пользователя | Context: {"connection_id":179,"user_id":3}
[2025-12-03 22:32:48] INFO: Клиент отключился | Context: {"connection_id":179,"user_id":null,"remote_address":"127.0.0.1"}
[2025-12-03 22:32:48] INFO: Новое подключение | Context: {"connection_id":198,"remote_address":"127.0.0.1"}
[2025-12-03 22:32:48] DEBUG: Получено сообщение | Context: {"connection_id":198,"user_id":null,"type":"auth"}
[2025-12-03 22:32:48] DEBUG: Попытка аутентификации | Context: {"connection_id":198,"user_id":3,"has_token":true,"token_length":64,"token_preview":"816ef894b8..."}
[2025-12-03 22:32:48] DEBUG: Токен не совпал с session_id, проверяем активную сессию | Context: {"user_id":3,"token_preview":"816ef894b8..."}
[2025-12-03 22:32:48] INFO: Разрешено подключение по активной сессии | Context: {"user_id":3,"has_token":true,"active_sessions":1}
[2025-12-03 22:32:48] DEBUG: Токен аутентификации валиден, продолжаем аутентификацию | Context: {"connection_id":198,"user_id":3}
[2025-12-03 22:32:48] WARNING: Попытка аутентификации неактивного пользователя | Context: {"connection_id":198,"user_id":3}
[2025-12-03 22:33:48] INFO: Клиент отключился | Context: {"connection_id":198,"user_id":null,"remote_address":"127.0.0.1"}
[2025-12-03 22:33:48] INFO: Новое подключение | Context: {"connection_id":217,"remote_address":"127.0.0.1"}
[2025-12-03 22:33:48] DEBUG: Получено сообщение | Context: {"connection_id":217,"user_id":null,"type":"auth"}
[2025-12-03 22:33:48] DEBUG: Попытка аутентификации | Context: {"connection_id":217,"user_id":3,"has_token":true,"token_length":64,"token_preview":"816ef894b8..."}
[2025-12-03 22:33:48] DEBUG: Токен не совпал с session_id, проверяем активную сессию | Context: {"user_id":3,"token_preview":"816ef894b8..."}
[2025-12-03 22:33:48] INFO: Разрешено подключение по активной сессии | Context: {"user_id":3,"has_token":true,"active_sessions":1}
[2025-12-03 22:33:48] DEBUG: Токен аутентификации валиден, продолжаем аутентификацию | Context: {"connection_id":217,"user_id":3}
[2025-12-03 22:33:48] WARNING: Попытка аутентификации неактивного пользователя | Context: {"connection_id":217,"user_id":3}
[2025-12-03 22:33:50] INFO: Клиент отключился | Context: {"connection_id":217,"user_id":null,"remote_address":"127.0.0.1"}
[2025-12-03 22:33:50] INFO: Новое подключение | Context: {"connection_id":236,"remote_address":"127.0.0.1"}
[2025-12-03 22:33:50] DEBUG: Получено сообщение | Context: {"connection_id":236,"user_id":null,"type":"auth"}
[2025-12-03 22:33:50] DEBUG: Попытка аутентификации | Context: {"connection_id":236,"user_id":3,"has_token":true,"token_length":64,"token_preview":"816ef894b8..."}
[2025-12-03 22:33:50] DEBUG: Токен не совпал с session_id, проверяем активную сессию | Context: {"user_id":3,"token_preview":"816ef894b8..."}
[2025-12-03 22:33:50] INFO: Разрешено подключение по активной сессии | Context: {"user_id":3,"has_token":true,"active_sessions":1}
[2025-12-03 22:33:50] DEBUG: Токен аутентификации валиден, продолжаем аутентификацию | Context: {"connection_id":236,"user_id":3}
[2025-12-03 22:33:50] WARNING: Попытка аутентификации неактивного пользователя | Context: {"connection_id":236,"user_id":3}
[2025-12-03 22:33:52] INFO: Клиент отключился | Context: {"connection_id":236,"user_id":null,"remote_address":"127.0.0.1"}
[2025-12-03 22:33:52] INFO: Новое подключение | Context: {"connection_id":255,"remote_address":"127.0.0.1"}
[2025-12-03 22:33:52] DEBUG: Получено сообщение | Context: {"connection_id":255,"user_id":null,"type":"auth"}
[2025-12-03 22:33:52] DEBUG: Попытка аутентификации | Context: {"connection_id":255,"user_id":3,"has_token":true,"token_length":64,"token_preview":"816ef894b8..."}
[2025-12-03 22:33:52] DEBUG: Токен не совпал с session_id, проверяем активную сессию | Context: {"user_id":3,"token_preview":"816ef894b8..."}
[2025-12-03 22:33:52] INFO: Разрешено подключение по активной сессии | Context: {"user_id":3,"has_token":true,"active_sessions":1}
[2025-12-03 22:33:52] DEBUG: Токен аутентификации валиден, продолжаем аутентификацию | Context: {"connection_id":255,"user_id":3}
[2025-12-03 22:33:52] WARNING: Попытка аутентификации неактивного пользователя | Context: {"connection_id":255,"user_id":3}
[2025-12-03 22:33:53] INFO: Клиент отключился | Context: {"connection_id":255,"user_id":null,"remote_address":"127.0.0.1"}
[2025-12-03 22:33:53] INFO: Новое подключение | Context: {"connection_id":274,"remote_address":"127.0.0.1"}
[2025-12-03 22:33:53] DEBUG: Получено сообщение | Context: {"connection_id":274,"user_id":null,"type":"auth"}
[2025-12-03 22:33:53] DEBUG: Попытка аутентификации | Context: {"connection_id":274,"user_id":3,"has_token":true,"token_length":64,"token_preview":"816ef894b8..."}
[2025-12-03 22:33:53] DEBUG: Токен не совпал с session_id, проверяем активную сессию | Context: {"user_id":3,"token_preview":"816ef894b8..."}
[2025-12-03 22:33:53] INFO: Разрешено подключение по активной сессии | Context: {"user_id":3,"has_token":true,"active_sessions":1}
[2025-12-03 22:33:53] DEBUG: Токен аутентификации валиден, продолжаем аутентификацию | Context: {"connection_id":274,"user_id":3}
[2025-12-03 22:33:53] WARNING: Попытка аутентификации неактивного пользователя | Context: {"connection_id":274,"user_id":3}
[2025-12-03 22:33:53] INFO: Клиент отключился | Context: {"connection_id":274,"user_id":null,"remote_address":"127.0.0.1"}
[2025-12-03 22:33:53] INFO: Новое подключение | Context: {"connection_id":293,"remote_address":"127.0.0.1"}
[2025-12-03 22:33:53] DEBUG: Получено сообщение | Context: {"connection_id":293,"user_id":null,"type":"auth"}
[2025-12-03 22:33:53] DEBUG: Попытка аутентификации | Context: {"connection_id":293,"user_id":3,"has_token":true,"token_length":64,"token_preview":"816ef894b8..."}
[2025-12-03 22:33:53] DEBUG: Токен не совпал с session_id, проверяем активную сессию | Context: {"user_id":3,"token_preview":"816ef894b8..."}
[2025-12-03 22:33:53] INFO: Разрешено подключение по активной сессии | Context: {"user_id":3,"has_token":true,"active_sessions":1}
[2025-12-03 22:33:53] DEBUG: Токен аутентификации валиден, продолжаем аутентификацию | Context: {"connection_id":293,"user_id":3}
[2025-12-03 22:33:53] WARNING: Попытка аутентификации неактивного пользователя | Context: {"connection_id":293,"user_id":3}
[2025-12-03 22:34:07] INFO: WebSocket сервер инициализирован | Context: {"logging_enabled":true}
[2025-12-03 22:34:07] INFO: WebSocket сервер запущен | Context: {"ssl_enabled":true,"port":8082,"host":"xn--80af6ao.xn--p1ai","url":"wss:\/\/xn--80af6ao.xn--p1ai:8082"}
[2025-12-03 22:34:09] INFO: Новое подключение | Context: {"connection_id":68,"remote_address":"127.0.0.1"}
[2025-12-03 22:34:09] DEBUG: Получено сообщение | Context: {"connection_id":68,"user_id":null,"type":"auth"}
[2025-12-03 22:34:09] INFO: Пользователь аутентифицирован | Context: {"connection_id":68,"user_id":3,"user_email":"Admin1@example.com","total_connections":1,"ip":"127.0.0.1"}
[2025-12-03 22:34:09] INFO: Отправка подтверждения аутентификации | Context: {"connection_id":68,"user_id":3}
[2025-12-03 22:34:09] DEBUG: Получено сообщение | Context: {"connection_id":68,"user_id":3,"type":"get_unread_counts"}
[2025-12-03 22:34:09] DEBUG: Запрос счетчиков непрочитанных | Context: {"connection_id":68,"user_id":3}
[2025-12-03 22:34:10] DEBUG: Периодическое обновление счетчиков | Context: {"users_count":1}
[2025-12-03 22:34:10] DEBUG: Обновление счетчиков непрочитанных | Context: {"user_id":3}
[2025-12-03 22:34:13] DEBUG: Периодическое обновление счетчиков | Context: {"users_count":1}
[2025-12-03 22:34:13] DEBUG: Обновление счетчиков непрочитанных | Context: {"user_id":3}
[2025-12-03 22:34:15] DEBUG: Получено сообщение | Context: {"connection_id":68,"user_id":3,"type":"subscribe_chat"}
[2025-12-03 22:34:15] INFO: Подписка на чат | Context: {"connection_id":68,"user_id":3,"chat_type":"transaction","chat_id":1,"chat_key":"transaction_1","total_subscribers":1}
[2025-12-03 22:34:15] DEBUG: Получено сообщение | Context: {"connection_id":68,"user_id":3,"type":"mark_read"}
[2025-12-03 22:34:15] INFO: Сообщения отмечены как прочитанные | Context: {"connection_id":68,"user_id":3,"chat_type":"transaction","chat_id":1}
[2025-12-03 22:34:15] DEBUG: Обновление счетчиков непрочитанных | Context: {"user_id":3}
[2025-12-03 22:34:15] DEBUG: Получено сообщение | Context: {"connection_id":68,"user_id":3,"type":"get_unread_counts"}
[2025-12-03 22:34:15] DEBUG: Запрос счетчиков непрочитанных | Context: {"connection_id":68,"user_id":3}
[2025-12-03 22:34:16] DEBUG: Получено сообщение | Context: {"connection_id":68,"user_id":3,"type":"get_unread_counts"}
[2025-12-03 22:34:16] DEBUG: Запрос счетчиков непрочитанных | Context: {"connection_id":68,"user_id":3}
[2025-12-03 22:34:16] DEBUG: Периодическое обновление счетчиков | Context: {"users_count":1}
[2025-12-03 22:34:16] DEBUG: Обновление счетчиков непрочитанных | Context: {"user_id":3}
[2025-12-03 22:34:17] WARNING: Ошибки валидации входных данных | Context: {"connection_id":68,"user_id":3,"type":"confirm_transaction","errors":["Не указан chat_id или он не является числом"]}
[2025-12-03 22:34:19] DEBUG: Периодическое обновление счетчиков | Context: {"users_count":1}
[2025-12-03 22:34:19] DEBUG: Обновление счетчиков непрочитанных | Context: {"user_id":3}
[2025-12-03 22:34:22] DEBUG: Периодическое обновление счетчиков | Context: {"users_count":1}
[2025-12-03 22:34:22] DEBUG: Обновление счетчиков непрочитанных | Context: {"user_id":3}
[2025-12-03 22:34:25] DEBUG: Периодическое обновление счетчиков | Context: {"users_count":1}
[2025-12-03 22:34:27] DEBUG: Обновление счетчиков непрочитанных | Context: {"user_id":3}
[2025-12-03 22:34:28] DEBUG: Периодическое обновление счетчиков | Context: {"users_count":1}
[2025-12-03 22:34:28] DEBUG: Обновление счетчиков непрочитанных | Context: {"user_id":3}
[2025-12-03 22:34:29] DEBUG: Получено сообщение | Context: {"connection_id":68,"user_id":3,"type":"send_message"}
[2025-12-03 22:34:29] INFO: Отправка сообщения через WebSocket | Context: {"connection_id":68,"user_id":3,"chat_type":"transaction","chat_id":1,"message_id":2,"message_length":3,"chat_key":"transaction_1"}
[2025-12-03 22:34:29] DEBUG: Начало рассылки сообщения | Context: {"chat_key":"transaction_1","subscribers_count":1,"exclude_user_id":3}
[2025-12-03 22:34:29] DEBUG: Пропуск отправителя | Context: {"chat_key":"transaction_1","user_id":3}
[2025-12-03 22:34:29] INFO: Рассылка сообщения в чат завершена | Context: {"chat_key":"transaction_1","sent":0,"errors":0,"exclude_user_id":3}
[2025-12-03 22:34:29] DEBUG: Обновление счетчиков непрочитанных | Context: {"user_id":3}
[2025-12-03 22:34:29] DEBUG: Обновление счетчиков непрочитанных | Context: {"user_id":1}
[2025-12-03 22:34:29] DEBUG: Получено сообщение | Context: {"connection_id":68,"user_id":3,"type":"get_unread_counts"}
[2025-12-03 22:34:29] DEBUG: Запрос счетчиков непрочитанных | Context: {"connection_id":68,"user_id":3}
[2025-12-03 22:34:31] DEBUG: Получено сообщение | Context: {"connection_id":68,"user_id":3,"type":"send_message"}
[2025-12-03 22:34:31] INFO: Отправка сообщения через WebSocket | Context: {"connection_id":68,"user_id":3,"chat_type":"transaction","chat_id":1,"message_id":3,"message_length":4,"chat_key":"transaction_1"}
[2025-12-03 22:34:31] DEBUG: Начало рассылки сообщения | Context: {"chat_key":"transaction_1","subscribers_count":1,"exclude_user_id":3}
[2025-12-03 22:34:31] DEBUG: Пропуск отправителя | Context: {"chat_key":"transaction_1","user_id":3}
[2025-12-03 22:34:31] INFO: Рассылка сообщения в чат завершена | Context: {"chat_key":"transaction_1","sent":0,"errors":0,"exclude_user_id":3}
[2025-12-03 22:34:31] DEBUG: Обновление счетчиков непрочитанных | Context: {"user_id":3}
[2025-12-03 22:34:31] DEBUG: Обновление счетчиков непрочитанных | Context: {"user_id":1}
[2025-12-03 22:34:31] DEBUG: Получено сообщение | Context: {"connection_id":68,"user_id":3,"type":"get_unread_counts"}
[2025-12-03 22:34:31] DEBUG: Запрос счетчиков непрочитанных | Context: {"connection_id":68,"user_id":3}
[2025-12-03 22:34:31] DEBUG: Периодическое обновление счетчиков | Context: {"users_count":1}
[2025-12-03 22:34:31] DEBUG: Обновление счетчиков непрочитанных | Context: {"user_id":3}
[2025-12-03 22:34:34] DEBUG: Периодическое обновление счетчиков | Context: {"users_count":1}
[2025-12-03 22:34:34] DEBUG: Обновление счетчиков непрочитанных | Context: {"user_id":3}
[2025-12-03 22:34:37] DEBUG: Периодическое обновление счетчиков | Context: {"users_count":1}
[2025-12-03 22:34:37] DEBUG: Обновление счетчиков непрочитанных | Context: {"user_id":3}
[2025-12-03 22:34:40] DEBUG: Периодическое обновление счетчиков | Context: {"users_count":1}
[2025-12-03 22:34:40] DEBUG: Обновление счетчиков непрочитанных | Context: {"user_id":3}
[2025-12-03 22:34:43] DEBUG: Периодическое обновление счетчиков | Context: {"users_count":1}
[2025-12-03 22:34:43] DEBUG: Обновление счетчиков непрочитанных | Context: {"user_id":3}
[2025-12-03 22:34:46] DEBUG: Периодическое обновление счетчиков | Context: {"users_count":1}
[2025-12-03 22:34:46] DEBUG: Обновление счетчиков непрочитанных | Context: {"user_id":3}
[2025-12-03 22:34:49] DEBUG: Периодическое обновление счетчиков | Context: {"users_count":1}
[2025-12-03 22:34:49] DEBUG: Обновление счетчиков непрочитанных | Context: {"user_id":3}
[2025-12-03 22:34:52] DEBUG: Периодическое обновление счетчиков | Context: {"users_count":1}
[2025-12-03 22:34:52] DEBUG: Обновление счетчиков непрочитанных | Context: {"user_id":3}
[2025-12-03 22:34:55] DEBUG: Периодическое обновление счетчиков | Context: {"users_count":1}
[2025-12-03 22:34:55] DEBUG: Обновление счетчиков непрочитанных | Context: {"user_id":3}
[2025-12-03 22:34:56] DEBUG: Получено сообщение | Context: {"connection_id":68,"user_id":3,"type":"unsubscribe_chat"}
[2025-12-03 22:34:56] INFO: Отписка от чата | Context: {"connection_id":68,"user_id":3,"chat_type":"transaction","chat_id":1,"chat_key":"transaction_1"}
[2025-12-03 22:34:56] INFO: Клиент отключился | Context: {"connection_id":68,"user_id":3,"remote_address":"127.0.0.1"}
[2025-12-03 22:34:58] INFO: Новое подключение | Context: {"connection_id":251,"remote_address":"127.0.0.1"}
[2025-12-03 22:34:58] DEBUG: Получено сообщение | Context: {"connection_id":251,"user_id":null,"type":"auth"}
[2025-12-03 22:34:58] INFO: Пользователь аутентифицирован | Context: {"connection_id":251,"user_id":3,"user_email":"Admin1@example.com","total_connections":1,"ip":"127.0.0.1"}
[2025-12-03 22:34:58] INFO: Отправка подтверждения аутентификации | Context: {"connection_id":251,"user_id":3}
[2025-12-03 22:34:58] DEBUG: Получено сообщение | Context: {"connection_id":251,"user_id":3,"type":"get_unread_counts"}
[2025-12-03 22:34:58] DEBUG: Запрос счетчиков непрочитанных | Context: {"connection_id":251,"user_id":3}
[2025-12-03 22:34:58] DEBUG: Получено сообщение | Context: {"connection_id":251,"user_id":3,"type":"mark_read"}
[2025-12-03 22:34:58] INFO: Сообщения отмечены как прочитанные | Context: {"connection_id":251,"user_id":3,"chat_type":"transaction","chat_id":1}
[2025-12-03 22:34:58] DEBUG: Обновление счетчиков непрочитанных | Context: {"user_id":3}
[2025-12-03 22:34:58] DEBUG: Получено сообщение | Context: {"connection_id":251,"user_id":3,"type":"get_unread_counts"}
[2025-12-03 22:34:58] DEBUG: Запрос счетчиков непрочитанных | Context: {"connection_id":251,"user_id":3}
[2025-12-03 22:34:58] DEBUG: Периодическое обновление счетчиков | Context: {"users_count":1}
[2025-12-03 22:34:58] DEBUG: Обновление счетчиков непрочитанных | Context: {"user_id":3}
[2025-12-03 22:34:58] DEBUG: Получено сообщение | Context: {"connection_id":251,"user_id":3,"type":"get_unread_counts"}
[2025-12-03 22:34:58] DEBUG: Запрос счетчиков непрочитанных | Context: {"connection_id":251,"user_id":3}
[2025-12-03 22:35:01] DEBUG: Периодическое обновление счетчиков | Context: {"users_count":1}
[2025-12-03 22:35:01] DEBUG: Обновление счетчиков непрочитанных | Context: {"user_id":3}
[2025-12-03 22:35:04] DEBUG: Периодическое обновление счетчиков | Context: {"users_count":1}
[2025-12-03 22:35:04] DEBUG: Обновление счетчиков непрочитанных | Context: {"user_id":3}
[2025-12-03 22:35:07] DEBUG: Периодическое обновление счетчиков | Context: {"users_count":1}
[2025-12-03 22:35:07] DEBUG: Обновление счетчиков непрочитанных | Context: {"user_id":3}
[2025-12-03 22:35:10] DEBUG: Периодическое обновление счетчиков | Context: {"users_count":1}
[2025-12-03 22:35:10] DEBUG: Обновление счетчиков непрочитанных | Context: {"user_id":3}
[2025-12-03 22:35:13] DEBUG: Периодическое обновление счетчиков | Context: {"users_count":1}
[2025-12-03 22:35:13] DEBUG: Обновление счетчиков непрочитанных | Context: {"user_id":3}
[2025-12-03 22:35:16] DEBUG: Периодическое обновление счетчиков | Context: {"users_count":1}
[2025-12-03 22:35:16] DEBUG: Обновление счетчиков непрочитанных | Context: {"user_id":3}
[2025-12-03 22:35:19] DEBUG: Периодическое обновление счетчиков | Context: {"users_count":1}
[2025-12-03 22:35:19] DEBUG: Обновление счетчиков непрочитанных | Context: {"user_id":3}
[2025-12-03 22:35:22] DEBUG: Периодическое обновление счетчиков | Context: {"users_count":1}
[2025-12-03 22:35:22] DEBUG: Обновление счетчиков непрочитанных | Context: {"user_id":3}
[2025-12-03 22:35:25] DEBUG: Периодическое обновление счетчиков | Context: {"users_count":1}
[2025-12-03 22:35:25] DEBUG: Обновление счетчиков непрочитанных | Context: {"user_id":3}
[2025-12-03 22:35:28] DEBUG: Периодическое обновление счетчиков | Context: {"users_count":1}
[2025-12-03 22:35:28] DEBUG: Обновление счетчиков непрочитанных | Context: {"user_id":3}
[2025-12-03 22:35:31] DEBUG: Периодическое обновление счетчиков | Context: {"users_count":1}
[2025-12-03 22:35:31] DEBUG: Обновление счетчиков непрочитанных | Context: {"user_id":3}
[2025-12-03 22:35:34] DEBUG: Периодическое обновление счетчиков | Context: {"users_count":1}
[2025-12-03 22:35:34] DEBUG: Обновление счетчиков непрочитанных | Context: {"user_id":3}
[2025-12-03 22:35:37] DEBUG: Периодическое обновление счетчиков | Context: {"users_count":1}
[2025-12-03 22:35:37] DEBUG: Обновление счетчиков непрочитанных | Context: {"user_id":3}
[2025-12-03 22:35:40] DEBUG: Периодическое обновление счетчиков | Context: {"users_count":1}
[2025-12-03 22:35:40] DEBUG: Обновление счетчиков непрочитанных | Context: {"user_id":3}
[2025-12-03 22:35:43] DEBUG: Периодическое обновление счетчиков | Context: {"users_count":1}
[2025-12-03 22:35:43] DEBUG: Обновление счетчиков непрочитанных | Context: {"user_id":3}
[2025-12-03 22:35:46] DEBUG: Периодическое обновление счетчиков | Context: {"users_count":1}
[2025-12-03 22:35:46] DEBUG: Обновление счетчиков непрочитанных | Context: {"user_id":3}
[2025-12-03 22:35:49] DEBUG: Периодическое обновление счетчиков | Context: {"users_count":1}
[2025-12-03 22:35:49] DEBUG: Обновление счетчиков непрочитанных | Context: {"user_id":3}
[2025-12-03 22:35:52] DEBUG: Периодическое обновление счетчиков | Context: {"users_count":1}
[2025-12-03 22:35:52] DEBUG: Обновление счетчиков непрочитанных | Context: {"user_id":3}
[2025-12-03 22:35:55] DEBUG: Периодическое обновление счетчиков | Context: {"users_count":1}
[2025-12-03 22:35:55] DEBUG: Обновление счетчиков непрочитанных | Context: {"user_id":3}
[2025-12-03 22:35:58] DEBUG: Периодическое обновление счетчиков | Context: {"users_count":1}
[2025-12-03 22:35:58] DEBUG: Обновление счетчиков непрочитанных | Context: {"user_id":3}
[2025-12-03 22:36:01] DEBUG: Периодическое обновление счетчиков | Context: {"users_count":1}
[2025-12-03 22:36:01] DEBUG: Обновление счетчиков непрочитанных | Context: {"user_id":3}
[2025-12-03 22:36:04] DEBUG: Периодическое обновление счетчиков | Context: {"users_count":1}
[2025-12-03 22:36:04] DEBUG: Обновление счетчиков непрочитанных | Context: {"user_id":3}
[2025-12-03 22:36:07] DEBUG: Периодическое обновление счетчиков | Context: {"users_count":1}
[2025-12-03 22:36:07] DEBUG: Обновление счетчиков непрочитанных | Context: {"user_id":3}
[2025-12-03 22:36:10] DEBUG: Периодическое обновление счетчиков | Context: {"users_count":1}
[2025-12-03 22:36:10] DEBUG: Обновление счетчиков непрочитанных | Context: {"user_id":3}
[2025-12-03 22:36:13] DEBUG: Периодическое обновление счетчиков | Context: {"users_count":1}
[2025-12-03 22:36:13] DEBUG: Обновление счетчиков непрочитанных | Context: {"user_id":3}
[2025-12-03 22:36:16] DEBUG: Периодическое обновление счетчиков | Context: {"users_count":1}
[2025-12-03 22:36:16] DEBUG: Обновление счетчиков непрочитанных | Context: {"user_id":3}
[2025-12-03 22:36:19] DEBUG: Периодическое обновление счетчиков | Context: {"users_count":1}
[2025-12-03 22:36:19] DEBUG: Обновление счетчиков непрочитанных | Context: {"user_id":3}
[2025-12-03 22:36:22] DEBUG: Периодическое обновление счетчиков | Context: {"users_count":1}
[2025-12-03 22:36:22] DEBUG: Обновление счетчиков непрочитанных | Context: {"user_id":3}
[2025-12-03 22:36:26] DEBUG: Периодическое обновление счетчиков | Context: {"users_count":1}
[2025-12-03 22:36:26] DEBUG: Обновление счетчиков непрочитанных | Context: {"user_id":3}
[2025-12-03 22:36:26] INFO: Клиент отключился | Context: {"connection_id":251,"user_id":3,"remote_address":"127.0.0.1"}
[2025-12-03 22:36:39] INFO: Новое подключение | Context: {"connection_id":402,"remote_address":"127.0.0.1"}
[2025-12-03 22:36:39] DEBUG: Получено сообщение | Context: {"connection_id":402,"user_id":null,"type":"auth"}
[2025-12-03 22:36:39] INFO: Пользователь аутентифицирован | Context: {"connection_id":402,"user_id":3,"user_email":"Admin1@example.com","total_connections":1,"ip":"127.0.0.1"}
[2025-12-03 22:36:39] INFO: Отправка подтверждения аутентификации | Context: {"connection_id":402,"user_id":3}
[2025-12-03 22:36:39] DEBUG: Получено сообщение | Context: {"connection_id":402,"user_id":3,"type":"get_unread_counts"}
[2025-12-03 22:36:39] DEBUG: Запрос счетчиков непрочитанных | Context: {"connection_id":402,"user_id":3}
[2025-12-03 22:36:40] DEBUG: Получено сообщение | Context: {"connection_id":402,"user_id":3,"type":"mark_read"}
[2025-12-03 22:36:40] INFO: Сообщения отмечены как прочитанные | Context: {"connection_id":402,"user_id":3,"chat_type":"transaction","chat_id":1}
[2025-12-03 22:36:40] DEBUG: Обновление счетчиков непрочитанных | Context: {"user_id":3}
[2025-12-03 22:36:40] DEBUG: Получено сообщение | Context: {"connection_id":402,"user_id":3,"type":"get_unread_counts"}
[2025-12-03 22:36:40] DEBUG: Запрос счетчиков непрочитанных | Context: {"connection_id":402,"user_id":3}
[2025-12-03 22:36:40] DEBUG: Получено сообщение | Context: {"connection_id":402,"user_id":3,"type":"get_unread_counts"}
[2025-12-03 22:36:40] DEBUG: Запрос счетчиков непрочитанных | Context: {"connection_id":402,"user_id":3}
[2025-12-03 22:36:41] DEBUG: Периодическое обновление счетчиков | Context: {"users_count":1}
[2025-12-03 22:36:41] DEBUG: Обновление счетчиков непрочитанных | Context: {"user_id":3}
[2025-12-03 22:36:41] WARNING: Ошибки валидации входных данных | Context: {"connection_id":402,"user_id":3,"type":"confirm_transaction","errors":["Не указан chat_id или он не является числом"]}
[2025-12-03 22:36:44] DEBUG: Периодическое обновление счетчиков | Context: {"users_count":1}
[2025-12-03 22:36:44] DEBUG: Обновление счетчиков непрочитанных | Context: {"user_id":3}
[2025-12-03 22:36:47] DEBUG: Периодическое обновление счетчиков | Context: {"users_count":1}
[2025-12-03 22:36:47] DEBUG: Обновление счетчиков непрочитанных | Context: {"user_id":3}
[2025-12-03 22:36:50] DEBUG: Периодическое обновление счетчиков | Context: {"users_count":1}
[2025-12-03 22:36:50] DEBUG: Обновление счетчиков непрочитанных | Context: {"user_id":3}
[2025-12-03 22:36:53] DEBUG: Периодическое обновление счетчиков | Context: {"users_count":1}
[2025-12-03 22:36:53] DEBUG: Обновление счетчиков непрочитанных | Context: {"user_id":3}
[2025-12-03 22:36:56] DEBUG: Периодическое обновление счетчиков | Context: {"users_count":1}
[2025-12-03 22:36:56] DEBUG: Обновление счетчиков непрочитанных | Context: {"user_id":3}
[2025-12-03 22:36:59] DEBUG: Периодическое обновление счетчиков | Context: {"users_count":1}
[2025-12-03 22:36:59] DEBUG: Обновление счетчиков непрочитанных | Context: {"user_id":3}
[2025-12-03 22:37:02] DEBUG: Периодическое обновление счетчиков | Context: {"users_count":1}
[2025-12-03 22:37:02] DEBUG: Обновление счетчиков непрочитанных | Context: {"user_id":3}
[2025-12-03 22:37:05] DEBUG: Периодическое обновление счетчиков | Context: {"users_count":1}
[2025-12-03 22:37:05] DEBUG: Обновление счетчиков непрочитанных | Context: {"user_id":3}
[2025-12-03 22:37:08] DEBUG: Периодическое обновление счетчиков | Context: {"users_count":1}
[2025-12-03 22:37:08] DEBUG: Обновление счетчиков непрочитанных | Context: {"user_id":3}
[2025-12-03 22:37:10] INFO: Клиент отключился | Context: {"connection_id":402,"user_id":3,"remote_address":"127.0.0.1"}
[2025-12-03 22:37:11] INFO: Новое подключение | Context: {"connection_id":475,"remote_address":"127.0.0.1"}
[2025-12-03 22:37:11] DEBUG: Получено сообщение | Context: {"connection_id":475,"user_id":null,"type":"auth"}
[2025-12-03 22:37:11] INFO: Пользователь аутентифицирован | Context: {"connection_id":475,"user_id":3,"user_email":"Admin1@example.com","total_connections":1,"ip":"127.0.0.1"}
[2025-12-03 22:37:11] INFO: Отправка подтверждения аутентификации | Context: {"connection_id":475,"user_id":3}
[2025-12-03 22:37:11] DEBUG: Получено сообщение | Context: {"connection_id":475,"user_id":3,"type":"get_unread_counts"}
[2025-12-03 22:37:11] DEBUG: Запрос счетчиков непрочитанных | Context: {"connection_id":475,"user_id":3}
[2025-12-03 22:37:12] DEBUG: Получено сообщение | Context: {"connection_id":475,"user_id":3,"type":"mark_read"}
[2025-12-03 22:37:12] INFO: Сообщения отмечены как прочитанные | Context: {"connection_id":475,"user_id":3,"chat_type":"transaction","chat_id":1}
[2025-12-03 22:37:12] DEBUG: Обновление счетчиков непрочитанных | Context: {"user_id":3}
[2025-12-03 22:37:12] DEBUG: Получено сообщение | Context: {"connection_id":475,"user_id":3,"type":"get_unread_counts"}
[2025-12-03 22:37:12] DEBUG: Запрос счетчиков непрочитанных | Context: {"connection_id":475,"user_id":3}
[2025-12-03 22:37:12] DEBUG: Получено сообщение | Context: {"connection_id":475,"user_id":3,"type":"get_unread_counts"}
[2025-12-03 22:37:12] DEBUG: Запрос счетчиков непрочитанных | Context: {"connection_id":475,"user_id":3}
[2025-12-03 22:37:13] WARNING: Ошибки валидации входных данных | Context: {"connection_id":475,"user_id":3,"type":"confirm_transaction","errors":["Не указан chat_id или он не является числом"]}
[2025-12-03 22:37:14] DEBUG: Периодическое обновление счетчиков | Context: {"users_count":1}
[2025-12-03 22:37:14] DEBUG: Обновление счетчиков непрочитанных | Context: {"user_id":3}
[2025-12-03 22:37:17] DEBUG: Периодическое обновление счетчиков | Context: {"users_count":1}
[2025-12-03 22:37:17] DEBUG: Обновление счетчиков непрочитанных | Context: {"user_id":3}
[2025-12-03 22:37:20] DEBUG: Периодическое обновление счетчиков | Context: {"users_count":1}
[2025-12-03 22:37:20] DEBUG: Обновление счетчиков непрочитанных | Context: {"user_id":3}
[2025-12-03 22:37:23] DEBUG: Периодическое обновление счетчиков | Context: {"users_count":1}
[2025-12-03 22:37:23] DEBUG: Обновление счетчиков непрочитанных | Context: {"user_id":3}
[2025-12-03 22:37:26] DEBUG: Периодическое обновление счетчиков | Context: {"users_count":1}
[2025-12-03 22:37:26] DEBUG: Обновление счетчиков непрочитанных | Context: {"user_id":3}
[2025-12-03 22:37:29] DEBUG: Периодическое обновление счетчиков | Context: {"users_count":1}
[2025-12-03 22:37:29] DEBUG: Обновление счетчиков непрочитанных | Context: {"user_id":3}
[2025-12-03 22:37:36] INFO: WebSocket сервер инициализирован | Context: {"logging_enabled":true}
[2025-12-03 22:37:36] INFO: WebSocket сервер запущен | Context: {"ssl_enabled":true,"port":8082,"host":"xn--80af6ao.xn--p1ai","url":"wss:\/\/xn--80af6ao.xn--p1ai:8082"}
[2025-12-03 22:37:37] INFO: Новое подключение | Context: {"connection_id":68,"remote_address":"127.0.0.1"}
[2025-12-03 22:37:37] DEBUG: Получено сообщение | Context: {"connection_id":68,"user_id":null,"type":"auth"}
[2025-12-03 22:37:37] INFO: Пользователь аутентифицирован | Context: {"connection_id":68,"user_id":3,"user_email":"Admin1@example.com","total_connections":1,"ip":"127.0.0.1"}
[2025-12-03 22:37:37] INFO: Отправка подтверждения аутентификации | Context: {"connection_id":68,"user_id":3}
[2025-12-03 22:37:37] DEBUG: Получено сообщение | Context: {"connection_id":68,"user_id":3,"type":"get_unread_counts"}
[2025-12-03 22:37:37] DEBUG: Запрос счетчиков непрочитанных | Context: {"connection_id":68,"user_id":3}
[2025-12-03 22:37:39] DEBUG: Периодическое обновление счетчиков | Context: {"users_count":1}
[2025-12-03 22:37:39] DEBUG: Обновление счетчиков непрочитанных | Context: {"user_id":3}
[2025-12-03 22:37:42] DEBUG: Периодическое обновление счетчиков | Context: {"users_count":1}
[2025-12-03 22:37:42] DEBUG: Обновление счетчиков непрочитанных | Context: {"user_id":3}
[2025-12-03 22:37:43] INFO: Клиент отключился | Context: {"connection_id":68,"user_id":3,"remote_address":"127.0.0.1"}
[2025-12-03 22:37:44] INFO: Новое подключение | Context: {"connection_id":132,"remote_address":"127.0.0.1"}
[2025-12-03 22:37:44] DEBUG: Получено сообщение | Context: {"connection_id":132,"user_id":null,"type":"auth"}
[2025-12-03 22:37:44] INFO: Пользователь аутентифицирован | Context: {"connection_id":132,"user_id":3,"user_email":"Admin1@example.com","total_connections":1,"ip":"127.0.0.1"}
[2025-12-03 22:37:44] INFO: Отправка подтверждения аутентификации | Context: {"connection_id":132,"user_id":3}
[2025-12-03 22:37:44] DEBUG: Получено сообщение | Context: {"connection_id":132,"user_id":3,"type":"get_unread_counts"}
[2025-12-03 22:37:44] DEBUG: Запрос счетчиков непрочитанных | Context: {"connection_id":132,"user_id":3}
[2025-12-03 22:37:44] DEBUG: Получено сообщение | Context: {"connection_id":132,"user_id":3,"type":"mark_read"}
[2025-12-03 22:37:44] INFO: Сообщения отмечены как прочитанные | Context: {"connection_id":132,"user_id":3,"chat_type":"transaction","chat_id":1}
[2025-12-03 22:37:44] DEBUG: Обновление счетчиков непрочитанных | Context: {"user_id":3}
[2025-12-03 22:37:44] DEBUG: Получено сообщение | Context: {"connection_id":132,"user_id":3,"type":"get_unread_counts"}
[2025-12-03 22:37:44] DEBUG: Запрос счетчиков непрочитанных | Context: {"connection_id":132,"user_id":3}
[2025-12-03 22:37:44] DEBUG: Получено сообщение | Context: {"connection_id":132,"user_id":3,"type":"get_unread_counts"}
[2025-12-03 22:37:44] DEBUG: Запрос счетчиков непрочитанных | Context: {"connection_id":132,"user_id":3}
[2025-12-03 22:37:45] DEBUG: Периодическое обновление счетчиков | Context: {"users_count":1}
[2025-12-03 22:37:45] DEBUG: Обновление счетчиков непрочитанных | Context: {"user_id":3}
[2025-12-03 22:37:46] DEBUG: Получено сообщение | Context: {"connection_id":132,"user_id":3,"type":"confirm_transaction"}
[2025-12-03 22:37:46] INFO: Транзакция подтверждена через WebSocket | Context: {"connection_id":132,"user_id":3,"transaction_id":1,"seller_confirmed":true,"buyer_confirmed":false,"both_confirmed":false}
[2025-12-03 22:37:46] DEBUG: Обновление счетчиков непрочитанных | Context: {"user_id":3}
[2025-12-03 22:37:46] DEBUG: Обновление счетчиков непрочитанных | Context: {"user_id":1}
[2025-12-03 22:37:46] DEBUG: Получено сообщение | Context: {"connection_id":132,"user_id":3,"type":"get_unread_counts"}
[2025-12-03 22:37:46] DEBUG: Запрос счетчиков непрочитанных | Context: {"connection_id":132,"user_id":3}
[2025-12-03 22:37:46] DEBUG: Получено сообщение | Context: {"connection_id":132,"user_id":3,"type":"get_unread_counts"}
[2025-12-03 22:37:46] DEBUG: Запрос счетчиков непрочитанных | Context: {"connection_id":132,"user_id":3}
[2025-12-03 22:37:48] DEBUG: Периодическое обновление счетчиков | Context: {"users_count":1}
[2025-12-03 22:37:48] DEBUG: Обновление счетчиков непрочитанных | Context: {"user_id":3}
[2025-12-03 22:37:51] DEBUG: Периодическое обновление счетчиков | Context: {"users_count":1}
[2025-12-03 22:37:51] DEBUG: Обновление счетчиков непрочитанных | Context: {"user_id":3}
[2025-12-03 22:37:54] DEBUG: Периодическое обновление счетчиков | Context: {"users_count":1}
[2025-12-03 22:37:54] DEBUG: Обновление счетчиков непрочитанных | Context: {"user_id":3}
[2025-12-03 22:37:57] DEBUG: Периодическое обновление счетчиков | Context: {"users_count":1}
[2025-12-03 22:37:57] DEBUG: Обновление счетчиков непрочитанных | Context: {"user_id":3}
[2025-12-03 22:38:00] DEBUG: Периодическое обновление счетчиков | Context: {"users_count":1}
[2025-12-03 22:38:00] DEBUG: Обновление счетчиков непрочитанных | Context: {"user_id":3}
[2025-12-03 22:38:03] DEBUG: Периодическое обновление счетчиков | Context: {"users_count":1}
[2025-12-03 22:38:03] DEBUG: Обновление счетчиков непрочитанных | Context: {"user_id":3}
[2025-12-03 22:38:06] DEBUG: Периодическое обновление счетчиков | Context: {"users_count":1}
[2025-12-03 22:38:06] DEBUG: Обновление счетчиков непрочитанных | Context: {"user_id":3}
[2025-12-03 22:38:09] DEBUG: Периодическое обновление счетчиков | Context: {"users_count":1}
[2025-12-03 22:38:09] DEBUG: Обновление счетчиков непрочитанных | Context: {"user_id":3}
[2025-12-03 22:38:12] DEBUG: Периодическое обновление счетчиков | Context: {"users_count":1}
[2025-12-03 22:38:12] DEBUG: Обновление счетчиков непрочитанных | Context: {"user_id":3}
[2025-12-03 22:38:15] DEBUG: Периодическое обновление счетчиков | Context: {"users_count":1}
[2025-12-03 22:38:15] DEBUG: Обновление счетчиков непрочитанных | Context: {"user_id":3}
[2025-12-03 22:38:18] DEBUG: Периодическое обновление счетчиков | Context: {"users_count":1}
[2025-12-03 22:38:18] DEBUG: Обновление счетчиков непрочитанных | Context: {"user_id":3}
[2025-12-03 22:38:21] DEBUG: Периодическое обновление счетчиков | Context: {"users_count":1}
[2025-12-03 22:38:21] DEBUG: Обновление счетчиков непрочитанных | Context: {"user_id":3}
[2025-12-03 22:38:24] DEBUG: Периодическое обновление счетчиков | Context: {"users_count":1}
[2025-12-03 22:38:24] DEBUG: Обновление счетчиков непрочитанных | Context: {"user_id":3}
[2025-12-03 22:38:27] DEBUG: Периодическое обновление счетчиков | Context: {"users_count":1}
[2025-12-03 22:38:27] DEBUG: Обновление счетчиков непрочитанных | Context: {"user_id":3}
[2025-12-03 22:38:28] DEBUG: Получено сообщение | Context: {"connection_id":132,"user_id":3,"type":"get_unread_counts"}
[2025-12-03 22:38:28] DEBUG: Запрос счетчиков непрочитанных | Context: {"connection_id":132,"user_id":3}
[2025-12-03 22:38:28] DEBUG: Получено сообщение | Context: {"connection_id":132,"user_id":3,"type":"mark_read"}
[2025-12-03 22:38:28] INFO: Сообщения отмечены как прочитанные | Context: {"connection_id":132,"user_id":3,"chat_type":"transaction","chat_id":1}
[2025-12-03 22:38:28] DEBUG: Обновление счетчиков непрочитанных | Context: {"user_id":3}
[2025-12-03 22:38:28] DEBUG: Получено сообщение | Context: {"connection_id":132,"user_id":3,"type":"get_unread_counts"}
[2025-12-03 22:38:28] DEBUG: Запрос счетчиков непрочитанных | Context: {"connection_id":132,"user_id":3}
[2025-12-03 22:38:30] DEBUG: Периодическое обновление счетчиков | Context: {"users_count":1}
[2025-12-03 22:38:30] DEBUG: Обновление счетчиков непрочитанных | Context: {"user_id":3}
[2025-12-03 22:38:33] INFO: Клиент отключился | Context: {"connection_id":132,"user_id":3,"remote_address":"127.0.0.1"}
[2025-12-07 06:07:14] INFO: WebSocket сервер инициализирован | Context: {"logging_enabled":true}
[2025-12-07 06:07:14] INFO: WebSocket сервер запущен | Context: {"ssl_enabled":true,"port":8082,"host":"xn--80af6ao.xn--p1ai","url":"wss:\/\/xn--80af6ao.xn--p1ai:8082"}
[2025-12-09 01:39:42] INFO: WebSocket сервер инициализирован | Context: {"logging_enabled":true}
[2025-12-09 01:39:43] INFO: WebSocket сервер запущен | Context: {"ssl_enabled":true,"port":8082,"host":"xn--80af6ao.xn--p1ai","url":"wss:\/\/xn--80af6ao.xn--p1ai:8082"}
